date,revenue,units_sold,product,region
2026-02-17,45.11,1,Starter Plan,EMEA
2026-02-17,50.36,2,Add-on Seats,North America
2026-02-17,356.25,1,Enterprise Plan,North America
2026-02-17,45.87,2,Add-on Seats,EMEA
2026-02-17,688.15,2,Enterprise Plan,EMEA
2026-02-17,417.26,3,Growth Plan,North America
2026-02-17,47.81,1,Starter Plan,North America
2026-02-17,625.92,2,Enterprise Plan,North America
2026-02-17,162.9,1,Growth Plan,EMEA
2026-02-17,48.23,1,Starter Plan,EMEA
2026-02-17,94.64,2,Starter Plan,EMEA
2026-02-17,48.69,2,Add-on Seats,North America
2026-02-17,47.18,1,Starter Plan,EMEA
2026-02-17,87.62,2,Starter Plan,North America
2026-02-17,46.73,1,Starter Plan,EMEA
2026-02-17,48.64,2,Add-on Seats,North America
2026-02-17,97.48,2,Starter Plan,North America
2026-02-17,151.42,1,Growth Plan,APAC
2026-02-17,23.76,1,Add-on Seats,North America
2026-02-17,90.71,2,Starter Plan,North America
2026-02-17,143.55,1,Growth Plan,EMEA
2026-02-17,96.53,2,Starter Plan,EMEA
2026-02-17,25.23,1,Add-on Seats,North America
2026-02-17,24.53,1,Add-on Seats,EMEA
2026-02-17,48.87,1,Starter Plan,EMEA
2026-02-17,49.43,1,Starter Plan,APAC
2026-02-17,55.44,2,Add-on Seats,EMEA
2026-02-17,282.71,2,Growth Plan,North America
2026-02-17,149.89,1,Growth Plan,North America
2026-02-17,90.33,2,Starter Plan,North America
2026-02-18,102.16,2,Starter Plan,EMEA
2026-02-18,129.77,1,Growth Plan,EMEA
2026-02-18,45.55,2,Add-on Seats,APAC
2026-02-18,49.09,1,Starter Plan,North America
2026-02-18,50.16,1,Starter Plan,EMEA
2026-02-18,651.75,2,Enterprise Plan,North America
2026-02-18,275.18,2,Growth Plan,EMEA
2026-02-18,89.05,2,Starter Plan,North America
2026-02-18,114.19,2,Starter Plan,North America
2026-02-18,25.04,1,Add-on Seats,EMEA
2026-02-18,695.32,2,Enterprise Plan,North America
2026-02-18,698.74,2,Enterprise Plan,North America
2026-02-18,110.55,1,Growth Plan,North America
2026-02-18,287.94,2,Growth Plan,APAC
2026-02-18,355.44,1,Enterprise Plan,North America
2026-02-18,365.14,1,Enterprise Plan,North America
2026-02-18,678.93,2,Enterprise Plan,EMEA
2026-02-18,107.52,2,Starter Plan,North America
2026-02-18,81.54,2,Starter Plan,EMEA
2026-02-18,91.63,2,Starter Plan,North America
2026-02-18,132.9,1,Growth Plan,North America
2026-02-18,147.5,1,Growth Plan,APAC
2026-02-18,148.8,1,Growth Plan,EMEA
2026-02-18,27.59,1,Add-on Seats,North America
2026-02-18,47.35,2,Add-on Seats,EMEA
2026-02-18,54.05,1,Starter Plan,North America
2026-02-18,55.64,1,Starter Plan,North America
2026-02-18,55.78,2,Add-on Seats,APAC
2026-02-18,300.67,1,Enterprise Plan,EMEA
2026-02-18,280.84,2,Growth Plan,North America
2026-02-18,136.17,1,Growth Plan,North America
2026-02-18,50.28,1,Starter Plan,EMEA
2026-02-18,156.95,1,Growth Plan,APAC
2026-02-19,658.61,2,Enterprise Plan,North America
2026-02-19,96.07,2,Starter Plan,North America
2026-02-19,137.92,1,Growth Plan,EMEA
2026-02-19,48.47,1,Starter Plan,APAC
2026-02-19,44.91,1,Starter Plan,North America
2026-02-19,49.44,1,Starter Plan,North America
2026-02-19,74.23,3,Add-on Seats,APAC
2026-02-19,85.99,2,Starter Plan,North America
2026-02-19,45.9,1,Starter Plan,North America
2026-02-19,356.96,1,Enterprise Plan,North America
2026-02-19,336.2,2,Growth Plan,EMEA
2026-02-19,290.25,2,Growth Plan,EMEA
2026-02-19,713.98,2,Enterprise Plan,APAC
2026-02-19,142.22,1,Growth Plan,North America
2026-02-19,291.36,2,Growth Plan,APAC
2026-02-19,46.08,2,Add-on Seats,North America
2026-02-19,269.19,2,Growth Plan,APAC
2026-02-19,170.47,1,Growth Plan,APAC
2026-02-19,723.14,2,Enterprise Plan,EMEA
2026-02-19,49.42,1,Starter Plan,EMEA
2026-02-19,53.96,1,Starter Plan,North America
2026-02-19,94.17,2,Starter Plan,APAC
2026-02-19,756.03,2,Enterprise Plan,EMEA
2026-02-19,786.77,2,Enterprise Plan,North America
2026-02-19,49.6,1,Starter Plan,North America
2026-02-20,299.35,2,Growth Plan,EMEA
2026-02-20,109.44,2,Starter Plan,APAC
2026-02-20,28.23,1,Add-on Seats,EMEA
2026-02-20,284.86,2,Growth Plan,North America
2026-02-20,49.22,1,Starter Plan,EMEA
2026-02-20,140.3,1,Growth Plan,North America
2026-02-20,144.21,1,Growth Plan,EMEA
2026-02-20,270.39,2,Growth Plan,EMEA
2026-02-20,25.54,1,Add-on Seats,North America
2026-02-20,423.33,1,Enterprise Plan,EMEA
2026-02-20,311.63,2,Growth Plan,APAC
2026-02-20,330.68,1,Enterprise Plan,APAC
2026-02-20,25.56,1,Add-on Seats,North America
2026-02-20,51.27,2,Add-on Seats,North America
2026-02-20,156.29,1,Growth Plan,EMEA
2026-02-20,85.49,2,Starter Plan,APAC
2026-02-20,145.78,1,Growth Plan,North America
2026-02-20,150.8,3,Starter Plan,North America
2026-02-20,26.93,1,Add-on Seats,APAC
2026-02-20,383.22,1,Enterprise Plan,APAC
2026-02-20,366.39,1,Enterprise Plan,EMEA
2026-02-20,44.27,1,Starter Plan,EMEA
2026-02-20,25.64,1,Add-on Seats,North America
2026-02-20,148.12,1,Growth Plan,North America
2026-02-21,153.6,1,Growth Plan,North America
2026-02-21,22.47,1,Add-on Seats,North America
2026-02-21,44.25,1,Starter Plan,EMEA
2026-02-21,114.22,2,Starter Plan,North America
2026-02-21,22.83,1,Add-on Seats,North America
2026-02-21,157.0,1,Growth Plan,EMEA
2026-02-21,363.59,1,Enterprise Plan,EMEA
2026-02-21,264.56,2,Growth Plan,North America
2026-02-21,301.88,1,Enterprise Plan,APAC
2026-02-21,49.39,1,Starter Plan,EMEA
2026-02-21,93.1,2,Starter Plan,North America
2026-02-22,148.2,1,Growth Plan,EMEA
2026-02-22,50.67,1,Starter Plan,EMEA
2026-02-22,49.45,1,Starter Plan,North America
2026-02-22,23.79,1,Add-on Seats,North America
2026-02-22,150.05,1,Growth Plan,North America
2026-02-22,140.55,1,Growth Plan,APAC
2026-02-22,326.18,1,Enterprise Plan,EMEA
2026-02-22,150.6,1,Growth Plan,North America
2026-02-23,495.72,3,Growth Plan,North America
2026-02-23,86.1,2,Starter Plan,North America
2026-02-23,290.81,1,Enterprise Plan,North America
2026-02-23,48.39,2,Add-on Seats,North America
2026-02-23,25.16,1,Add-on Seats,North America
2026-02-23,679.02,2,Enterprise Plan,North America
2026-02-23,46.41,1,Starter Plan,North America
2026-02-23,302.23,2,Growth Plan,EMEA
2026-02-23,349.19,1,Enterprise Plan,EMEA
2026-02-23,328.84,1,Enterprise Plan,APAC
2026-02-23,164.07,1,Growth Plan,North America
2026-02-23,53.92,1,Starter Plan,North America
2026-02-23,22.08,1,Add-on Seats,North America
2026-02-23,448.66,3,Growth Plan,EMEA
2026-02-23,102.8,2,Starter Plan,North America
2026-02-23,88.93,2,Starter Plan,EMEA
2026-02-23,732.1,2,Enterprise Plan,EMEA
2026-02-23,49.59,1,Starter Plan,EMEA
2026-02-23,48.33,1,Starter Plan,North America
2026-02-23,50.18,1,Starter Plan,APAC
2026-02-23,98.5,2,Starter Plan,North America
2026-02-23,51.65,1,Starter Plan,EMEA
2026-02-23,48.18,2,Add-on Seats,North America
2026-02-23,50.18,1,Starter Plan,North America
2026-02-23,766.95,2,Enterprise Plan,EMEA
2026-02-23,98.46,2,Starter Plan,APAC
2026-02-23,22.78,1,Add-on Seats,APAC
2026-02-23,362.51,1,Enterprise Plan,EMEA
2026-02-23,48.85,1,Starter Plan,EMEA
2026-02-23,721.37,2,Enterprise Plan,APAC
2026-02-24,52.5,1,Starter Plan,North America
2026-02-24,97.18,2,Starter Plan,APAC
2026-02-24,24.81,1,Add-on Seats,North America
2026-02-24,166.69,1,Growth Plan,North America
2026-02-24,44.81,2,Add-on Seats,North America
2026-02-24,24.46,1,Add-on Seats,North America
2026-02-24,151.01,1,Growth Plan,EMEA
2026-02-24,49.83,1,Starter Plan,North America
2026-02-24,156.64,3,Starter Plan,EMEA
2026-02-24,456.52,3,Growth Plan,North America
2026-02-24,320.11,2,Growth Plan,North America
2026-02-24,161.32,3,Starter Plan,North America
2026-02-24,117.8,2,Starter Plan,APAC
2026-02-24,265.01,2,Growth Plan,APAC
2026-02-24,142.91,1,Growth Plan,North America
2026-02-24,24.75,1,Add-on Seats,EMEA
2026-02-24,318.84,2,Growth Plan,North America
2026-02-24,159.98,1,Growth Plan,North America
2026-02-24,103.51,2,Starter Plan,EMEA
2026-02-24,112.16,2,Starter Plan,APAC
2026-02-24,107.23,2,Starter Plan,North America
2026-02-24,50.24,1,Starter Plan,APAC
2026-02-24,447.17,3,Growth Plan,North America
2026-02-25,403.39,1,Enterprise Plan,North America
2026-02-25,49.43,1,Starter Plan,APAC
2026-02-25,307.2,2,Growth Plan,North America
2026-02-25,48.96,1,Starter Plan,EMEA
2026-02-25,737.77,2,Enterprise Plan,North America
2026-02-25,95.04,2,Starter Plan,EMEA
2026-02-25,745.24,2,Enterprise Plan,EMEA
2026-02-25,95.54,2,Starter Plan,North America
2026-02-25,25.5,1,Add-on Seats,North America
2026-02-25,21.26,1,Add-on Seats,North America
2026-02-25,50.35,2,Add-on Seats,APAC
2026-02-25,164.24,1,Growth Plan,North America
2026-02-25,128.22,1,Growth Plan,North America
2026-02-25,142.08,1,Growth Plan,EMEA
2026-02-25,22.42,1,Add-on Seats,APAC
2026-02-25,26.45,1,Add-on Seats,APAC
2026-02-25,50.46,1,Starter Plan,EMEA
2026-02-25,24.79,1,Add-on Seats,North America
2026-02-25,52.22,1,Starter Plan,EMEA
2026-02-25,27.43,1,Add-on Seats,EMEA
2026-02-25,55.87,1,Starter Plan,EMEA
2026-02-25,43.13,2,Add-on Seats,North America
2026-02-25,94.75,2,Starter Plan,North America
2026-02-25,297.48,1,Enterprise Plan,EMEA
2026-02-25,26.32,1,Add-on Seats,North America
2026-02-25,53.59,2,Add-on Seats,North America
2026-02-25,97.83,2,Starter Plan,EMEA
2026-02-26,308.41,2,Growth Plan,APAC
2026-02-26,157.06,1,Growth Plan,North America
2026-02-26,295.01,2,Growth Plan,North America
2026-02-26,22.96,1,Add-on Seats,North America
2026-02-26,98.93,2,Starter Plan,APAC
2026-02-26,294.28,2,Growth Plan,EMEA
2026-02-26,54.12,2,Add-on Seats,North America
2026-02-26,53.25,2,Add-on Seats,North America
2026-02-26,48.49,2,Add-on Seats,EMEA
2026-02-26,165.62,1,Growth Plan,North America
2026-02-26,60.73,2,Add-on Seats,North America
2026-02-26,289.83,2,Growth Plan,APAC
2026-02-26,53.75,1,Starter Plan,APAC
2026-02-26,154.2,1,Growth Plan,APAC
2026-02-26,106.43,2,Starter Plan,North America
2026-02-26,817.74,2,Enterprise Plan,EMEA
2026-02-26,117.3,2,Starter Plan,APAC
2026-02-26,313.19,2,Growth Plan,North America
2026-02-26,49.1,1,Starter Plan,North America
2026-02-26,26.29,1,Add-on Seats,APAC
2026-02-26,428.88,1,Enterprise Plan,North America
2026-02-26,96.6,2,Starter Plan,North America
2026-02-26,654.22,2,Enterprise Plan,APAC
2026-02-27,473.05,3,Growth Plan,North America
2026-02-27,347.73,1,Enterprise Plan,North America
2026-02-27,299.27,2,Growth Plan,North America
2026-02-27,51.86,1,Starter Plan,North America
2026-02-27,51.9,2,Add-on Seats,North America
2026-02-27,42.14,1,Starter Plan,North America
2026-02-27,52.99,1,Starter Plan,North America
2026-02-27,50.12,1,Starter Plan,EMEA
2026-02-27,157.53,1,Growth Plan,North America
2026-02-27,163.33,1,Growth Plan,North America
2026-02-27,26.25,1,Add-on Seats,North America
2026-02-27,54.5,1,Starter Plan,North America
2026-02-27,165.67,1,Growth Plan,APAC
2026-02-27,99.97,2,Starter Plan,EMEA
2026-02-27,292.42,2,Growth Plan,EMEA
2026-02-27,25.19,1,Add-on Seats,APAC
2026-02-27,429.08,3,Growth Plan,North America
2026-02-27,171.64,3,Starter Plan,APAC
2026-02-27,107.85,2,Starter Plan,EMEA
2026-02-27,322.28,2,Growth Plan,EMEA
2026-02-27,160.9,1,Growth Plan,North America
2026-02-27,23.87,1,Add-on Seats,APAC
2026-02-27,22.47,1,Add-on Seats,North America
2026-02-27,54.64,2,Add-on Seats,EMEA
2026-02-28,23.48,1,Add-on Seats,North America
2026-02-28,680.18,2,Enterprise Plan,EMEA
2026-02-28,93.63,2,Starter Plan,North America
2026-02-28,50.5,1,Starter Plan,APAC
2026-02-28,103.19,2,Starter Plan,EMEA
2026-02-28,50.05,1,Starter Plan,APAC
2026-02-28,52.44,1,Starter Plan,North America
2026-02-28,24.32,1,Add-on Seats,North America
2026-02-28,328.35,2,Growth Plan,EMEA
2026-02-28,54.55,1,Starter Plan,North America
2026-02-28,502.86,3,Growth Plan,EMEA
2026-02-28,352.01,1,Enterprise Plan,North America
2026-02-28,54.01,1,Starter Plan,North America
2026-03-01,42.5,1,Starter Plan,APAC
2026-03-01,51.68,2,Add-on Seats,North America
2026-03-01,644.09,2,Enterprise Plan,APAC
2026-03-01,168.03,1,Growth Plan,North America
2026-03-01,24.82,1,Add-on Seats,North America
2026-03-01,51.91,2,Add-on Seats,North America
2026-03-01,27.99,1,Add-on Seats,EMEA
2026-03-01,45.76,1,Starter Plan,North America
2026-03-01,24.7,1,Add-on Seats,EMEA
2026-03-01,26.29,1,Add-on Seats,North America
2026-03-01,658.7,2,Enterprise Plan,EMEA
2026-03-02,326.97,1,Enterprise Plan,EMEA
2026-03-02,51.47,2,Add-on Seats,North America
2026-03-02,302.65,2,Growth Plan,APAC
2026-03-02,153.98,1,Growth Plan,North America
2026-03-02,27.26,1,Add-on Seats,North America
2026-03-02,325.21,2,Growth Plan,EMEA
2026-03-02,793.36,2,Enterprise Plan,EMEA
2026-03-02,89.1,2,Starter Plan,North America
2026-03-02,387.96,1,Enterprise Plan,North America
2026-03-02,47.15,1,Starter Plan,APAC
2026-03-02,25.2,1,Add-on Seats,North America
2026-03-02,26.34,1,Add-on Seats,North America
2026-03-02,43.14,1,Starter Plan,North America
2026-03-02,388.33,1,Enterprise Plan,APAC
2026-03-02,100.36,2,Starter Plan,North America
2026-03-02,47.88,2,Add-on Seats,North America
2026-03-02,72.42,3,Add-on Seats,North America
2026-03-02,334.62,2,Growth Plan,North America
2026-03-02,142.94,1,Growth Plan,North America
2026-03-02,324.0,2,Growth Plan,EMEA
2026-03-02,151.29,1,Growth Plan,North America
2026-03-02,83.76,2,Starter Plan,North America
2026-03-02,24.23,1,Add-on Seats,North America
2026-03-02,51.69,1,Starter Plan,EMEA
2026-03-02,149.78,1,Growth Plan,North America
2026-03-03,96.9,2,Starter Plan,EMEA
2026-03-03,47.83,1,Starter Plan,EMEA
2026-03-03,103.91,2,Starter Plan,North America
2026-03-03,153.07,3,Starter Plan,North America
2026-03-03,123.82,2,Starter Plan,APAC
2026-03-03,158.25,1,Growth Plan,APAC
2026-03-03,290.73,2,Growth Plan,EMEA
2026-03-03,45.58,1,Starter Plan,EMEA
2026-03-03,138.11,1,Growth Plan,APAC
2026-03-03,308.16,2,Growth Plan,EMEA
2026-03-03,93.79,2,Starter Plan,North America
2026-03-03,694.36,2,Enterprise Plan,North America
2026-03-03,51.96,1,Starter Plan,North America
2026-03-03,398.3,1,Enterprise Plan,North America
2026-03-03,307.05,2,Growth Plan,EMEA
2026-03-03,146.43,1,Growth Plan,North America
2026-03-03,111.52,2,Starter Plan,North America
2026-03-03,75.1,3,Add-on Seats,North America
2026-03-03,367.75,1,Enterprise Plan,North America
2026-03-03,719.72,2,Enterprise Plan,APAC
2026-03-03,49.01,2,Add-on Seats,EMEA
2026-03-03,798.65,2,Enterprise Plan,EMEA
2026-03-03,27.03,1,Add-on Seats,EMEA
2026-03-03,110.45,2,Starter Plan,EMEA
2026-03-03,140.19,1,Growth Plan,EMEA
2026-03-03,101.38,2,Starter Plan,APAC
2026-03-04,143.5,1,Growth Plan,EMEA
2026-03-04,50.69,2,Add-on Seats,EMEA
2026-03-04,96.23,2,Starter Plan,North America
2026-03-04,107.04,2,Starter Plan,EMEA
2026-03-04,49.24,1,Starter Plan,North America
2026-03-04,51.46,1,Starter Plan,North America
2026-03-04,50.63,2,Add-on Seats,EMEA
2026-03-04,158.43,1,Growth Plan,North America
2026-03-04,47.78,2,Add-on Seats,North America
2026-03-04,139.86,1,Growth Plan,EMEA
2026-03-04,89.97,2,Starter Plan,EMEA
2026-03-04,340.2,2,Growth Plan,North America
2026-03-04,94.38,2,Starter Plan,EMEA
2026-03-04,353.41,1,Enterprise Plan,North America
2026-03-04,96.72,2,Starter Plan,North America
2026-03-04,95.94,2,Starter Plan,APAC
2026-03-04,106.75,2,Starter Plan,EMEA
2026-03-04,291.05,2,Growth Plan,North America
2026-03-04,25.46,1,Add-on Seats,North America
2026-03-04,146.77,1,Growth Plan,North America
2026-03-04,176.43,1,Growth Plan,North America
2026-03-04,373.3,1,Enterprise Plan,North America
2026-03-04,49.7,2,Add-on Seats,North America
2026-03-04,349.66,2,Growth Plan,APAC
2026-03-04,161.85,1,Growth Plan,EMEA
2026-03-04,659.53,2,Enterprise Plan,North America
2026-03-04,62.59,1,Starter Plan,North America
2026-03-04,29.1,1,Add-on Seats,North America
2026-03-04,46.13,1,Starter Plan,APAC
2026-03-04,26.23,1,Add-on Seats,North America
2026-03-04,179.18,1,Growth Plan,APAC
2026-03-04,391.37,1,Enterprise Plan,EMEA
2026-03-05,335.33,2,Growth Plan,APAC
2026-03-05,27.55,1,Add-on Seats,APAC
2026-03-05,141.97,1,Growth Plan,North America
2026-03-05,46.72,1,Starter Plan,North America
2026-03-05,105.08,2,Starter Plan,EMEA
2026-03-05,347.17,1,Enterprise Plan,APAC
2026-03-05,175.41,1,Growth Plan,North America
2026-03-05,307.73,2,Growth Plan,North America
2026-03-05,138.96,1,Growth Plan,North America
2026-03-05,802.08,2,Enterprise Plan,North America
2026-03-05,1153.59,3,Enterprise Plan,EMEA
2026-03-05,50.45,1,Starter Plan,North America
2026-03-05,423.43,3,Growth Plan,North America
2026-03-05,717.24,2,Enterprise Plan,North America
2026-03-05,677.7,2,Enterprise Plan,EMEA
2026-03-05,927.9,3,Enterprise Plan,APAC
2026-03-05,173.14,1,Growth Plan,APAC
2026-03-05,377.36,2,Growth Plan,North America
2026-03-05,47.67,1,Starter Plan,North America
2026-03-05,705.75,2,Enterprise Plan,EMEA
2026-03-05,758.59,2,Enterprise Plan,EMEA
2026-03-05,305.06,2,Growth Plan,APAC
2026-03-05,24.02,1,Add-on Seats,EMEA
2026-03-05,343.11,2,Growth Plan,North America
2026-03-05,48.35,1,Starter Plan,APAC
2026-03-05,322.77,2,Growth Plan,EMEA
2026-03-05,55.33,2,Add-on Seats,North America
2026-03-05,53.98,2,Add-on Seats,North America
2026-03-05,55.99,1,Starter Plan,North America
2026-03-06,163.4,1,Growth Plan,North America
2026-03-06,57.57,1,Starter Plan,North America
2026-03-06,645.24,2,Enterprise Plan,North America
2026-03-06,151.97,1,Growth Plan,North America
2026-03-06,53.35,1,Starter Plan,North America
2026-03-06,46.57,1,Starter Plan,North America
2026-03-06,24.25,1,Add-on Seats,APAC
2026-03-06,256.99,2,Growth Plan,North America
2026-03-06,750.99,2,Enterprise Plan,North America
2026-03-06,343.16,2,Growth Plan,APAC
2026-03-06,103.34,2,Starter Plan,APAC
2026-03-06,47.89,1,Starter Plan,APAC
2026-03-06,46.86,2,Add-on Seats,APAC
2026-03-06,51.68,1,Starter Plan,North America
2026-03-06,98.65,2,Starter Plan,North America
2026-03-06,52.51,1,Starter Plan,APAC
2026-03-06,50.06,1,Starter Plan,EMEA
2026-03-06,54.93,1,Starter Plan,North America
2026-03-06,153.19,1,Growth Plan,North America
2026-03-06,164.15,1,Growth Plan,North America
2026-03-06,96.78,2,Starter Plan,North America
2026-03-06,47.82,1,Starter Plan,EMEA
2026-03-06,47.78,1,Starter Plan,EMEA
2026-03-06,158.01,3,Starter Plan,North America
2026-03-06,322.34,2,Growth Plan,North America
2026-03-06,25.73,1,Add-on Seats,North America
2026-03-06,94.04,2,Starter Plan,North America
2026-03-06,452.79,3,Growth Plan,North America
2026-03-06,384.66,1,Enterprise Plan,EMEA
2026-03-06,114.51,2,Starter Plan,North America
2026-03-06,154.45,1,Growth Plan,North America
2026-03-06,47.46,1,Starter Plan,North America
2026-03-07,117.73,2,Starter Plan,North America
2026-03-07,52.67,1,Starter Plan,North America
2026-03-07,741.11,2,Enterprise Plan,EMEA
2026-03-07,58.28,2,Add-on Seats,APAC
2026-03-07,60.83,1,Starter Plan,APAC
2026-03-07,48.9,1,Starter Plan,EMEA
2026-03-07,333.47,2,Growth Plan,North America
2026-03-07,145.66,3,Starter Plan,North America
2026-03-07,152.99,1,Growth Plan,EMEA
2026-03-07,386.74,1,Enterprise Plan,APAC
2026-03-07,45.75,1,Starter Plan,North America
2026-03-08,316.48,2,Growth Plan,EMEA
2026-03-08,24.95,1,Add-on Seats,EMEA
2026-03-08,160.72,1,Growth Plan,APAC
2026-03-08,44.04,2,Add-on Seats,North America
2026-03-08,52.31,1,Starter Plan,APAC
2026-03-08,171.02,1,Growth Plan,EMEA
2026-03-08,484.2,3,Growth Plan,EMEA
2026-03-08,49.43,2,Add-on Seats,North America
2026-03-08,23.53,1,Add-on Seats,APAC
2026-03-08,73.52,3,Add-on Seats,North America
2026-03-08,165.37,1,Growth Plan,North America
2026-03-08,84.21,2,Starter Plan,APAC
2026-03-08,28.48,1,Add-on Seats,North America
2026-03-08,47.66,1,Starter Plan,APAC
2026-03-08,336.24,2,Growth Plan,EMEA
2026-03-08,50.72,2,Add-on Seats,APAC
2026-03-09,166.01,1,Growth Plan,EMEA
2026-03-09,51.48,1,Starter Plan,North America
2026-03-09,179.26,1,Growth Plan,APAC
2026-03-09,152.92,1,Growth Plan,North America
2026-03-09,25.65,1,Add-on Seats,APAC
2026-03-09,383.98,1,Enterprise Plan,North America
2026-03-09,152.02,1,Growth Plan,APAC
2026-03-09,94.41,2,Starter Plan,North America
2026-03-09,53.25,1,Starter Plan,North America
2026-03-09,321.81,2,Growth Plan,North America
2026-03-09,97.33,2,Starter Plan,North America
2026-03-09,137.35,1,Growth Plan,EMEA
2026-03-09,55.51,1,Starter Plan,EMEA
2026-03-09,335.02,2,Growth Plan,EMEA
2026-03-09,58.73,2,Add-on Seats,North America
2026-03-09,24.19,1,Add-on Seats,North America
2026-03-09,1133.72,3,Enterprise Plan,North America
2026-03-09,57.07,2,Add-on Seats,North America
2026-03-09,25.19,1,Add-on Seats,North America
2026-03-09,171.66,3,Starter Plan,EMEA
2026-03-09,47.23,1,Starter Plan,North America
2026-03-09,103.54,2,Starter Plan,EMEA
2026-03-09,327.23,2,Growth Plan,North America
2026-03-09,111.64,2,Starter Plan,APAC
2026-03-09,28.47,1,Add-on Seats,North America
2026-03-09,77.21,3,Add-on Seats,EMEA
2026-03-09,112.23,2,Starter Plan,North America
2026-03-09,161.71,1,Growth Plan,North America
2026-03-09,386.17,1,Enterprise Plan,APAC
2026-03-09,153.96,1,Growth Plan,EMEA
2026-03-09,50.92,2,Add-on Seats,North America
2026-03-09,101.45,2,Starter Plan,North America
2026-03-09,28.74,1,Add-on Seats,APAC
2026-03-09,30.94,1,Add-on Seats,EMEA
2026-03-09,161.57,1,Growth Plan,EMEA
2026-03-10,824.8,2,Enterprise Plan,APAC
2026-03-10,50.8,1,Starter Plan,APAC
2026-03-10,824.48,2,Enterprise Plan,APAC
2026-03-10,48.79,1,Starter Plan,EMEA
2026-03-10,159.09,1,Growth Plan,North America
2026-03-10,758.56,2,Enterprise Plan,North America
2026-03-10,55.46,2,Add-on Seats,EMEA
2026-03-10,840.93,2,Enterprise Plan,EMEA
2026-03-10,93.34,2,Starter Plan,North America
2026-03-10,445.43,3,Growth Plan,EMEA
2026-03-10,181.86,1,Growth Plan,APAC
2026-03-10,84.83,3,Add-on Seats,APAC
2026-03-10,46.12,1,Starter Plan,EMEA
2026-03-10,162.57,1,Growth Plan,EMEA
2026-03-10,376.44,1,Enterprise Plan,North America
2026-03-10,105.01,2,Starter Plan,North America
2026-03-10,846.82,2,Enterprise Plan,EMEA
2026-03-10,46.54,1,Starter Plan,North America
2026-03-10,1116.72,3,Enterprise Plan,North America
2026-03-10,93.3,2,Starter Plan,APAC
2026-03-10,296.37,2,Growth Plan,EMEA
2026-03-10,25.4,1,Add-on Seats,APAC
2026-03-10,311.21,2,Growth Plan,North America
2026-03-10,752.63,2,Enterprise Plan,North America
2026-03-10,117.93,2,Starter Plan,APAC
2026-03-10,51.07,1,Starter Plan,EMEA
2026-03-10,397.15,1,Enterprise Plan,EMEA
2026-03-10,379.72,1,Enterprise Plan,North America
2026-03-10,90.29,2,Starter Plan,North America
2026-03-11,57.33,1,Starter Plan,North America
2026-03-11,55.43,2,Add-on Seats,APAC
2026-03-11,111.12,2,Starter Plan,North America
2026-03-11,44.22,1,Starter Plan,EMEA
2026-03-11,172.61,1,Growth Plan,APAC
2026-03-11,49.04,1,Starter Plan,APAC
2026-03-11,158.18,1,Growth Plan,North America
2026-03-11,48.28,1,Starter Plan,North America
2026-03-11,101.38,2,Starter Plan,EMEA
2026-03-11,91.74,2,Starter Plan,North America
2026-03-11,49.07,2,Add-on Seats,North America
2026-03-11,103.21,2,Starter Plan,EMEA
2026-03-11,778.85,2,Enterprise Plan,EMEA
2026-03-11,454.64,3,Growth Plan,North America
2026-03-11,52.16,1,Starter Plan,APAC
2026-03-11,305.7,2,Growth Plan,North America
2026-03-11,377.28,1,Enterprise Plan,EMEA
2026-03-11,56.21,2,Add-on Seats,APAC
2026-03-11,96.24,2,Starter Plan,APAC
2026-03-11,173.46,1,Growth Plan,North America
2026-03-11,316.94,2,Growth Plan,North America
2026-03-11,56.32,1,Starter Plan,North America
2026-03-12,348.49,1,Enterprise Plan,North America
2026-03-12,45.47,1,Starter Plan,EMEA
2026-03-12,164.53,3,Starter Plan,EMEA
2026-03-12,27.2,1,Add-on Seats,North America
2026-03-12,51.83,2,Add-on Seats,EMEA
2026-03-12,55.4,1,Starter Plan,EMEA
2026-03-12,312.68,2,Growth Plan,EMEA
2026-03-12,109.65,2,Starter Plan,EMEA
2026-03-12,25.72,1,Add-on Seats,APAC
2026-03-12,59.81,2,Add-on Seats,North America
2026-03-12,801.81,2,Enterprise Plan,North America
2026-03-12,56.39,1,Starter Plan,North America
2026-03-12,358.59,1,Enterprise Plan,North America
2026-03-12,826.75,2,Enterprise Plan,APAC
2026-03-12,182.44,1,Growth Plan,North America
2026-03-12,29.15,1,Add-on Seats,North America
2026-03-12,98.55,2,Starter Plan,APAC
2026-03-12,291.02,2,Growth Plan,North America
2026-03-12,385.28,1,Enterprise Plan,EMEA
2026-03-12,323.41,2,Growth Plan,APAC
2026-03-12,149.76,1,Growth Plan,APAC
2026-03-12,52.39,1,Starter Plan,North America
2026-03-12,751.67,2,Enterprise Plan,North America
2026-03-12,29.74,1,Add-on Seats,North America
2026-03-12,658.93,2,Enterprise Plan,APAC
2026-03-12,400.02,1,Enterprise Plan,North America
2026-03-12,366.59,1,Enterprise Plan,North America
2026-03-12,107.03,2,Starter Plan,APAC
2026-03-13,30.12,1,Add-on Seats,APAC
2026-03-13,161.13,1,Growth Plan,North America
2026-03-13,54.44,1,Starter Plan,North America
2026-03-13,102.08,2,Starter Plan,EMEA
2026-03-13,310.96,2,Growth Plan,North America
2026-03-13,399.25,1,Enterprise Plan,APAC
2026-03-13,27.91,1,Add-on Seats,North America
2026-03-13,306.92,2,Growth Plan,APAC
2026-03-13,161.06,1,Growth Plan,North America
2026-03-13,54.54,1,Starter Plan,APAC
2026-03-13,107.69,2,Starter Plan,North America
2026-03-13,354.68,2,Growth Plan,APAC
2026-03-13,645.9,2,Enterprise Plan,EMEA
2026-03-13,109.65,2,Starter Plan,North America
2026-03-13,337.06,1,Enterprise Plan,EMEA
2026-03-13,389.81,2,Growth Plan,North America
2026-03-13,25.03,1,Add-on Seats,EMEA
2026-03-13,303.71,2,Growth Plan,North America
2026-03-13,105.31,2,Starter Plan,APAC
2026-03-13,106.82,2,Starter Plan,North America
2026-03-13,49.97,1,Starter Plan,North America
2026-03-13,104.4,2,Starter Plan,EMEA
2026-03-13,115.05,1,Growth Plan,North America
2026-03-13,50.46,2,Add-on Seats,North America
2026-03-13,51.05,1,Starter Plan,EMEA
2026-03-13,307.71,2,Growth Plan,APAC
2026-03-13,103.1,2,Starter Plan,APAC
2026-03-13,327.83,2,Growth Plan,North America
2026-03-13,362.5,1,Enterprise Plan,EMEA
2026-03-13,103.11,2,Starter Plan,EMEA
2026-03-14,323.8,2,Growth Plan,North America
2026-03-14,168.12,1,Growth Plan,North America
2026-03-14,133.52,1,Growth Plan,APAC
2026-03-14,103.82,2,Starter Plan,North America
2026-03-14,180.75,3,Starter Plan,North America
2026-03-14,28.4,1,Add-on Seats,APAC
2026-03-14,713.04,2,Enterprise Plan,EMEA
2026-03-14,149.44,1,Growth Plan,North America
2026-03-14,348.88,2,Growth Plan,EMEA
2026-03-15,279.42,2,Growth Plan,North America
2026-03-15,148.46,1,Growth Plan,APAC
2026-03-15,106.07,2,Starter Plan,North America
2026-03-15,113.61,2,Starter Plan,North America
2026-03-15,775.96,2,Enterprise Plan,North America
2026-03-15,29.67,1,Add-on Seats,EMEA
2026-03-15,53.36,2,Add-on Seats,EMEA
2026-03-15,50.2,1,Starter Plan,North America
2026-03-15,53.31,2,Add-on Seats,EMEA
2026-03-15,52.12,1,Starter Plan,EMEA
2026-03-15,50.53,2,Add-on Seats,EMEA
2026-03-15,307.47,2,Growth Plan,APAC
2026-03-16,59.46,1,Starter Plan,North America
2026-03-16,107.81,2,Starter Plan,APAC
2026-03-16,414.36,1,Enterprise Plan,EMEA
2026-03-16,56.89,1,Starter Plan,EMEA
2026-03-16,164.81,1,Growth Plan,North America
2026-03-16,51.18,1,Starter Plan,North America
2026-03-16,52.01,2,Add-on Seats,North America
2026-03-16,989.12,3,Enterprise Plan,North America
2026-03-16,26.53,1,Add-on Seats,EMEA
2026-03-16,61.02,2,Add-on Seats,North America
2026-03-16,51.37,1,Starter Plan,North America
2026-03-16,27.02,1,Add-on Seats,North America
2026-03-16,396.36,1,Enterprise Plan,APAC
2026-03-16,56.85,2,Add-on Seats,North America
2026-03-16,54.47,1,Starter Plan,North America
2026-03-16,57.33,1,Starter Plan,EMEA
2026-03-16,51.55,2,Add-on Seats,EMEA
2026-03-16,51.3,2,Add-on Seats,EMEA
2026-03-16,153.77,1,Growth Plan,APAC
2026-03-16,308.2,2,Growth Plan,EMEA
2026-03-16,53.64,1,Starter Plan,North America
2026-03-16,320.77,2,Growth Plan,North America
2026-03-16,25.57,1,Add-on Seats,APAC
2026-03-17,51.93,1,Starter Plan,North America
2026-03-17,654.94,2,Enterprise Plan,EMEA
2026-03-17,167.63,1,Growth Plan,North America
2026-03-17,85.86,3,Add-on Seats,EMEA
2026-03-17,24.65,1,Add-on Seats,North America
2026-03-17,27.92,1,Add-on Seats,APAC
2026-03-17,308.38,2,Growth Plan,North America
2026-03-17,173.58,3,Starter Plan,North America
2026-03-17,45.83,2,Add-on Seats,North America
2026-03-17,722.74,2,Enterprise Plan,North America
2026-03-17,185.02,1,Growth Plan,APAC
2026-03-17,26.67,1,Add-on Seats,EMEA
2026-03-17,52.42,2,Add-on Seats,North America
2026-03-17,681.94,2,Enterprise Plan,APAC
2026-03-17,303.5,2,Growth Plan,North America
2026-03-17,27.2,1,Add-on Seats,North America
2026-03-17,118.08,2,Starter Plan,EMEA
2026-03-17,825.57,2,Enterprise Plan,EMEA
2026-03-17,111.66,2,Starter Plan,North America
2026-03-17,98.48,2,Starter Plan,North America
2026-03-17,375.65,2,Growth Plan,North America
2026-03-17,48.71,2,Add-on Seats,APAC
2026-03-17,159.9,1,Growth Plan,North America
2026-03-17,54.04,2,Add-on Seats,APAC
2026-03-17,54.53,1,Starter Plan,EMEA
2026-03-17,57.05,1,Starter Plan,North America
2026-03-17,53.41,1,Starter Plan,North America
2026-03-17,774.93,2,Enterprise Plan,APAC
2026-03-18,99.2,2,Starter Plan,North America
2026-03-18,49.89,1,Starter Plan,North America
2026-03-18,55.5,1,Starter Plan,North America
2026-03-18,61.65,2,Add-on Seats,APAC
2026-03-18,25.39,1,Add-on Seats,North America
2026-03-18,329.15,1,Enterprise Plan,North America
2026-03-18,127.55,1,Growth Plan,North America
2026-03-18,29.3,1,Add-on Seats,APAC
2026-03-18,97.75,2,Starter Plan,EMEA
2026-03-18,169.22,3,Starter Plan,APAC
2026-03-18,23.46,1,Add-on Seats,EMEA
2026-03-18,102.28,2,Starter Plan,EMEA
2026-03-18,52.67,1,Starter Plan,EMEA
2026-03-18,350.19,2,Growth Plan,EMEA
2026-03-18,168.94,1,Growth Plan,EMEA
2026-03-18,710.62,2,Enterprise Plan,North America
2026-03-18,53.44,1,Starter Plan,APAC
2026-03-18,186.96,1,Growth Plan,North America
2026-03-18,47.27,1,Starter Plan,EMEA
2026-03-18,29.57,1,Add-on Seats,North America
2026-03-18,790.11,2,Enterprise Plan,North America
2026-03-18,311.04,2,Growth Plan,APAC
2026-03-18,168.02,1,Growth Plan,North America
2026-03-18,56.02,2,Add-on Seats,APAC
2026-03-18,181.15,1,Growth Plan,North America
2026-03-18,336.22,2,Growth Plan,North America
2026-03-18,43.82,1,Starter Plan,North America
2026-03-18,157.47,1,Growth Plan,EMEA
2026-03-18,24.81,1,Add-on Seats,EMEA
2026-03-18,57.89,1,Starter Plan,EMEA
2026-03-18,47.99,1,Starter Plan,North America
2026-03-19,369.8,1,Enterprise Plan,North America
2026-03-19,57.25,1,Starter Plan,North America
2026-03-19,93.29,2,Starter Plan,North America
2026-03-19,53.41,1,Starter Plan,APAC
2026-03-19,50.94,1,Starter Plan,North America
2026-03-19,27.44,1,Add-on Seats,North America
2026-03-19,54.73,1,Starter Plan,North America
2026-03-19,301.22,2,Growth Plan,EMEA
2026-03-19,742.15,2,Enterprise Plan,APAC
2026-03-19,26.08,1,Add-on Seats,North America
2026-03-19,58.14,2,Add-on Seats,North America
2026-03-19,377.56,2,Growth Plan,North America
2026-03-19,456.67,1,Enterprise Plan,EMEA
2026-03-19,166.03,1,Growth Plan,North America
2026-03-19,171.07,1,Growth Plan,North America
2026-03-19,840.73,2,Enterprise Plan,APAC
2026-03-19,51.51,1,Starter Plan,EMEA
2026-03-19,99.1,2,Starter Plan,North America
2026-03-19,118.71,2,Starter Plan,APAC
2026-03-19,49.53,2,Add-on Seats,APAC
2026-03-19,742.0,2,Enterprise Plan,North America
2026-03-19,52.26,1,Starter Plan,North America
2026-03-19,163.82,3,Starter Plan,EMEA
2026-03-19,765.44,2,Enterprise Plan,APAC
2026-03-19,53.89,1,Starter Plan,APAC
2026-03-19,592.4,2,Enterprise Plan,APAC
2026-03-19,273.8,2,Growth Plan,EMEA
2026-03-20,166.5,3,Starter Plan,EMEA
2026-03-20,50.39,1,Starter Plan,APAC
2026-03-20,182.16,1,Growth Plan,APAC
2026-03-20,712.72,2,Enterprise Plan,North America
2026-03-20,107.9,2,Starter Plan,North America
2026-03-20,66.88,3,Add-on Seats,North America
2026-03-20,144.09,1,Growth Plan,EMEA
2026-03-20,59.43,2,Add-on Seats,EMEA
2026-03-20,53.98,1,Starter Plan,EMEA
2026-03-20,166.11,1,Growth Plan,EMEA
2026-03-20,52.11,1,Starter Plan,North America
2026-03-20,124.11,2,Starter Plan,North America
2026-03-20,336.52,2,Growth Plan,APAC
2026-03-20,112.06,2,Starter Plan,APAC
2026-03-20,156.45,3,Starter Plan,EMEA
2026-03-20,103.51,2,Starter Plan,North America
2026-03-20,29.21,1,Add-on Seats,North America
2026-03-20,59.09,2,Add-on Seats,APAC
2026-03-20,358.67,2,Growth Plan,APAC
2026-03-20,162.97,1,Growth Plan,APAC
2026-03-20,160.56,1,Growth Plan,North America
2026-03-20,258.16,2,Growth Plan,EMEA
2026-03-20,56.31,1,Starter Plan,EMEA
2026-03-20,160.7,1,Growth Plan,North America
2026-03-20,106.29,2,Starter Plan,EMEA
2026-03-20,54.92,2,Add-on Seats,North America
2026-03-20,106.28,2,Starter Plan,EMEA
2026-03-20,110.41,2,Starter Plan,EMEA
2026-03-20,495.3,3,Growth Plan,North America
2026-03-20,137.96,1,Growth Plan,North America
2026-03-20,289.97,2,Growth Plan,EMEA
2026-03-20,269.22,2,Growth Plan,EMEA
2026-03-20,154.75,1,Growth Plan,EMEA
2026-03-20,51.16,1,Starter Plan,North America
2026-03-20,54.39,1,Starter Plan,EMEA
2026-03-20,174.75,1,Growth Plan,North America
2026-03-20,375.76,1,Enterprise Plan,EMEA
2026-03-20,407.34,1,Enterprise Plan,APAC
2026-03-20,46.52,1,Starter Plan,EMEA
2026-03-20,755.19,2,Enterprise Plan,APAC
2026-03-21,53.79,1,Starter Plan,North America
2026-03-21,29.15,1,Add-on Seats,North America
2026-03-21,109.89,2,Starter Plan,North America
2026-03-21,58.77,2,Add-on Seats,APAC
2026-03-21,50.26,1,Starter Plan,North America
2026-03-21,62.59,1,Starter Plan,EMEA
2026-03-21,53.49,1,Starter Plan,North America
2026-03-21,381.59,1,Enterprise Plan,APAC
2026-03-22,112.18,2,Starter Plan,EMEA
2026-03-22,153.44,1,Growth Plan,North America
2026-03-22,161.49,1,Growth Plan,North America
2026-03-22,61.93,1,Starter Plan,North America
2026-03-22,30.93,1,Add-on Seats,North America
2026-03-22,822.6,2,Enterprise Plan,APAC
2026-03-22,366.7,2,Growth Plan,North America
2026-03-22,47.45,1,Starter Plan,APAC
2026-03-22,818.04,2,Enterprise Plan,North America
2026-03-22,98.55,2,Starter Plan,EMEA
2026-03-23,60.12,1,Starter Plan,EMEA
2026-03-23,51.33,2,Add-on Seats,North America
2026-03-23,52.87,2,Add-on Seats,EMEA
2026-03-23,110.16,2,Starter Plan,North America
2026-03-23,107.41,2,Starter Plan,North America
2026-03-23,49.23,1,Starter Plan,EMEA
2026-03-23,724.35,2,Enterprise Plan,EMEA
2026-03-23,353.04,2,Growth Plan,North America
2026-03-23,98.38,2,Starter Plan,EMEA
2026-03-23,56.11,2,Add-on Seats,APAC
2026-03-23,50.32,1,Starter Plan,North America
2026-03-23,51.98,2,Add-on Seats,North America
2026-03-23,50.62,2,Add-on Seats,North America
2026-03-23,760.67,2,Enterprise Plan,North America
2026-03-23,50.82,1,Starter Plan,APAC
2026-03-23,27.61,1,Add-on Seats,North America
2026-03-23,350.22,2,Growth Plan,North America
2026-03-23,159.73,3,Starter Plan,North America
2026-03-23,58.73,1,Starter Plan,APAC
2026-03-23,1375.9,3,Enterprise Plan,North America
2026-03-23,112.55,2,Starter Plan,North America
2026-03-23,56.47,2,Add-on Seats,APAC
2026-03-23,106.51,2,Starter Plan,APAC
2026-03-23,164.51,1,Growth Plan,North America
2026-03-23,803.76,2,Enterprise Plan,EMEA
2026-03-23,51.69,2,Add-on Seats,North America
2026-03-23,175.93,1,Growth Plan,APAC
2026-03-23,338.22,2,Growth Plan,North America
2026-03-24,166.03,1,Growth Plan,North America
2026-03-24,59.2,1,Starter Plan,North America
2026-03-24,165.14,1,Growth Plan,North America
2026-03-24,170.48,1,Growth Plan,EMEA
2026-03-24,414.27,1,Enterprise Plan,North America
2026-03-24,55.15,1,Starter Plan,North America
2026-03-24,28.22,1,Add-on Seats,North America
2026-03-24,159.07,1,Growth Plan,North America
2026-03-24,104.41,2,Starter Plan,North America
2026-03-24,376.64,2,Growth Plan,North America
2026-03-24,50.51,1,Starter Plan,EMEA
2026-03-24,53.34,1,Starter Plan,North America
2026-03-24,64.31,2,Add-on Seats,North America
2026-03-24,96.44,2,Starter Plan,EMEA
2026-03-24,316.48,2,Growth Plan,EMEA
2026-03-24,150.36,1,Growth Plan,EMEA
2026-03-24,111.36,2,Starter Plan,North America
2026-03-24,430.92,1,Enterprise Plan,EMEA
2026-03-24,154.34,1,Growth Plan,APAC
2026-03-24,70.58,3,Add-on Seats,EMEA
2026-03-24,161.04,1,Growth Plan,EMEA
2026-03-24,161.82,1,Growth Plan,North America
2026-03-24,176.56,1,Growth Plan,North America
2026-03-24,150.37,1,Growth Plan,North America
2026-03-24,784.89,2,Enterprise Plan,North America
2026-03-24,51.73,2,Add-on Seats,North America
2026-03-24,92.38,2,Starter Plan,EMEA
2026-03-24,58.35,1,Starter Plan,APAC
2026-03-24,147.43,3,Starter Plan,APAC
2026-03-24,53.33,1,Starter Plan,North America
2026-03-24,381.47,1,Enterprise Plan,EMEA
2026-03-24,28.33,1,Add-on Seats,APAC
2026-03-25,55.14,1,Starter Plan,North America
2026-03-25,49.73,1,Starter Plan,EMEA
2026-03-25,189.48,1,Growth Plan,EMEA
2026-03-25,48.84,1,Starter Plan,North America
2026-03-25,55.37,1,Starter Plan,APAC
2026-03-25,151.11,1,Growth Plan,APAC
2026-03-25,113.86,2,Starter Plan,APAC
2026-03-25,55.44,2,Add-on Seats,APAC
2026-03-25,29.07,1,Add-on Seats,EMEA
2026-03-25,27.86,1,Add-on Seats,APAC
2026-03-25,111.75,2,Starter Plan,North America
2026-03-25,364.85,1,Enterprise Plan,APAC
2026-03-25,26.78,1,Add-on Seats,EMEA
2026-03-25,324.35,2,Growth Plan,North America
2026-03-25,30.66,1,Add-on Seats,North America
2026-03-25,134.42,1,Growth Plan,APAC
2026-03-25,333.78,2,Growth Plan,APAC
2026-03-25,107.72,2,Starter Plan,EMEA
2026-03-25,707.08,2,Enterprise Plan,APAC
2026-03-25,168.44,1,Growth Plan,EMEA
2026-03-25,29.64,1,Add-on Seats,EMEA
2026-03-25,57.76,1,Starter Plan,North America
2026-03-25,26.67,1,Add-on Seats,North America
2026-03-25,89.36,2,Starter Plan,North America
2026-03-25,24.51,1,Add-on Seats,North America
2026-03-25,51.83,1,Starter Plan,EMEA
2026-03-25,100.79,2,Starter Plan,North America
2026-03-25,111.02,2,Starter Plan,North America
2026-03-25,428.49,1,Enterprise Plan,North America
2026-03-25,877.99,2,Enterprise Plan,North America
2026-03-25,52.11,1,Starter Plan,North America
2026-03-25,144.53,1,Growth Plan,North America
2026-03-25,348.87,2,Growth Plan,North America
2026-03-25,28.35,1,Add-on Seats,North America
2026-03-25,320.23,1,Enterprise Plan,North America
2026-03-25,329.41,2,Growth Plan,North America
2026-03-25,356.33,2,Growth Plan,North America
2026-03-26,53.93,2,Add-on Seats,North America
2026-03-26,51.71,1,Starter Plan,North America
2026-03-26,25.58,1,Add-on Seats,North America
2026-03-26,162.77,3,Starter Plan,North America
2026-03-26,73.22,3,Add-on Seats,North America
2026-03-26,104.78,2,Starter Plan,EMEA
2026-03-26,171.95,3,Starter Plan,North America
2026-03-26,157.47,1,Growth Plan,EMEA
2026-03-26,21.96,1,Add-on Seats,North America
2026-03-26,366.31,1,Enterprise Plan,North America
2026-03-26,297.72,2,Growth Plan,North America
2026-03-26,112.54,2,Starter Plan,North America
2026-03-26,126.19,2,Starter Plan,North America
2026-03-26,101.98,2,Starter Plan,North America
2026-03-26,793.28,2,Enterprise Plan,EMEA
2026-03-26,52.92,1,Starter Plan,APAC
2026-03-26,108.23,2,Starter Plan,North America
2026-03-26,53.09,1,Starter Plan,APAC
2026-03-26,53.96,1,Starter Plan,EMEA
2026-03-26,314.51,2,Growth Plan,North America
2026-03-26,58.54,2,Add-on Seats,EMEA
2026-03-26,105.4,2,Starter Plan,APAC
2026-03-26,108.94,2,Starter Plan,North America
2026-03-26,109.15,2,Starter Plan,APAC
2026-03-26,176.24,1,Growth Plan,North America
2026-03-26,52.17,1,Starter Plan,North America
2026-03-26,51.41,2,Add-on Seats,North America
2026-03-26,96.59,2,Starter Plan,North America
2026-03-26,25.97,1,Add-on Seats,North America
2026-03-27,117.4,2,Starter Plan,North America
2026-03-27,334.4,2,Growth Plan,North America
2026-03-27,415.64,1,Enterprise Plan,North America
2026-03-27,57.06,1,Starter Plan,North America
2026-03-27,172.06,1,Growth Plan,EMEA
2026-03-27,52.18,2,Add-on Seats,EMEA
2026-03-27,61.44,1,Starter Plan,EMEA
2026-03-27,53.53,1,Starter Plan,APAC
2026-03-27,58.88,1,Starter Plan,EMEA
2026-03-27,530.58,3,Growth Plan,APAC
2026-03-27,343.65,2,Growth Plan,APAC
2026-03-27,24.86,1,Add-on Seats,EMEA
2026-03-27,102.0,2,Starter Plan,APAC
2026-03-27,56.29,2,Add-on Seats,EMEA
2026-03-27,108.83,2,Starter Plan,North America
2026-03-27,26.43,1,Add-on Seats,EMEA
2026-03-27,322.59,1,Enterprise Plan,EMEA
2026-03-27,395.51,1,Enterprise Plan,North America
2026-03-27,351.22,1,Enterprise Plan,APAC
2026-03-27,786.68,2,Enterprise Plan,North America
2026-03-27,58.71,2,Add-on Seats,EMEA
2026-03-27,369.89,2,Growth Plan,North America
2026-03-27,334.8,2,Growth Plan,North America
2026-03-27,25.32,1,Add-on Seats,North America
2026-03-27,537.01,3,Growth Plan,North America
2026-03-27,96.04,2,Starter Plan,North America
2026-03-27,308.23,2,Growth Plan,APAC
2026-03-27,55.51,1,Starter Plan,North America
2026-03-27,722.56,2,Enterprise Plan,North America
2026-03-27,155.75,1,Growth Plan,North America
2026-03-27,116.92,2,Starter Plan,North America
2026-03-27,104.17,2,Starter Plan,North America
2026-03-27,150.71,1,Growth Plan,EMEA
2026-03-27,94.57,2,Starter Plan,North America
2026-03-28,356.92,1,Enterprise Plan,APAC
2026-03-28,754.98,2,Enterprise Plan,North America
2026-03-28,119.64,2,Starter Plan,North America
2026-03-28,27.43,1,Add-on Seats,EMEA
2026-03-28,797.42,2,Enterprise Plan,North America
2026-03-28,50.89,1,Starter Plan,EMEA
2026-03-28,48.35,1,Starter Plan,APAC
2026-03-28,100.07,2,Starter Plan,North America
2026-03-28,53.61,1,Starter Plan,North America
2026-03-28,542.85,3,Growth Plan,North America
2026-03-28,667.52,2,Enterprise Plan,EMEA
2026-03-28,118.68,2,Starter Plan,North America
2026-03-29,101.76,2,Starter Plan,EMEA
2026-03-29,158.92,1,Growth Plan,North America
2026-03-29,58.72,1,Starter Plan,APAC
2026-03-29,55.27,1,Starter Plan,North America
2026-03-29,28.68,1,Add-on Seats,North America
2026-03-29,176.63,1,Growth Plan,North America
2026-03-29,1055.8,3,Enterprise Plan,North America
2026-03-29,26.69,1,Add-on Seats,APAC
2026-03-29,56.02,1,Starter Plan,North America
2026-03-30,111.72,2,Starter Plan,EMEA
2026-03-30,166.54,1,Growth Plan,North America
2026-03-30,56.92,1,Starter Plan,APAC
2026-03-30,28.27,1,Add-on Seats,North America
2026-03-30,48.19,1,Starter Plan,North America
2026-03-30,182.8,1,Growth Plan,North America
2026-03-30,55.34,1,Starter Plan,North America
2026-03-30,118.29,2,Starter Plan,EMEA
2026-03-30,29.04,1,Add-on Seats,EMEA
2026-03-30,59.23,1,Starter Plan,APAC
2026-03-30,27.12,1,Add-on Seats,EMEA
2026-03-30,173.66,1,Growth Plan,North America
2026-03-30,23.86,1,Add-on Seats,North America
2026-03-30,52.18,1,Starter Plan,APAC
2026-03-30,60.44,2,Add-on Seats,North America
2026-03-30,382.12,1,Enterprise Plan,North America
2026-03-30,293.52,2,Growth Plan,EMEA
2026-03-30,390.54,2,Growth Plan,APAC
2026-03-30,52.08,2,Add-on Seats,North America
2026-03-30,735.44,2,Enterprise Plan,North America
2026-03-30,121.87,2,Starter Plan,EMEA
2026-03-30,57.71,1,Starter Plan,North America
2026-03-30,150.81,1,Growth Plan,EMEA
2026-03-30,55.54,1,Starter Plan,EMEA
2026-03-30,112.4,2,Starter Plan,North America
2026-03-31,310.52,2,Growth Plan,North America
2026-03-31,175.62,1,Growth Plan,North America
2026-03-31,59.27,2,Add-on Seats,North America
2026-03-31,51.07,2,Add-on Seats,North America
2026-03-31,877.4,2,Enterprise Plan,EMEA
2026-03-31,803.64,2,Enterprise Plan,EMEA
2026-03-31,54.91,1,Starter Plan,APAC
2026-03-31,58.84,2,Add-on Seats,North America
2026-03-31,96.44,2,Starter Plan,North America
2026-03-31,166.5,1,Growth Plan,APAC
2026-03-31,131.92,2,Starter Plan,North America
2026-03-31,172.46,1,Growth Plan,EMEA
2026-03-31,105.95,2,Starter Plan,North America
2026-03-31,189.89,1,Growth Plan,North America
2026-03-31,353.08,1,Enterprise Plan,North America
2026-03-31,97.66,2,Starter Plan,EMEA
2026-03-31,53.76,1,Starter Plan,APAC
2026-03-31,127.1,2,Starter Plan,North America
2026-03-31,117.25,2,Starter Plan,EMEA
2026-03-31,50.2,1,Starter Plan,North America
2026-03-31,111.37,2,Starter Plan,APAC
2026-03-31,50.2,1,Starter Plan,EMEA
2026-03-31,160.85,1,Growth Plan,North America
2026-03-31,397.99,1,Enterprise Plan,APAC
2026-03-31,792.42,2,Enterprise Plan,EMEA
2026-03-31,358.28,2,Growth Plan,EMEA
2026-03-31,59.88,2,Add-on Seats,North America
2026-03-31,59.94,1,Starter Plan,EMEA
2026-03-31,51.0,1,Starter Plan,North America
2026-03-31,104.83,2,Starter Plan,North America
2026-03-31,398.84,1,Enterprise Plan,APAC
2026-03-31,176.41,3,Starter Plan,North America
2026-04-01,64.08,2,Add-on Seats,North America
2026-04-01,58.34,1,Starter Plan,North America
2026-04-01,113.74,2,Starter Plan,EMEA
2026-04-01,49.57,1,Starter Plan,North America
2026-04-01,98.0,2,Starter Plan,APAC
2026-04-01,324.53,2,Growth Plan,North America
2026-04-01,52.64,1,Starter Plan,North America
2026-04-01,103.93,2,Starter Plan,EMEA
2026-04-01,407.69,1,Enterprise Plan,North America
2026-04-01,117.16,2,Starter Plan,EMEA
2026-04-01,115.83,2,Starter Plan,North America
2026-04-01,46.94,1,Starter Plan,APAC
2026-04-01,100.44,2,Starter Plan,APAC
2026-04-01,29.48,1,Add-on Seats,EMEA
2026-04-01,55.12,1,Starter Plan,North America
2026-04-01,125.28,1,Growth Plan,APAC
2026-04-01,114.1,2,Starter Plan,North America
2026-04-01,160.33,1,Growth Plan,North America
2026-04-01,58.82,1,Starter Plan,APAC
2026-04-01,28.87,1,Add-on Seats,North America
2026-04-01,331.49,2,Growth Plan,North America
2026-04-01,49.31,1,Starter Plan,North America
2026-04-01,164.44,1,Growth Plan,APAC
2026-04-01,54.86,1,Starter Plan,North America
2026-04-01,58.19,1,Starter Plan,North America
2026-04-01,54.43,2,Add-on Seats,North America
2026-04-01,527.84,3,Growth Plan,North America
2026-04-01,142.09,1,Growth Plan,APAC
2026-04-01,123.0,2,Starter Plan,North America
2026-04-01,56.99,1,Starter Plan,EMEA
2026-04-01,379.45,1,Enterprise Plan,North America
2026-04-01,114.34,2,Starter Plan,APAC
2026-04-01,338.15,2,Growth Plan,North America
2026-04-01,323.72,1,Enterprise Plan,APAC
2026-04-01,55.82,2,Add-on Seats,EMEA
2026-04-01,60.82,1,Starter Plan,APAC
2026-04-02,119.91,2,Starter Plan,North America
2026-04-02,319.95,2,Growth Plan,North America
2026-04-02,111.43,2,Starter Plan,North America
2026-04-02,27.72,1,Add-on Seats,APAC
2026-04-02,28.21,1,Add-on Seats,North America
2026-04-02,311.25,2,Growth Plan,North America
2026-04-02,173.78,1,Growth Plan,EMEA
2026-04-02,147.59,1,Growth Plan,EMEA
2026-04-02,57.04,1,Starter Plan,North America
2026-04-02,115.52,2,Starter Plan,APAC
2026-04-02,51.0,1,Starter Plan,North America
2026-04-02,116.49,2,Starter Plan,APAC
2026-04-02,57.62,2,Add-on Seats,APAC
2026-04-02,54.17,1,Starter Plan,APAC
2026-04-02,405.83,1,Enterprise Plan,APAC
2026-04-02,47.2,2,Add-on Seats,North America
2026-04-02,801.62,2,Enterprise Plan,APAC
2026-04-02,99.74,2,Starter Plan,North America
2026-04-02,353.79,2,Growth Plan,APAC
2026-04-02,64.21,1,Starter Plan,North America
2026-04-02,756.63,2,Enterprise Plan,EMEA
2026-04-02,59.65,1,Starter Plan,EMEA
2026-04-02,105.38,2,Starter Plan,North America
2026-04-02,349.98,2,Growth Plan,North America
2026-04-02,110.07,2,Starter Plan,North America
2026-04-02,754.47,2,Enterprise Plan,North America
2026-04-02,676.65,2,Enterprise Plan,North America
2026-04-02,174.04,1,Growth Plan,EMEA
2026-04-02,312.93,2,Growth Plan,North America
2026-04-02,61.01,1,Starter Plan,APAC
2026-04-02,328.26,2,Growth Plan,EMEA
2026-04-02,175.33,1,Growth Plan,North America
2026-04-02,53.97,1,Starter Plan,EMEA
2026-04-03,45.52,2,Add-on Seats,APAC
2026-04-03,122.49,2,Starter Plan,EMEA
2026-04-03,58.0,1,Starter Plan,APAC
2026-04-03,28.58,1,Add-on Seats,North America
2026-04-03,65.82,2,Add-on Seats,North America
2026-04-03,806.31,2,Enterprise Plan,APAC
2026-04-03,61.48,1,Starter Plan,APAC
2026-04-03,179.27,1,Growth Plan,EMEA
2026-04-03,327.22,2,Growth Plan,North America
2026-04-03,51.32,1,Starter Plan,APAC
2026-04-03,390.92,1,Enterprise Plan,North America
2026-04-03,33.26,1,Add-on Seats,EMEA
2026-04-03,284.16,2,Growth Plan,North America
2026-04-03,51.29,1,Starter Plan,EMEA
2026-04-03,381.42,1,Enterprise Plan,EMEA
2026-04-03,25.79,1,Add-on Seats,North America
2026-04-03,64.58,2,Add-on Seats,North America
2026-04-03,173.74,1,Growth Plan,APAC
2026-04-03,196.85,1,Growth Plan,APAC
2026-04-03,357.59,1,Enterprise Plan,EMEA
2026-04-03,109.66,2,Starter Plan,North America
2026-04-03,26.78,1,Add-on Seats,APAC
2026-04-03,168.99,1,Growth Plan,APAC
2026-04-03,49.21,2,Add-on Seats,North America
2026-04-03,327.56,2,Growth Plan,APAC
2026-04-03,146.43,1,Growth Plan,North America
2026-04-03,797.18,2,Enterprise Plan,APAC
2026-04-04,158.11,1,Growth Plan,North America
2026-04-04,177.69,1,Growth Plan,North America
2026-04-04,47.63,1,Starter Plan,APAC
2026-04-04,301.05,2,Growth Plan,North America
2026-04-04,31.98,1,Add-on Seats,North America
2026-04-04,505.09,3,Growth Plan,North America
2026-04-04,193.03,1,Growth Plan,EMEA
2026-04-04,380.86,2,Growth Plan,EMEA
2026-04-04,170.01,1,Growth Plan,APAC
2026-04-04,96.27,2,Starter Plan,North America
2026-04-04,58.87,2,Add-on Seats,EMEA
2026-04-04,59.06,1,Starter Plan,North America
2026-04-04,53.76,1,Starter Plan,North America
2026-04-05,186.64,1,Growth Plan,APAC
2026-04-05,164.64,1,Growth Plan,North America
2026-04-05,118.64,2,Starter Plan,EMEA
2026-04-05,101.28,2,Starter Plan,North America
2026-04-05,108.64,2,Starter Plan,APAC
2026-04-05,183.56,1,Growth Plan,EMEA
2026-04-05,30.18,1,Add-on Seats,North America
2026-04-05,328.96,2,Growth Plan,EMEA
2026-04-06,158.94,1,Growth Plan,APAC
2026-04-06,55.38,2,Add-on Seats,North America
2026-04-06,23.84,1,Add-on Seats,APAC
2026-04-06,330.67,2,Growth Plan,APAC
2026-04-06,315.72,2,Growth Plan,APAC
2026-04-06,59.1,1,Starter Plan,North America
2026-04-06,49.29,1,Starter Plan,EMEA
2026-04-06,45.76,1,Starter Plan,North America
2026-04-06,100.35,2,Starter Plan,APAC
2026-04-06,52.92,1,Starter Plan,APAC
2026-04-06,358.08,2,Growth Plan,North America
2026-04-06,300.19,2,Growth Plan,EMEA
2026-04-06,52.83,1,Starter Plan,APAC
2026-04-06,30.63,1,Add-on Seats,North America
2026-04-06,404.44,1,Enterprise Plan,North America
2026-04-06,121.52,2,Starter Plan,North America
2026-04-06,200.46,1,Growth Plan,North America
2026-04-06,56.35,2,Add-on Seats,North America
2026-04-06,49.45,1,Starter Plan,APAC
2026-04-06,53.54,2,Add-on Seats,North America
2026-04-06,447.47,2,Growth Plan,North America
2026-04-06,60.04,1,Starter Plan,North America
2026-04-06,107.24,2,Starter Plan,North America
2026-04-06,160.72,1,Growth Plan,EMEA
2026-04-06,59.29,2,Add-on Seats,North America
2026-04-06,56.93,1,Starter Plan,APAC
2026-04-06,122.45,2,Starter Plan,EMEA
2026-04-06,384.95,2,Growth Plan,North America
2026-04-06,303.82,2,Growth Plan,North America
2026-04-07,291.83,2,Growth Plan,EMEA
2026-04-07,26.4,1,Add-on Seats,APAC
2026-04-07,110.22,2,Starter Plan,North America
2026-04-07,27.99,1,Add-on Seats,EMEA
2026-04-07,116.16,2,Starter Plan,North America
2026-04-07,400.74,1,Enterprise Plan,APAC
2026-04-07,164.12,1,Growth Plan,EMEA
2026-04-07,118.17,2,Starter Plan,North America
2026-04-07,172.63,1,Growth Plan,EMEA
2026-04-07,169.41,1,Growth Plan,EMEA
2026-04-07,122.71,2,Starter Plan,APAC
2026-04-07,88.34,3,Add-on Seats,North America
2026-04-07,772.97,2,Enterprise Plan,North America
2026-04-07,90.15,3,Add-on Seats,EMEA
2026-04-07,52.93,2,Add-on Seats,EMEA
2026-04-07,55.98,2,Add-on Seats,North America
2026-04-07,112.32,2,Starter Plan,North America
2026-04-07,764.79,2,Enterprise Plan,North America
2026-04-07,179.12,3,Starter Plan,EMEA
2026-04-07,55.54,1,Starter Plan,EMEA
2026-04-07,60.08,1,Starter Plan,North America
2026-04-07,53.28,1,Starter Plan,North America
2026-04-07,437.05,1,Enterprise Plan,North America
2026-04-07,384.93,1,Enterprise Plan,North America
2026-04-07,103.58,2,Starter Plan,North America
2026-04-07,71.27,3,Add-on Seats,EMEA
2026-04-07,388.17,1,Enterprise Plan,North America
2026-04-07,188.19,1,Growth Plan,North America
2026-04-07,113.18,2,Starter Plan,North America
2026-04-07,122.02,2,Starter Plan,North America
2026-04-08,58.21,1,Starter Plan,North America
2026-04-08,323.31,2,Growth Plan,North America
2026-04-08,337.01,2,Growth Plan,APAC
2026-04-08,61.84,1,Starter Plan,EMEA
2026-04-08,23.12,1,Add-on Seats,North America
2026-04-08,32.04,1,Add-on Seats,North America
2026-04-08,117.06,2,Starter Plan,APAC
2026-04-08,54.21,2,Add-on Seats,EMEA
2026-04-08,780.49,2,Enterprise Plan,North America
2026-04-08,58.84,2,Add-on Seats,EMEA
2026-04-08,59.07,1,Starter Plan,APAC
2026-04-08,56.15,1,Starter Plan,APAC
2026-04-08,373.56,1,Enterprise Plan,North America
2026-04-08,60.43,1,Starter Plan,APAC
2026-04-08,56.27,2,Add-on Seats,APAC
2026-04-08,55.7,1,Starter Plan,North America
2026-04-08,341.16,2,Growth Plan,North America
2026-04-08,831.85,2,Enterprise Plan,North America
2026-04-08,107.98,2,Starter Plan,EMEA
2026-04-08,185.29,1,Growth Plan,EMEA
2026-04-08,175.48,1,Growth Plan,North America
2026-04-08,157.61,1,Growth Plan,North America
2026-04-08,364.41,2,Growth Plan,North America
2026-04-08,175.56,1,Growth Plan,APAC
2026-04-08,348.78,2,Growth Plan,EMEA
2026-04-08,28.21,1,Add-on Seats,APAC
2026-04-08,181.8,1,Growth Plan,APAC
2026-04-08,113.87,2,Starter Plan,North America
2026-04-08,313.48,2,Growth Plan,EMEA
2026-04-08,127.32,2,Starter Plan,EMEA
2026-04-09,426.26,1,Enterprise Plan,North America
2026-04-09,389.53,2,Growth Plan,North America
2026-04-09,32.5,1,Add-on Seats,APAC
2026-04-09,29.83,1,Add-on Seats,APAC
2026-04-09,443.03,1,Enterprise Plan,EMEA
2026-04-09,171.51,1,Growth Plan,North America
2026-04-09,49.92,1,Starter Plan,North America
2026-04-09,310.41,2,Growth Plan,EMEA
2026-04-09,743.35,2,Enterprise Plan,EMEA
2026-04-09,112.85,2,Starter Plan,EMEA
2026-04-09,63.32,2,Add-on Seats,North America
2026-04-09,59.41,2,Add-on Seats,North America
2026-04-09,115.35,2,Starter Plan,APAC
2026-04-09,777.32,2,Enterprise Plan,North America
2026-04-09,162.26,1,Growth Plan,North America
2026-04-09,177.98,1,Growth Plan,North America
2026-04-09,350.08,2,Growth Plan,APAC
2026-04-09,56.89,1,Starter Plan,North America
2026-04-09,102.7,2,Starter Plan,APAC
2026-04-09,396.0,1,Enterprise Plan,North America
2026-04-09,171.89,1,Growth Plan,North America
2026-04-09,117.48,2,Starter Plan,North America
2026-04-09,390.54,1,Enterprise Plan,North America
2026-04-09,332.29,2,Growth Plan,APAC
2026-04-09,390.62,1,Enterprise Plan,North America
2026-04-09,97.3,2,Starter Plan,North America
2026-04-09,52.55,1,Starter Plan,North America
2026-04-09,169.53,1,Growth Plan,EMEA
2026-04-09,371.35,2,Growth Plan,EMEA
2026-04-09,61.53,2,Add-on Seats,North America
2026-04-09,54.71,2,Add-on Seats,EMEA
2026-04-09,62.73,2,Add-on Seats,North America
2026-04-09,51.82,1,Starter Plan,North America
2026-04-09,82.61,3,Add-on Seats,APAC
2026-04-10,505.0,3,Growth Plan,EMEA
2026-04-10,397.07,1,Enterprise Plan,EMEA
2026-04-10,105.4,2,Starter Plan,APAC
2026-04-10,58.75,2,Add-on Seats,APAC
2026-04-10,58.55,2,Add-on Seats,North America
2026-04-10,120.09,2,Starter Plan,APAC
2026-04-10,58.51,1,Starter Plan,EMEA
2026-04-10,119.57,2,Starter Plan,North America
2026-04-10,28.99,1,Add-on Seats,North America
2026-04-10,294.45,2,Growth Plan,APAC
2026-04-10,58.98,1,Starter Plan,EMEA
2026-04-10,70.49,1,Starter Plan,North America
2026-04-10,387.7,1,Enterprise Plan,EMEA
2026-04-10,845.39,2,Enterprise Plan,APAC
2026-04-10,26.53,1,Add-on Seats,EMEA
2026-04-10,62.54,2,Add-on Seats,North America
2026-04-10,47.17,1,Starter Plan,APAC
2026-04-10,27.56,1,Add-on Seats,North America
2026-04-10,925.01,2,Enterprise Plan,North America
2026-04-10,58.75,1,Starter Plan,North America
2026-04-10,50.92,1,Starter Plan,APAC
2026-04-10,151.02,1,Growth Plan,APAC
2026-04-10,53.64,1,Starter Plan,EMEA
2026-04-10,51.13,1,Starter Plan,North America
2026-04-10,30.5,1,Add-on Seats,APAC
2026-04-10,61.46,1,Starter Plan,APAC
2026-04-10,54.05,2,Add-on Seats,EMEA
2026-04-10,114.95,2,Starter Plan,EMEA
2026-04-10,120.47,2,Starter Plan,North America
2026-04-10,154.51,1,Growth Plan,North America
2026-04-10,303.87,2,Growth Plan,North America
2026-04-10,33.19,1,Add-on Seats,North America
2026-04-11,849.04,2,Enterprise Plan,EMEA
2026-04-11,340.36,2,Growth Plan,North America
2026-04-11,57.07,1,Starter Plan,APAC
2026-04-11,120.43,2,Starter Plan,EMEA
2026-04-11,103.86,2,Starter Plan,EMEA
2026-04-11,355.12,2,Growth Plan,North America
2026-04-11,178.7,1,Growth Plan,North America
2026-04-11,130.76,2,Starter Plan,North America
2026-04-12,54.21,2,Add-on Seats,APAC
2026-04-12,30.68,1,Add-on Seats,North America
2026-04-12,177.14,1,Growth Plan,North America
2026-04-12,51.16,2,Add-on Seats,North America
2026-04-12,51.31,1,Starter Plan,North America
2026-04-13,60.34,1,Starter Plan,North America
2026-04-13,51.47,1,Starter Plan,North America
2026-04-13,59.6,1,Starter Plan,North America
2026-04-13,114.2,2,Starter Plan,North America
2026-04-13,190.28,3,Starter Plan,North America
2026-04-13,60.58,1,Starter Plan,North America
2026-04-13,33.09,1,Add-on Seats,APAC
2026-04-13,26.81,1,Add-on Seats,EMEA
2026-04-13,59.27,1,Starter Plan,EMEA
2026-04-13,860.62,2,Enterprise Plan,North America
2026-04-13,61.38,1,Starter Plan,EMEA
2026-04-13,355.22,2,Growth Plan,APAC
2026-04-13,303.27,2,Growth Plan,North America
2026-04-13,59.75,2,Add-on Seats,EMEA
2026-04-13,381.82,1,Enterprise Plan,APAC
2026-04-13,109.22,2,Starter Plan,North America
2026-04-13,175.11,1,Growth Plan,EMEA
2026-04-13,57.78,2,Add-on Seats,EMEA
2026-04-13,298.98,2,Growth Plan,EMEA
2026-04-13,331.43,1,Enterprise Plan,North America
2026-04-13,102.07,2,Starter Plan,North America
2026-04-13,24.88,1,Add-on Seats,EMEA
2026-04-13,28.06,1,Add-on Seats,North America
2026-04-13,60.1,2,Add-on Seats,EMEA
2026-04-13,168.29,1,Growth Plan,North America
2026-04-13,356.94,2,Growth Plan,North America
2026-04-13,327.32,2,Growth Plan,APAC
2026-04-13,366.28,2,Growth Plan,North America
2026-04-13,108.82,2,Starter Plan,EMEA
2026-04-13,55.33,1,Starter Plan,North America
2026-04-13,131.71,2,Starter Plan,EMEA
2026-04-13,410.57,1,Enterprise Plan,North America
2026-04-14,28.59,1,Add-on Seats,North America
2026-04-14,36.02,1,Add-on Seats,EMEA
2026-04-14,110.38,2,Starter Plan,North America
2026-04-14,115.4,2,Starter Plan,APAC
2026-04-14,432.25,1,Enterprise Plan,North America
2026-04-14,29.63,1,Add-on Seats,North America
2026-04-14,58.92,2,Add-on Seats,North America
2026-04-14,330.23,2,Growth Plan,EMEA
2026-04-14,198.14,1,Growth Plan,EMEA
2026-04-14,109.01,2,Starter Plan,EMEA
2026-04-14,172.77,1,Growth Plan,APAC
2026-04-14,57.41,1,Starter Plan,North America
2026-04-14,164.27,1,Growth Plan,North America
2026-04-14,54.89,1,Starter Plan,North America
2026-04-14,57.93,1,Starter Plan,North America
2026-04-14,56.65,1,Starter Plan,EMEA
2026-04-14,30.57,1,Add-on Seats,North America
2026-04-14,182.1,1,Growth Plan,EMEA
2026-04-14,52.15,2,Add-on Seats,EMEA
2026-04-14,169.98,3,Starter Plan,EMEA
2026-04-14,124.32,2,Starter Plan,EMEA
2026-04-14,375.75,2,Growth Plan,APAC
2026-04-14,52.02,1,Starter Plan,North America
2026-04-15,179.33,1,Growth Plan,APAC
2026-04-15,25.47,1,Add-on Seats,APAC
2026-04-15,865.32,2,Enterprise Plan,North America
2026-04-15,332.74,2,Growth Plan,EMEA
2026-04-15,120.41,2,Starter Plan,EMEA
2026-04-15,135.36,2,Starter Plan,North America
2026-04-15,58.41,1,Starter Plan,North America
2026-04-15,58.1,1,Starter Plan,EMEA
2026-04-15,123.99,2,Starter Plan,EMEA
2026-04-15,156.37,1,Growth Plan,APAC
2026-04-15,29.13,1,Add-on Seats,North America
2026-04-15,51.19,1,Starter Plan,North America
2026-04-15,28.88,1,Add-on Seats,EMEA
2026-04-15,56.86,1,Starter Plan,EMEA
2026-04-15,66.08,2,Add-on Seats,APAC
2026-04-15,52.21,1,Starter Plan,North America
2026-04-15,152.47,1,Growth Plan,APAC
2026-04-15,60.19,2,Add-on Seats,North America
2026-04-15,303.82,2,Growth Plan,APAC
2026-04-15,447.76,1,Enterprise Plan,North America
2026-04-15,186.42,1,Growth Plan,North America
2026-04-15,79.9,3,Add-on Seats,APAC
2026-04-15,26.12,1,Add-on Seats,APAC
2026-04-15,394.03,1,Enterprise Plan,EMEA
2026-04-15,56.51,2,Add-on Seats,North America
2026-04-15,853.63,2,Enterprise Plan,North America
2026-04-15,1305.09,3,Enterprise Plan,North America
2026-04-15,177.17,1,Growth Plan,APAC
2026-04-16,117.55,2,Starter Plan,EMEA
2026-04-16,860.84,2,Enterprise Plan,North America
2026-04-16,1384.39,3,Enterprise Plan,North America
2026-04-16,182.32,3,Starter Plan,North America
2026-04-16,107.45,2,Starter Plan,North America
2026-04-16,57.38,1,Starter Plan,North America
2026-04-16,876.44,2,Enterprise Plan,EMEA
2026-04-16,124.2,2,Starter Plan,North America
2026-04-16,116.72,2,Starter Plan,North America
2026-04-16,396.54,1,Enterprise Plan,EMEA
2026-04-16,122.33,2,Starter Plan,North America
2026-04-16,28.78,1,Add-on Seats,APAC
2026-04-16,167.0,1,Growth Plan,EMEA
2026-04-16,119.75,2,Starter Plan,North America
2026-04-16,62.32,1,Starter Plan,North America
2026-04-16,53.28,2,Add-on Seats,North America
2026-04-16,54.78,1,Starter Plan,APAC
2026-04-16,53.42,1,Starter Plan,EMEA
2026-04-16,324.78,2,Growth Plan,EMEA
2026-04-16,61.57,1,Starter Plan,North America
2026-04-16,345.42,2,Growth Plan,EMEA
2026-04-16,821.0,2,Enterprise Plan,North America
2026-04-16,166.15,1,Growth Plan,APAC
2026-04-16,174.79,1,Growth Plan,EMEA
2026-04-16,141.82,1,Growth Plan,EMEA
2026-04-16,342.86,2,Growth Plan,APAC
2026-04-16,161.07,1,Growth Plan,EMEA
2026-04-16,407.35,1,Enterprise Plan,EMEA
2026-04-17,402.2,1,Enterprise Plan,EMEA
2026-04-17,124.97,2,Starter Plan,North America
2026-04-17,118.92,2,Starter Plan,APAC
2026-04-17,1211.66,3,Enterprise Plan,APAC
2026-04-17,197.85,1,Growth Plan,APAC
2026-04-17,167.56,1,Growth Plan,APAC
2026-04-17,49.21,1,Starter Plan,North America
2026-04-17,117.59,2,Starter Plan,North America
2026-04-17,18486.56,25,Enterprise Plan,EMEA
2026-04-17,62.63,1,Starter Plan,North America
2026-04-17,169.49,1,Growth Plan,North America
2026-04-17,57.86,2,Add-on Seats,North America
2026-04-17,404.8,2,Growth Plan,EMEA
2026-04-17,156.75,1,Growth Plan,North America
2026-04-17,54.03,1,Starter Plan,North America
2026-04-17,51.23,1,Starter Plan,APAC
2026-04-17,326.63,2,Growth Plan,North America
2026-04-17,932.45,2,Enterprise Plan,North America
2026-04-17,421.54,1,Enterprise Plan,APAC
2026-04-17,336.76,2,Growth Plan,North America
2026-04-18,451.27,1,Enterprise Plan,North America
2026-04-18,209.34,1,Growth Plan,North America
2026-04-18,31.71,1,Add-on Seats,APAC
2026-04-18,60.02,1,Starter Plan,APAC
2026-04-18,132.7,2,Starter Plan,APAC
2026-04-18,124.91,2,Starter Plan,North America
2026-04-18,114.06,2,Starter Plan,EMEA
2026-04-18,380.38,1,Enterprise Plan,EMEA
2026-04-18,54.52,1,Starter Plan,EMEA
2026-04-18,807.51,2,Enterprise Plan,North America
2026-04-18,53.01,1,Starter Plan,EMEA
2026-04-18,391.81,1,Enterprise Plan,North America
2026-04-18,343.85,1,Enterprise Plan,North America
2026-04-18,56.17,1,Starter Plan,North America
2026-04-19,441.15,1,Enterprise Plan,North America
2026-04-19,346.86,2,Growth Plan,EMEA
2026-04-19,399.98,2,Growth Plan,EMEA
2026-04-19,116.14,2,Starter Plan,EMEA
2026-04-19,821.68,2,Enterprise Plan,APAC
2026-04-19,834.59,2,Enterprise Plan,EMEA
2026-04-19,58.54,2,Add-on Seats,EMEA
2026-04-19,361.85,2,Growth Plan,EMEA
2026-04-19,29.5,1,Add-on Seats,EMEA
2026-04-19,115.37,2,Starter Plan,North America
2026-04-19,29.3,1,Add-on Seats,EMEA
2026-04-19,313.84,2,Growth Plan,North America
2026-04-20,367.86,2,Growth Plan,North America
2026-04-20,64.28,2,Add-on Seats,North America
2026-04-20,804.81,2,Enterprise Plan,EMEA
2026-04-20,343.71,2,Growth Plan,APAC
2026-04-20,366.69,1,Enterprise Plan,North America
2026-04-20,117.16,2,Starter Plan,EMEA
2026-04-20,69.02,2,Add-on Seats,North America
2026-04-20,125.22,2,Starter Plan,EMEA
2026-04-20,60.8,1,Starter Plan,North America
2026-04-20,58.36,2,Add-on Seats,North America
2026-04-20,338.23,1,Enterprise Plan,EMEA
2026-04-20,64.45,2,Add-on Seats,North America
2026-04-20,133.75,2,Starter Plan,North America
2026-04-20,55.86,2,Add-on Seats,North America
2026-04-20,55.6,1,Starter Plan,North America
2026-04-20,62.15,2,Add-on Seats,North America
2026-04-20,55.16,1,Starter Plan,EMEA
2026-04-20,109.71,2,Starter Plan,APAC
2026-04-20,30.63,1,Add-on Seats,EMEA
2026-04-20,173.9,1,Growth Plan,North America
2026-04-20,33.57,1,Add-on Seats,APAC
2026-04-20,58.65,1,Starter Plan,North America
2026-04-21,31.4,1,Add-on Seats,North America
2026-04-21,34.09,1,Add-on Seats,APAC
2026-04-21,382.72,1,Enterprise Plan,North America
2026-04-21,117.33,2,Starter Plan,North America
2026-04-21,59.23,1,Starter Plan,North America
2026-04-21,354.25,1,Enterprise Plan,North America
2026-04-21,175.78,1,Growth Plan,EMEA
2026-04-21,65.94,1,Starter Plan,North America
2026-04-21,127.67,2,Starter Plan,North America
2026-04-21,56.64,1,Starter Plan,APAC
2026-04-21,197.5,1,Growth Plan,APAC
2026-04-21,58.82,1,Starter Plan,APAC
2026-04-21,97.6,2,Starter Plan,North America
2026-04-21,55.68,1,Starter Plan,North America
2026-04-21,86.28,3,Add-on Seats,North America
2026-04-21,171.12,1,Growth Plan,North America
2026-04-21,173.81,1,Growth Plan,EMEA
2026-04-21,59.55,2,Add-on Seats,APAC
2026-04-21,28.44,1,Add-on Seats,North America
2026-04-21,55.91,1,Starter Plan,EMEA
2026-04-21,379.6,2,Growth Plan,North America
2026-04-21,355.35,2,Growth Plan,APAC
2026-04-21,57.12,1,Starter Plan,North America
2026-04-21,375.82,2,Growth Plan,EMEA
2026-04-21,201.09,1,Growth Plan,EMEA
2026-04-21,30.37,1,Add-on Seats,EMEA
2026-04-21,26.19,1,Add-on Seats,APAC
2026-04-21,343.3,2,Growth Plan,APAC
2026-04-21,442.95,1,Enterprise Plan,EMEA
2026-04-21,160.86,1,Growth Plan,North America
2026-04-21,78.76,3,Add-on Seats,North America
2026-04-22,144.32,1,Growth Plan,EMEA
2026-04-22,108.4,2,Starter Plan,North America
2026-04-22,354.85,2,Growth Plan,EMEA
2026-04-22,63.89,2,Add-on Seats,APAC
2026-04-22,166.01,1,Growth Plan,North America
2026-04-22,876.25,2,Enterprise Plan,APAC
2026-04-22,118.34,2,Starter Plan,North America
2026-04-22,164.93,1,Growth Plan,APAC
2026-04-22,29.08,1,Add-on Seats,EMEA
2026-04-22,108.28,2,Starter Plan,EMEA
2026-04-22,68.35,1,Starter Plan,APAC
2026-04-22,25.24,1,Add-on Seats,North America
2026-04-22,59.29,1,Starter Plan,North America
2026-04-22,381.16,2,Growth Plan,APAC
2026-04-22,59.7,1,Starter Plan,APAC
2026-04-22,27.62,1,Add-on Seats,North America
2026-04-22,427.21,1,Enterprise Plan,EMEA
2026-04-22,27.92,1,Add-on Seats,North America
2026-04-22,782.01,2,Enterprise Plan,North America
2026-04-22,184.84,1,Growth Plan,EMEA
2026-04-22,26.61,1,Add-on Seats,North America
2026-04-22,175.3,1,Growth Plan,EMEA
2026-04-22,348.18,2,Growth Plan,EMEA
2026-04-22,34.19,1,Add-on Seats,North America
2026-04-22,355.66,2,Growth Plan,North America
2026-04-22,376.11,1,Enterprise Plan,North America
2026-04-22,60.9,1,Starter Plan,EMEA
2026-04-22,62.67,2,Add-on Seats,North America
2026-04-23,187.09,1,Growth Plan,EMEA
2026-04-23,339.78,2,Growth Plan,EMEA
2026-04-23,166.16,1,Growth Plan,North America
2026-04-23,53.76,2,Add-on Seats,EMEA
2026-04-23,64.6,1,Starter Plan,North America
2026-04-23,173.25,1,Growth Plan,APAC
2026-04-23,170.95,1,Growth Plan,EMEA
2026-04-23,27.02,1,Add-on Seats,EMEA
2026-04-23,183.85,1,Growth Plan,APAC
2026-04-23,165.96,1,Growth Plan,North America
2026-04-23,1020.75,2,Enterprise Plan,North America
2026-04-23,363.6,2,Growth Plan,North America
2026-04-23,109.89,2,Starter Plan,North America
2026-04-23,463.01,1,Enterprise Plan,North America
2026-04-23,83.7,3,Add-on Seats,APAC
2026-04-23,344.92,2,Growth Plan,EMEA
2026-04-23,189.48,1,Growth Plan,EMEA
2026-04-23,59.94,1,Starter Plan,North America
2026-04-23,114.57,2,Starter Plan,North America
2026-04-23,320.45,2,Growth Plan,North America
2026-04-23,30.51,1,Add-on Seats,EMEA
2026-04-23,118.21,2,Starter Plan,EMEA
2026-04-23,119.91,2,Starter Plan,EMEA
2026-04-23,58.04,1,Starter Plan,EMEA
2026-04-23,325.14,2,Growth Plan,North America
2026-04-23,379.5,1,Enterprise Plan,EMEA
2026-04-23,327.04,2,Growth Plan,North America
2026-04-23,29.76,1,Add-on Seats,North America
2026-04-23,54.52,2,Add-on Seats,APAC
2026-04-24,27.68,1,Add-on Seats,North America
2026-04-24,402.6,1,Enterprise Plan,APAC
2026-04-24,58.66,2,Add-on Seats,North America
2026-04-24,529.13,3,Growth Plan,North America
2026-04-24,394.78,1,Enterprise Plan,North America
2026-04-24,120.01,2,Starter Plan,EMEA
2026-04-24,330.59,2,Growth Plan,APAC
2026-04-24,353.9,1,Enterprise Plan,North America
2026-04-24,31.21,1,Add-on Seats,EMEA
2026-04-24,178.33,1,Growth Plan,APAC
2026-04-24,60.7,2,Add-on Seats,North America
2026-04-24,406.05,1,Enterprise Plan,North America
2026-04-24,56.48,2,Add-on Seats,North America
2026-04-24,172.94,1,Growth Plan,APAC
2026-04-24,60.75,1,Starter Plan,EMEA
2026-04-24,53.26,2,Add-on Seats,APAC
2026-04-24,132.09,2,Starter Plan,APAC
2026-04-24,372.83,2,Growth Plan,APAC
2026-04-24,382.97,2,Growth Plan,North America
2026-04-24,55.37,2,Add-on Seats,North America
2026-04-24,26.31,1,Add-on Seats,EMEA
2026-04-24,53.37,1,Starter Plan,APAC
2026-04-24,53.14,2,Add-on Seats,EMEA
2026-04-24,358.55,2,Growth Plan,EMEA
2026-04-24,111.11,2,Starter Plan,EMEA
2026-04-24,189.28,3,Starter Plan,APAC
2026-04-24,61.04,1,Starter Plan,APAC
2026-04-24,59.33,2,Add-on Seats,North America
2026-04-24,112.9,2,Starter Plan,North America
2026-04-24,170.93,1,Growth Plan,EMEA
2026-04-24,56.79,2,Add-on Seats,APAC
2026-04-24,112.86,2,Starter Plan,APAC
2026-04-24,176.48,1,Growth Plan,EMEA
2026-04-24,60.03,2,Add-on Seats,EMEA
2026-04-24,179.23,1,Growth Plan,APAC
2026-04-24,388.81,1,Enterprise Plan,EMEA
2026-04-25,48.39,1,Starter Plan,EMEA
2026-04-25,108.46,2,Starter Plan,EMEA
2026-04-25,183.45,1,Growth Plan,EMEA
2026-04-25,64.32,2,Add-on Seats,EMEA
2026-04-25,27.63,1,Add-on Seats,North America
2026-04-25,58.24,2,Add-on Seats,North America
2026-04-25,171.2,1,Growth Plan,APAC
2026-04-25,189.16,1,Growth Plan,North America
2026-04-26,31.11,1,Add-on Seats,EMEA
2026-04-26,57.13,2,Add-on Seats,North America
2026-04-26,98.78,2,Starter Plan,North America
2026-04-26,62.57,2,Add-on Seats,EMEA
2026-04-26,195.86,1,Growth Plan,EMEA
2026-04-26,357.39,2,Growth Plan,EMEA
2026-04-26,62.07,2,Add-on Seats,APAC
2026-04-26,361.1,2,Growth Plan,North America
2026-04-26,434.35,1,Enterprise Plan,EMEA
2026-04-26,396.82,1,Enterprise Plan,North America
2026-04-26,156.8,3,Starter Plan,EMEA
2026-04-26,132.67,2,Starter Plan,North America
2026-04-26,61.84,1,Starter Plan,EMEA
2026-04-27,30.9,1,Add-on Seats,EMEA
2026-04-27,121.72,2,Starter Plan,APAC
2026-04-27,57.63,1,Starter Plan,North America
2026-04-27,737.63,2,Enterprise Plan,North America
2026-04-27,29.18,1,Add-on Seats,North America
2026-04-27,122.65,2,Starter Plan,EMEA
2026-04-27,178.15,1,Growth Plan,North America
2026-04-27,1707.69,4,Enterprise Plan,EMEA
2026-04-27,459.04,1,Enterprise Plan,APAC
2026-04-27,59.58,1,Starter Plan,EMEA
2026-04-27,25.49,1,Add-on Seats,APAC
2026-04-27,121.33,2,Starter Plan,North America
2026-04-27,397.25,2,Growth Plan,EMEA
2026-04-27,116.4,2,Starter Plan,EMEA
2026-04-27,128.16,2,Starter Plan,EMEA
2026-04-27,31.92,1,Add-on Seats,North America
2026-04-27,30.39,1,Add-on Seats,APAC
2026-04-27,810.09,2,Enterprise Plan,APAC
2026-04-27,169.94,1,Growth Plan,North America
2026-04-27,27.46,1,Add-on Seats,EMEA
2026-04-27,446.56,1,Enterprise Plan,North America
2026-04-27,429.68,1,Enterprise Plan,APAC
2026-04-27,416.86,1,Enterprise Plan,APAC
2026-04-27,64.97,2,Add-on Seats,North America
2026-04-28,112.89,2,Starter Plan,EMEA
2026-04-28,407.73,2,Growth Plan,EMEA
2026-04-28,415.66,1,Enterprise Plan,North America
2026-04-28,867.93,2,Enterprise Plan,APAC
2026-04-28,381.46,1,Enterprise Plan,APAC
2026-04-28,61.46,1,Starter Plan,North America
2026-04-28,27.15,1,Add-on Seats,North America
2026-04-28,192.4,1,Growth Plan,North America
2026-04-28,58.17,1,Starter Plan,EMEA
2026-04-28,169.08,1,Growth Plan,APAC
2026-04-28,57.18,2,Add-on Seats,EMEA
2026-04-28,316.38,2,Growth Plan,EMEA
2026-04-28,128.17,2,Starter Plan,North America
2026-04-28,176.92,1,Growth Plan,North America
2026-04-28,162.87,1,Growth Plan,North America
2026-04-28,124.69,2,Starter Plan,North America
2026-04-28,179.23,1,Growth Plan,EMEA
2026-04-28,57.8,1,Starter Plan,North America
2026-04-28,375.12,1,Enterprise Plan,APAC
2026-04-28,33.89,1,Add-on Seats,North America
2026-04-28,29.36,1,Add-on Seats,EMEA
2026-04-28,64.5,1,Starter Plan,North America
2026-04-28,122.57,2,Starter Plan,APAC
2026-04-28,111.06,2,Starter Plan,North America
2026-04-28,169.26,1,Growth Plan,North America
2026-04-28,320.29,2,Growth Plan,EMEA
2026-04-29,57.1,1,Starter Plan,APAC
2026-04-29,52.95,1,Starter Plan,APAC
2026-04-29,29.25,1,Add-on Seats,EMEA
2026-04-29,59.42,1,Starter Plan,North America
2026-04-29,352.13,2,Growth Plan,APAC
2026-04-29,414.82,1,Enterprise Plan,North America
2026-04-29,57.81,1,Starter Plan,North America
2026-04-29,167.01,1,Growth Plan,North America
2026-04-29,58.94,1,Starter Plan,APAC
2026-04-29,103.64,2,Starter Plan,APAC
2026-04-29,29.11,1,Add-on Seats,EMEA
2026-04-29,601.62,3,Growth Plan,APAC
2026-04-29,113.94,2,Starter Plan,EMEA
2026-04-29,30.8,1,Add-on Seats,EMEA
2026-04-29,183.6,1,Growth Plan,North America
2026-04-29,332.67,2,Growth Plan,North America
2026-04-29,120.11,2,Starter Plan,North America
2026-04-29,107.24,2,Starter Plan,North America
2026-04-29,31.41,1,Add-on Seats,EMEA
2026-04-29,493.26,1,Enterprise Plan,EMEA
2026-04-29,62.86,1,Starter Plan,North America
2026-04-29,359.66,2,Growth Plan,North America
2026-04-29,166.79,1,Growth Plan,North America
2026-04-29,182.34,1,Growth Plan,EMEA
2026-04-29,53.82,1,Starter Plan,North America
2026-04-29,464.92,1,Enterprise Plan,EMEA
2026-04-29,169.68,1,Growth Plan,North America
2026-04-30,30.97,1,Add-on Seats,North America
2026-04-30,31.49,1,Add-on Seats,APAC
2026-04-30,136.85,2,Starter Plan,EMEA
2026-04-30,65.34,1,Starter Plan,North America
2026-04-30,127.0,2,Starter Plan,EMEA
2026-04-30,55.21,1,Starter Plan,North America
2026-04-30,52.62,1,Starter Plan,North America
2026-04-30,138.49,2,Starter Plan,EMEA
2026-04-30,27.46,1,Add-on Seats,North America
2026-04-30,57.01,1,Starter Plan,EMEA
2026-04-30,57.19,1,Starter Plan,North America
2026-04-30,451.6,1,Enterprise Plan,EMEA
2026-04-30,112.89,2,Starter Plan,EMEA
2026-04-30,126.08,2,Starter Plan,EMEA
2026-04-30,60.57,1,Starter Plan,EMEA
2026-04-30,63.57,1,Starter Plan,North America
2026-04-30,341.15,2,Growth Plan,EMEA
2026-04-30,127.32,2,Starter Plan,North America
2026-04-30,62.53,1,Starter Plan,North America
2026-04-30,446.78,1,Enterprise Plan,North America
2026-04-30,201.14,1,Growth Plan,North America
2026-04-30,171.87,1,Growth Plan,North America
2026-04-30,51.3,1,Starter Plan,EMEA
2026-04-30,178.35,1,Growth Plan,EMEA
2026-04-30,117.15,2,Starter Plan,North America
2026-04-30,63.94,1,Starter Plan,EMEA
2026-04-30,365.53,1,Enterprise Plan,APAC
2026-04-30,59.0,2,Add-on Seats,APAC
2026-04-30,177.61,1,Growth Plan,EMEA
2026-05-01,189.38,1,Growth Plan,APAC
2026-05-01,62.94,1,Starter Plan,EMEA
2026-05-01,58.82,1,Starter Plan,EMEA
2026-05-01,63.6,1,Starter Plan,EMEA
2026-05-01,729.94,2,Enterprise Plan,APAC
2026-05-01,57.35,2,Add-on Seats,North America
2026-05-01,412.24,1,Enterprise Plan,North America
2026-05-01,135.12,2,Starter Plan,EMEA
2026-05-01,310.23,2,Growth Plan,North America
2026-05-01,456.15,1,Enterprise Plan,EMEA
2026-05-01,163.87,1,Growth Plan,North America
2026-05-01,64.44,2,Add-on Seats,North America
2026-05-01,130.7,2,Starter Plan,APAC
2026-05-01,52.99,2,Add-on Seats,EMEA
2026-05-01,63.42,2,Add-on Seats,EMEA
2026-05-01,61.93,1,Starter Plan,EMEA
2026-05-01,384.9,2,Growth Plan,North America
2026-05-01,66.26,2,Add-on Seats,APAC
2026-05-01,113.08,2,Starter Plan,North America
2026-05-01,111.9,2,Starter Plan,North America
2026-05-01,429.0,1,Enterprise Plan,North America
2026-05-01,418.54,1,Enterprise Plan,North America
2026-05-01,417.99,1,Enterprise Plan,North America
2026-05-01,363.37,2,Growth Plan,North America
2026-05-01,392.19,2,Growth Plan,North America
2026-05-02,188.88,1,Growth Plan,North America
2026-05-02,129.37,2,Starter Plan,EMEA
2026-05-02,29.18,1,Add-on Seats,APAC
2026-05-02,28.35,1,Add-on Seats,North America
2026-05-02,169.97,1,Growth Plan,North America
2026-05-02,756.19,2,Enterprise Plan,EMEA
2026-05-02,760.61,2,Enterprise Plan,EMEA
2026-05-02,105.76,2,Starter Plan,EMEA
2026-05-03,31.02,1,Add-on Seats,APAC
2026-05-03,60.61,1,Starter Plan,North America
2026-05-03,180.47,1,Growth Plan,EMEA
2026-05-03,175.56,1,Growth Plan,North America
2026-05-03,32.81,1,Add-on Seats,North America
2026-05-03,338.1,2,Growth Plan,North America
2026-05-03,189.91,1,Growth Plan,APAC
2026-05-03,58.74,1,Starter Plan,EMEA
2026-05-04,328.28,2,Growth Plan,North America
2026-05-04,31.79,1,Add-on Seats,APAC
2026-05-04,63.05,2,Add-on Seats,EMEA
2026-05-04,367.32,2,Growth Plan,APAC
2026-05-04,57.68,1,Starter Plan,EMEA
2026-05-04,33.71,1,Add-on Seats,North America
2026-05-04,433.18,1,Enterprise Plan,North America
2026-05-04,101.48,2,Starter Plan,North America
2026-05-04,66.87,2,Add-on Seats,EMEA
2026-05-04,180.11,1,Growth Plan,North America
2026-05-04,56.71,1,Starter Plan,EMEA
2026-05-04,30.38,1,Add-on Seats,North America
2026-05-04,120.0,2,Starter Plan,North America
2026-05-04,132.87,2,Starter Plan,APAC
2026-05-04,108.57,2,Starter Plan,EMEA
2026-05-04,385.2,2,Growth Plan,North America
2026-05-05,57.96,1,Starter Plan,North America
2026-05-05,109.56,2,Starter Plan,North America
2026-05-05,59.72,1,Starter Plan,North America
2026-05-05,65.44,1,Starter Plan,APAC
2026-05-05,345.72,2,Growth Plan,APAC
2026-05-05,181.21,1,Growth Plan,EMEA
2026-05-05,183.3,1,Growth Plan,EMEA
2026-05-05,56.12,1,Starter Plan,EMEA
2026-05-05,124.22,2,Starter Plan,North America
2026-05-05,59.12,1,Starter Plan,EMEA
2026-05-05,374.81,2,Growth Plan,North America
2026-05-05,464.97,1,Enterprise Plan,North America
2026-05-05,403.36,1,Enterprise Plan,North America
2026-05-05,59.74,1,Starter Plan,North America
2026-05-05,58.81,1,Starter Plan,APAC
2026-05-05,54.83,1,Starter Plan,EMEA
2026-05-05,414.3,2,Growth Plan,North America
2026-05-05,65.36,1,Starter Plan,EMEA
2026-05-05,119.4,2,Starter Plan,APAC
2026-05-05,460.29,1,Enterprise Plan,EMEA
2026-05-05,170.58,1,Growth Plan,EMEA
2026-05-05,60.46,2,Add-on Seats,APAC
2026-05-05,431.41,1,Enterprise Plan,North America
2026-05-05,112.3,2,Starter Plan,EMEA
2026-05-05,58.49,2,Add-on Seats,North America
2026-05-05,1217.62,3,Enterprise Plan,North America
2026-05-05,178.14,3,Starter Plan,North America
2026-05-06,59.61,1,Starter Plan,EMEA
2026-05-06,119.46,2,Starter Plan,EMEA
2026-05-06,56.55,2,Add-on Seats,EMEA
2026-05-06,120.77,2,Starter Plan,EMEA
2026-05-06,128.31,2,Starter Plan,North America
2026-05-06,65.67,2,Add-on Seats,APAC
2026-05-06,111.79,2,Starter Plan,EMEA
2026-05-06,54.74,2,Add-on Seats,North America
2026-05-06,122.15,2,Starter Plan,EMEA
2026-05-06,28.8,1,Add-on Seats,North America
2026-05-06,324.99,2,Growth Plan,EMEA
2026-05-06,439.09,1,Enterprise Plan,North America
2026-05-06,183.44,1,Growth Plan,North America
2026-05-06,56.55,1,Starter Plan,EMEA
2026-05-06,34.72,1,Add-on Seats,North America
2026-05-06,63.51,2,Add-on Seats,APAC
2026-05-06,121.04,2,Starter Plan,North America
2026-05-06,29.45,1,Add-on Seats,EMEA
2026-05-06,124.03,2,Starter Plan,North America
2026-05-06,398.25,1,Enterprise Plan,APAC
2026-05-06,149.74,1,Growth Plan,EMEA
2026-05-06,950.12,2,Enterprise Plan,North America
2026-05-06,405.71,2,Growth Plan,North America
2026-05-06,171.4,1,Growth Plan,EMEA
2026-05-06,129.49,2,Starter Plan,North America
2026-05-06,33.41,1,Add-on Seats,North America
2026-05-06,113.4,2,Starter Plan,EMEA
2026-05-06,434.57,1,Enterprise Plan,North America
2026-05-06,118.06,2,Starter Plan,North America
2026-05-06,222.21,1,Growth Plan,APAC
2026-05-06,65.8,1,Starter Plan,EMEA
2026-05-06,184.65,1,Growth Plan,APAC
2026-05-06,28.28,1,Add-on Seats,EMEA
2026-05-06,62.83,1,Starter Plan,EMEA
2026-05-06,55.22,1,Starter Plan,EMEA
2026-05-06,58.58,1,Starter Plan,North America
2026-05-06,188.83,1,Growth Plan,North America
2026-05-07,190.72,1,Growth Plan,APAC
2026-05-07,785.75,2,Enterprise Plan,North America
2026-05-07,55.25,2,Add-on Seats,North America
2026-05-07,30.29,1,Add-on Seats,EMEA
2026-05-07,313.37,2,Growth Plan,EMEA
2026-05-07,339.13,2,Growth Plan,North America
2026-05-07,60.51,2,Add-on Seats,APAC
2026-05-07,364.72,2,Growth Plan,North America
2026-05-07,33.63,1,Add-on Seats,North America
2026-05-07,112.52,2,Starter Plan,EMEA
2026-05-07,58.16,1,Starter Plan,North America
2026-05-07,208.71,1,Growth Plan,North America
2026-05-07,121.63,2,Starter Plan,North America
2026-05-07,343.22,2,Growth Plan,EMEA
2026-05-07,58.42,2,Add-on Seats,North America
2026-05-07,60.38,1,Starter Plan,North America
2026-05-07,59.13,1,Starter Plan,North America
2026-05-07,421.72,1,Enterprise Plan,EMEA
2026-05-07,68.71,1,Starter Plan,APAC
2026-05-07,369.16,2,Growth Plan,APAC
2026-05-07,182.35,1,Growth Plan,EMEA
2026-05-07,343.06,2,Growth Plan,APAC
2026-05-07,126.09,2,Starter Plan,North America
2026-05-07,409.59,1,Enterprise Plan,North America
2026-05-07,114.36,2,Starter Plan,North America
2026-05-07,176.72,1,Growth Plan,APAC
2026-05-08,63.75,1,Starter Plan,North America
2026-05-08,58.77,2,Add-on Seats,APAC
2026-05-08,88.57,3,Add-on Seats,EMEA
2026-05-08,178.63,1,Growth Plan,EMEA
2026-05-08,176.33,1,Growth Plan,North America
2026-05-08,447.98,1,Enterprise Plan,EMEA
2026-05-08,62.88,1,Starter Plan,APAC
2026-05-08,60.97,2,Add-on Seats,North America
2026-05-08,123.72,2,Starter Plan,EMEA
2026-05-08,107.74,2,Starter Plan,EMEA
2026-05-08,140.24,2,Starter Plan,APAC
2026-05-08,28.29,1,Add-on Seats,EMEA
2026-05-08,29.23,1,Add-on Seats,EMEA
2026-05-08,65.43,2,Add-on Seats,APAC
2026-05-08,26.29,1,Add-on Seats,North America
2026-05-08,368.87,2,Growth Plan,APAC
2026-05-08,179.29,1,Growth Plan,APAC
2026-05-08,194.41,1,Growth Plan,North America
2026-05-08,55.78,1,Starter Plan,North America
2026-05-08,180.59,1,Growth Plan,EMEA
2026-05-08,343.7,2,Growth Plan,APAC
2026-05-08,114.71,2,Starter Plan,North America
2026-05-08,69.59,2,Add-on Seats,APAC
2026-05-08,380.16,1,Enterprise Plan,APAC
2026-05-08,417.23,1,Enterprise Plan,APAC
2026-05-08,172.89,1,Growth Plan,North America
2026-05-08,28.94,1,Add-on Seats,APAC
2026-05-09,113.1,2,Starter Plan,APAC
2026-05-09,62.39,2,Add-on Seats,EMEA
2026-05-09,26.14,1,Add-on Seats,North America
2026-05-09,354.3,2,Growth Plan,APAC
2026-05-09,60.84,1,Starter Plan,EMEA
2026-05-09,326.83,2,Growth Plan,EMEA
2026-05-09,398.7,1,Enterprise Plan,EMEA
2026-05-09,63.97,2,Add-on Seats,APAC
2026-05-09,395.38,2,Growth Plan,EMEA
2026-05-09,61.4,1,Starter Plan,North America
2026-05-09,146.0,1,Growth Plan,APAC
2026-05-09,108.76,2,Starter Plan,North America
2026-05-09,176.2,1,Growth Plan,EMEA
2026-05-09,132.85,2,Starter Plan,North America
2026-05-09,66.15,1,Starter Plan,North America
2026-05-10,31.79,1,Add-on Seats,North America
2026-05-10,386.82,2,Growth Plan,APAC
2026-05-10,398.98,1,Enterprise Plan,APAC
2026-05-10,117.97,2,Starter Plan,EMEA
2026-05-10,27.07,1,Add-on Seats,North America
2026-05-10,65.0,1,Starter Plan,EMEA
2026-05-10,64.29,1,Starter Plan,EMEA
2026-05-10,62.65,1,Starter Plan,North America
2026-05-10,115.96,2,Starter Plan,North America
2026-05-11,935.69,2,Enterprise Plan,North America
2026-05-11,32.81,1,Add-on Seats,North America
2026-05-11,327.15,2,Growth Plan,North America
2026-05-11,33.06,1,Add-on Seats,North America
2026-05-11,63.31,1,Starter Plan,APAC
2026-05-11,131.3,2,Starter Plan,North America
2026-05-11,461.01,1,Enterprise Plan,EMEA
2026-05-11,352.17,2,Growth Plan,APAC
2026-05-11,64.22,1,Starter Plan,APAC
2026-05-11,133.46,2,Starter Plan,APAC
2026-05-11,817.49,2,Enterprise Plan,EMEA
2026-05-11,114.93,2,Starter Plan,North America
2026-05-11,30.7,1,Add-on Seats,North America
2026-05-11,62.54,2,Add-on Seats,North America
2026-05-11,59.01,2,Add-on Seats,EMEA
2026-05-11,408.75,2,Growth Plan,North America
2026-05-11,401.56,2,Growth Plan,APAC
2026-05-11,67.38,2,Add-on Seats,EMEA
2026-05-11,126.0,2,Starter Plan,APAC
2026-05-11,31.0,1,Add-on Seats,North America
2026-05-11,320.56,2,Growth Plan,North America
2026-05-11,117.11,2,Starter Plan,APAC
2026-05-11,545.51,3,Growth Plan,EMEA
2026-05-11,548.28,3,Growth Plan,North America
2026-05-11,176.83,1,Growth Plan,EMEA
2026-05-11,396.32,2,Growth Plan,North America
2026-05-11,63.96,1,Starter Plan,APAC
2026-05-11,59.71,1,Starter Plan,APAC
2026-05-11,361.31,2,Growth Plan,EMEA
2026-05-11,348.42,2,Growth Plan,North America
2026-05-11,111.87,2,Starter Plan,North America
2026-05-11,111.7,2,Starter Plan,EMEA
2026-05-12,64.06,1,Starter Plan,EMEA
2026-05-12,434.48,1,Enterprise Plan,North America
2026-05-12,57.13,1,Starter Plan,APAC
2026-05-12,60.9,2,Add-on Seats,North America
2026-05-12,59.83,1,Starter Plan,APAC
2026-05-12,142.37,2,Starter Plan,EMEA
2026-05-12,377.8,2,Growth Plan,North America
2026-05-12,595.2,3,Growth Plan,North America
2026-05-12,127.2,2,Starter Plan,APAC
2026-05-12,350.49,2,Growth Plan,North America
2026-05-12,87.0,3,Add-on Seats,APAC
2026-05-12,67.32,1,Starter Plan,APAC
2026-05-12,217.34,1,Growth Plan,EMEA
2026-05-12,179.82,1,Growth Plan,North America
2026-05-12,357.54,2,Growth Plan,APAC
2026-05-12,774.94,2,Enterprise Plan,North America
2026-05-12,177.06,3,Starter Plan,APAC
2026-05-12,26.99,1,Add-on Seats,North America
2026-05-12,429.85,1,Enterprise Plan,North America
2026-05-12,181.88,1,Growth Plan,North America
2026-05-12,29.15,1,Add-on Seats,EMEA
2026-05-12,418.15,1,Enterprise Plan,EMEA
2026-05-12,88.5,3,Add-on Seats,EMEA
2026-05-12,60.45,1,Starter Plan,APAC
2026-05-12,54.09,1,Starter Plan,EMEA
2026-05-12,55.0,2,Add-on Seats,APAC
2026-05-12,448.84,1,Enterprise Plan,EMEA
2026-05-12,164.33,1,Growth Plan,North America
2026-05-13,130.65,2,Starter Plan,North America
2026-05-13,178.25,1,Growth Plan,North America
2026-05-13,193.94,1,Growth Plan,North America
2026-05-13,182.27,1,Growth Plan,APAC
2026-05-13,891.63,2,Enterprise Plan,North America
2026-05-13,61.42,2,Add-on Seats,North America
2026-05-13,67.07,2,Add-on Seats,EMEA
2026-05-13,379.57,2,Growth Plan,North America
2026-05-13,30.94,1,Add-on Seats,EMEA
2026-05-13,122.1,2,Starter Plan,North America
2026-05-13,65.25,1,Starter Plan,North America
2026-05-13,125.97,2,Starter Plan,APAC
2026-05-13,59.23,1,Starter Plan,APAC
2026-05-13,64.36,1,Starter Plan,North America
2026-05-13,59.94,2,Add-on Seats,APAC
2026-05-13,866.57,2,Enterprise Plan,EMEA
2026-05-13,192.35,1,Growth Plan,North America
2026-05-13,30.69,1,Add-on Seats,North America
2026-05-13,62.64,2,Add-on Seats,North America
2026-05-13,438.54,1,Enterprise Plan,APAC
2026-05-13,176.18,1,Growth Plan,North America
2026-05-13,184.53,1,Growth Plan,EMEA
2026-05-13,399.27,2,Growth Plan,North America
2026-05-13,91.01,3,Add-on Seats,APAC
2026-05-13,33.3,1,Add-on Seats,APAC
2026-05-13,54.45,1,Starter Plan,North America
2026-05-13,110.27,2,Starter Plan,EMEA
2026-05-13,181.51,3,Starter Plan,APAC
2026-05-13,123.02,2,Starter Plan,North America
2026-05-14,175.55,1,Growth Plan,North America
2026-05-14,65.1,2,Add-on Seats,EMEA
2026-05-14,161.83,3,Starter Plan,EMEA
2026-05-14,107.59,2,Starter Plan,North America
2026-05-14,86.36,3,Add-on Seats,North America
2026-05-14,60.28,2,Add-on Seats,North America
2026-05-14,57.21,1,Starter Plan,North America
2026-05-14,31.39,1,Add-on Seats,North America
2026-05-14,64.65,1,Starter Plan,North America
2026-05-14,909.36,2,Enterprise Plan,North America
2026-05-14,56.84,2,Add-on Seats,North America
2026-05-14,193.94,1,Growth Plan,EMEA
2026-05-14,60.49,2,Add-on Seats,North America
2026-05-14,50.31,1,Starter Plan,North America
2026-05-14,57.61,1,Starter Plan,APAC
2026-05-14,384.16,2,Growth Plan,EMEA
2026-05-14,64.15,1,Starter Plan,APAC
2026-05-14,125.25,2,Starter Plan,North America
2026-05-14,134.77,2,Starter Plan,North America
2026-05-14,355.73,2,Growth Plan,North America
2026-05-14,30.44,1,Add-on Seats,APAC
2026-05-14,135.46,2,Starter Plan,EMEA
2026-05-14,1018.25,2,Enterprise Plan,EMEA
2026-05-14,366.69,2,Growth Plan,APAC
2026-05-15,27.28,1,Add-on Seats,North America
2026-05-15,402.68,2,Growth Plan,EMEA
2026-05-15,185.34,1,Growth Plan,North America
2026-05-15,61.53,1,Starter Plan,North America
2026-05-15,306.87,2,Growth Plan,North America
2026-05-15,848.72,2,Enterprise Plan,APAC
2026-05-15,200.04,1,Growth Plan,North America
2026-05-15,62.5,2,Add-on Seats,North America
2026-05-15,63.17,2,Add-on Seats,North America
2026-05-15,389.54,2,Growth Plan,North America
2026-05-15,60.01,1,Starter Plan,APAC
2026-05-15,62.2,1,Starter Plan,North America
2026-05-15,463.18,1,Enterprise Plan,North America
2026-05-15,56.78,1,Starter Plan,North America
2026-05-15,34.15,1,Add-on Seats,North America
2026-05-15,130.24,2,Starter Plan,APAC
2026-05-15,146.93,2,Starter Plan,APAC
2026-05-15,161.77,1,Growth Plan,EMEA
2026-05-15,195.57,1,Growth Plan,North America
2026-05-15,302.92,2,Growth Plan,North America
2026-05-15,390.39,1,Enterprise Plan,North America
2026-05-15,607.3,3,Growth Plan,North America
2026-05-15,120.95,2,Starter Plan,EMEA
2026-05-15,57.14,1,Starter Plan,APAC
2026-05-15,364.8,1,Enterprise Plan,North America
2026-05-15,63.01,1,Starter Plan,APAC
2026-05-15,536.08,3,Growth Plan,EMEA
2026-05-15,988.01,2,Enterprise Plan,EMEA
2026-05-15,65.73,1,Starter Plan,North America
2026-05-15,882.11,2,Enterprise Plan,APAC
2026-05-16,129.23,2,Starter Plan,North America
2026-05-16,948.25,2,Enterprise Plan,EMEA
2026-05-16,368.1,2,Growth Plan,North America
2026-05-16,59.19,1,Starter Plan,EMEA
2026-05-16,131.95,2,Starter Plan,EMEA
2026-05-16,94.78,3,Add-on Seats,North America
2026-05-16,64.39,1,Starter Plan,North America
2026-05-16,54.6,1,Starter Plan,APAC
2026-05-16,769.55,2,Enterprise Plan,APAC
2026-05-16,67.3,2,Add-on Seats,North America
2026-05-16,63.95,2,Add-on Seats,North America
2026-05-16,391.13,2,Growth Plan,North America
2026-05-17,213.28,1,Growth Plan,North America
2026-05-17,186.77,1,Growth Plan,EMEA
2026-05-17,53.33,1,Starter Plan,North America
2026-05-17,406.55,1,Enterprise Plan,North America
2026-05-17,190.13,1,Growth Plan,North America
2026-05-17,58.63,1,Starter Plan,North America
2026-05-17,118.1,2,Starter Plan,North America
2026-05-17,64.09,1,Starter Plan,North America
2026-05-17,49.82,1,Starter Plan,EMEA
2026-05-17,444.09,1,Enterprise Plan,EMEA
2026-05-17,413.85,1,Enterprise Plan,APAC
2026-05-17,948.84,2,Enterprise Plan,North America
2026-05-17,36.47,1,Add-on Seats,EMEA
2026-05-18,440.72,1,Enterprise Plan,APAC
2026-05-18,402.03,1,Enterprise Plan,EMEA
2026-05-18,206.88,3,Starter Plan,EMEA
2026-05-18,411.83,2,Growth Plan,EMEA
2026-05-18,66.62,1,Starter Plan,North America
2026-05-18,28.3,1,Add-on Seats,North America
2026-05-18,875.14,2,Enterprise Plan,EMEA
2026-05-18,53.93,1,Starter Plan,EMEA
2026-05-18,69.05,2,Add-on Seats,North America
2026-05-18,573.66,3,Growth Plan,EMEA
2026-05-18,33.19,1,Add-on Seats,North America
2026-05-18,215.32,1,Growth Plan,EMEA
2026-05-18,353.61,2,Growth Plan,North America
2026-05-18,315.98,2,Growth Plan,APAC
2026-05-18,134.12,2,Starter Plan,APAC
2026-05-18,842.82,2,Enterprise Plan,North America
2026-05-18,49.64,1,Starter Plan,EMEA
2026-05-18,382.59,2,Growth Plan,North America
2026-05-18,129.26,2,Starter Plan,EMEA
2026-05-18,656.43,3,Growth Plan,North America
2026-05-18,326.63,2,Growth Plan,North America
2026-05-18,217.57,1,Growth Plan,APAC
2026-05-18,57.96,1,Starter Plan,APAC
2026-05-18,349.15,2,Growth Plan,North America
2026-05-18,54.42,1,Starter Plan,EMEA
2026-05-18,841.98,2,Enterprise Plan,North America
2026-05-18,359.84,2,Growth Plan,EMEA
2026-05-19,201.52,1,Growth Plan,North America
2026-05-19,197.75,1,Growth Plan,EMEA
2026-05-19,97.76,2,Starter Plan,North America
2026-05-19,234.56,1,Growth Plan,APAC
2026-05-19,181.86,1,Growth Plan,APAC
2026-05-19,392.78,2,Growth Plan,EMEA
2026-05-19,66.66,1,Starter Plan,APAC
2026-05-19,440.05,1,Enterprise Plan,North America
2026-05-19,757.63,2,Enterprise Plan,North America
2026-05-19,126.39,2,Starter Plan,EMEA
2026-05-19,200.5,1,Growth Plan,North America
2026-05-19,27.94,1,Add-on Seats,North America
2026-05-19,198.73,1,Growth Plan,North America
2026-05-19,29.73,1,Add-on Seats,APAC
2026-05-19,177.33,1,Growth Plan,North America
2026-05-19,62.77,1,Starter Plan,EMEA
2026-05-19,47.35,1,Starter Plan,North America
2026-05-19,830.39,2,Enterprise Plan,APAC
2026-05-19,30.83,1,Add-on Seats,APAC
2026-05-19,55.82,1,Starter Plan,North America
2026-05-20,31.88,1,Add-on Seats,North America
2026-05-20,62.3,2,Add-on Seats,EMEA
2026-05-20,60.8,1,Starter Plan,APAC
2026-05-20,123.0,2,Starter Plan,North America
2026-05-20,383.36,2,Growth Plan,North America
2026-05-20,30.46,1,Add-on Seats,APAC
2026-05-20,52.27,1,Starter Plan,EMEA
2026-05-20,60.01,1,Starter Plan,APAC
2026-05-20,806.87,2,Enterprise Plan,EMEA
2026-05-20,106.07,2,Starter Plan,North America
2026-05-20,183.06,1,Growth Plan,North America
2026-05-20,60.17,2,Add-on Seats,EMEA
2026-05-20,458.84,1,Enterprise Plan,APAC
2026-05-20,114.88,2,Starter Plan,EMEA
2026-05-20,182.58,1,Growth Plan,North America
2026-05-20,198.0,1,Growth Plan,North America
2026-05-20,417.74,2,Growth Plan,APAC
2026-05-20,355.72,2,Growth Plan,North America
2026-05-20,63.21,2,Add-on Seats,North America
2026-05-20,69.28,2,Add-on Seats,APAC
2026-05-20,116.42,2,Starter Plan,North America
2026-05-20,29.54,1,Add-on Seats,EMEA
2026-05-20,190.53,1,Growth Plan,North America
2026-05-20,120.53,2,Starter Plan,North America
2026-05-20,128.09,2,Starter Plan,APAC
2026-05-20,60.21,1,Starter Plan,EMEA
2026-05-20,194.98,1,Growth Plan,APAC
2026-05-20,29.48,1,Add-on Seats,EMEA
2026-05-20,252.3,4,Starter Plan,APAC
2026-05-20,31.08,1,Add-on Seats,EMEA
2026-05-20,59.41,1,Starter Plan,North America
2026-05-20,774.44,2,Enterprise Plan,North America
2026-05-20,387.83,2,Growth Plan,EMEA
2026-05-20,29.43,1,Add-on Seats,North America
2026-05-20,58.05,1,Starter Plan,North America
2026-05-20,185.76,1,Growth Plan,APAC
2026-05-20,186.21,1,Growth Plan,North America
2026-05-20,66.31,1,Starter Plan,EMEA
2026-05-21,982.11,2,Enterprise Plan,EMEA
2026-05-21,360.55,2,Growth Plan,North America
2026-05-21,367.23,2,Growth Plan,APAC
2026-05-21,185.12,1,Growth Plan,EMEA
2026-05-21,120.5,2,Starter Plan,North America
2026-05-21,1314.1,3,Enterprise Plan,North America
2026-05-21,53.94,1,Starter Plan,EMEA
2026-05-21,386.0,2,Growth Plan,EMEA
2026-05-21,48.58,1,Starter Plan,EMEA
2026-05-21,124.5,2,Starter Plan,North America
2026-05-21,139.43,2,Starter Plan,North America
2026-05-21,192.71,1,Growth Plan,North America
2026-05-21,54.78,1,Starter Plan,North America
2026-05-21,368.28,2,Growth Plan,North America
2026-05-21,60.29,2,Add-on Seats,APAC
2026-05-21,127.2,2,Starter Plan,EMEA
2026-05-21,335.18,2,Growth Plan,EMEA
2026-05-21,133.81,2,Starter Plan,North America
2026-05-21,167.94,1,Growth Plan,EMEA
2026-05-21,375.03,2,Growth Plan,EMEA
2026-05-21,75.56,1,Starter Plan,APAC
2026-05-21,58.94,1,Starter Plan,North America
2026-05-21,63.78,1,Starter Plan,North America
2026-05-21,59.49,1,Starter Plan,North America
2026-05-21,109.52,2,Starter Plan,North America
2026-05-21,55.66,1,Starter Plan,APAC
2026-05-21,199.64,1,Growth Plan,APAC
2026-05-21,53.85,1,Starter Plan,North America
2026-05-21,905.93,2,Enterprise Plan,EMEA
2026-05-21,94.37,3,Add-on Seats,North America
2026-05-21,28.32,1,Add-on Seats,EMEA
2026-05-21,384.68,2,Growth Plan,APAC
2026-05-22,132.48,2,Starter Plan,APAC
2026-05-22,60.25,1,Starter Plan,North America
2026-05-22,379.25,2,Growth Plan,North America
2026-05-22,60.97,2,Add-on Seats,North America
2026-05-22,406.97,1,Enterprise Plan,North America
2026-05-22,30.96,1,Add-on Seats,North America
2026-05-22,63.76,1,Starter Plan,North America
2026-05-22,53.78,2,Add-on Seats,EMEA
2026-05-22,186.94,1,Growth Plan,North America
2026-05-22,116.3,2,Starter Plan,North America
2026-05-22,368.72,2,Growth Plan,North America
2026-05-22,59.38,2,Add-on Seats,North America
2026-05-22,366.97,2,Growth Plan,APAC
2026-05-22,30.09,1,Add-on Seats,APAC
2026-05-22,59.39,1,Starter Plan,EMEA
2026-05-22,29.58,1,Add-on Seats,North America
2026-05-22,64.06,1,Starter Plan,North America
2026-05-22,61.97,1,Starter Plan,APAC
2026-05-22,33.07,1,Add-on Seats,APAC
2026-05-22,114.11,2,Starter Plan,North America
2026-05-22,380.67,2,Growth Plan,North America
2026-05-22,123.26,2,Starter Plan,North America
2026-05-22,108.53,2,Starter Plan,North America
2026-05-22,516.74,3,Growth Plan,EMEA
2026-05-22,102.58,2,Starter Plan,EMEA
2026-05-22,65.02,1,Starter Plan,EMEA
2026-05-22,60.11,1,Starter Plan,North America
2026-05-22,388.94,1,Enterprise Plan,EMEA
2026-05-23,202.15,1,Growth Plan,EMEA
2026-05-23,954.84,2,Enterprise Plan,EMEA
2026-05-23,61.8,2,Add-on Seats,North America
2026-05-23,185.2,1,Growth Plan,North America
2026-05-23,67.97,2,Add-on Seats,EMEA
2026-05-23,62.38,1,Starter Plan,APAC
2026-05-23,360.3,2,Growth Plan,North America
2026-05-23,63.16,2,Add-on Seats,North America
2026-05-23,488.94,1,Enterprise Plan,APAC
2026-05-23,125.69,2,Starter Plan,North America
2026-05-23,64.24,2,Add-on Seats,EMEA
2026-05-23,34.21,1,Add-on Seats,North America
2026-05-23,101.38,3,Add-on Seats,EMEA
2026-05-23,132.26,2,Starter Plan,EMEA
2026-05-24,141.65,2,Starter Plan,EMEA
2026-05-24,135.76,2,Starter Plan,EMEA
2026-05-24,129.07,2,Starter Plan,EMEA
2026-05-24,33.47,1,Add-on Seats,North America
2026-05-24,381.9,2,Growth Plan,EMEA
2026-05-24,132.56,2,Starter Plan,North America
2026-05-24,421.16,2,Growth Plan,APAC
2026-05-24,404.39,2,Growth Plan,EMEA
2026-05-24,200.91,1,Growth Plan,North America
2026-05-24,410.92,2,Growth Plan,APAC
2026-05-24,66.37,2,Add-on Seats,North America
2026-05-24,829.96,2,Enterprise Plan,North America
2026-05-24,67.63,2,Add-on Seats,North America
2026-05-24,415.5,1,Enterprise Plan,North America
2026-05-25,122.64,2,Starter Plan,EMEA
2026-05-25,60.48,1,Starter Plan,North America
2026-05-25,111.28,2,Starter Plan,North America
2026-05-25,60.48,1,Starter Plan,North America
2026-05-25,64.15,2,Add-on Seats,EMEA
2026-05-25,45.22,1,Starter Plan,North America
2026-05-25,840.49,2,Enterprise Plan,EMEA
2026-05-25,139.19,2,Starter Plan,North America
2026-05-25,430.78,2,Growth Plan,EMEA
2026-05-25,192.27,1,Growth Plan,EMEA
2026-05-25,320.9,2,Growth Plan,North America
2026-05-25,63.52,1,Starter Plan,North America
2026-05-25,36.72,1,Add-on Seats,EMEA
2026-05-25,68.92,1,Starter Plan,EMEA
2026-05-25,30.76,1,Add-on Seats,North America
2026-05-25,63.48,1,Starter Plan,North America
2026-05-25,499.91,1,Enterprise Plan,North America
2026-05-25,389.63,2,Growth Plan,North America
2026-05-25,139.63,2,Starter Plan,North America
2026-05-25,64.99,2,Add-on Seats,APAC
2026-05-25,381.8,2,Growth Plan,EMEA
2026-05-25,66.5,1,Starter Plan,North America
2026-05-25,32.63,1,Add-on Seats,EMEA
2026-05-25,127.25,2,Starter Plan,EMEA
2026-05-25,332.36,2,Growth Plan,North America
2026-05-25,101.72,2,Starter Plan,APAC
2026-05-25,33.44,1,Add-on Seats,North America
2026-05-25,409.69,2,Growth Plan,EMEA
2026-05-26,138.85,2,Starter Plan,North America
2026-05-26,428.45,2,Growth Plan,EMEA
2026-05-26,160.34,1,Growth Plan,APAC
2026-05-26,28.96,1,Add-on Seats,EMEA
2026-05-26,914.83,2,Enterprise Plan,North America
2026-05-26,190.4,1,Growth Plan,North America
2026-05-26,55.7,1,Starter Plan,North America
2026-05-26,344.91,2,Growth Plan,EMEA
2026-05-26,803.04,2,Enterprise Plan,EMEA
2026-05-26,68.11,2,Add-on Seats,EMEA
2026-05-26,204.36,3,Starter Plan,EMEA
2026-05-26,187.07,1,Growth Plan,North America
2026-05-26,64.14,2,Add-on Seats,North America
2026-05-26,399.73,2,Growth Plan,North America
2026-05-26,177.96,1,Growth Plan,North America
2026-05-26,26.43,1,Add-on Seats,North America
2026-05-26,510.9,1,Enterprise Plan,North America
2026-05-26,34.53,1,Add-on Seats,EMEA
2026-05-26,482.25,1,Enterprise Plan,EMEA
2026-05-26,442.79,1,Enterprise Plan,North America
2026-05-26,1075.04,2,Enterprise Plan,EMEA
2026-05-26,410.14,2,Growth Plan,North America
2026-05-26,317.03,2,Growth Plan,North America
2026-05-26,200.33,1,Growth Plan,APAC
2026-05-26,137.51,2,Starter Plan,APAC
2026-05-26,143.48,2,Starter Plan,EMEA
2026-05-26,34.49,1,Add-on Seats,EMEA
2026-05-26,122.77,2,Starter Plan,APAC
2026-05-26,62.27,1,Starter Plan,APAC
2026-05-26,420.5,1,Enterprise Plan,North America
2026-05-26,160.34,1,Growth Plan,North America
2026-05-26,64.66,2,Add-on Seats,EMEA
2026-05-26,125.39,2,Starter Plan,APAC
2026-05-26,350.66,2,Growth Plan,APAC
2026-05-26,66.54,1,Starter Plan,EMEA
2026-05-26,395.58,2,Growth Plan,North America
2026-05-26,127.91,2,Starter Plan,North America
2026-05-27,875.05,2,Enterprise Plan,APAC
2026-05-27,33.22,1,Add-on Seats,North America
2026-05-27,1342.86,3,Enterprise Plan,APAC
2026-05-27,196.62,1,Growth Plan,EMEA
2026-05-27,63.15,2,Add-on Seats,APAC
2026-05-27,373.57,2,Growth Plan,North America
2026-05-27,143.86,2,Starter Plan,North America
2026-05-27,59.28,2,Add-on Seats,EMEA
2026-05-27,177.48,1,Growth Plan,EMEA
2026-05-27,122.59,2,Starter Plan,North America
2026-05-27,71.46,1,Starter Plan,APAC
2026-05-27,63.9,1,Starter Plan,North America
2026-05-27,488.54,3,Growth Plan,EMEA
2026-05-27,138.08,2,Starter Plan,North America
2026-05-27,373.27,2,Growth Plan,EMEA
2026-05-27,31.12,1,Add-on Seats,APAC
2026-05-27,190.63,1,Growth Plan,North America
2026-05-27,168.55,1,Growth Plan,North America
2026-05-27,187.8,1,Growth Plan,North America
2026-05-27,66.4,2,Add-on Seats,North America
2026-05-28,60.21,2,Add-on Seats,North America
2026-05-28,60.94,1,Starter Plan,North America
2026-05-28,66.03,2,Add-on Seats,North America
2026-05-28,28.88,1,Add-on Seats,North America
2026-05-28,29.13,1,Add-on Seats,EMEA
2026-05-28,372.0,2,Growth Plan,North America
2026-05-28,366.07,2,Growth Plan,North America
2026-05-28,382.09,2,Growth Plan,North America
2026-05-28,117.14,2,Starter Plan,APAC
2026-05-28,132.48,2,Starter Plan,APAC
2026-05-28,64.94,2,Add-on Seats,North America
2026-05-28,198.49,3,Starter Plan,North America
2026-05-28,65.39,2,Add-on Seats,North America
2026-05-28,219.5,1,Growth Plan,EMEA
2026-05-28,516.12,1,Enterprise Plan,North America
2026-05-28,343.96,2,Growth Plan,North America
2026-05-28,424.02,2,Growth Plan,North America
2026-05-28,137.1,2,Starter Plan,North America
2026-05-28,921.92,2,Enterprise Plan,North America
2026-05-28,181.79,1,Growth Plan,North America
2026-05-28,137.15,2,Starter Plan,North America
2026-05-28,1388.46,3,Enterprise Plan,North America
2026-05-28,56.66,1,Starter Plan,North America
2026-05-28,66.12,1,Starter Plan,APAC
2026-05-28,135.1,2,Starter Plan,EMEA
2026-05-28,58.68,2,Add-on Seats,EMEA
2026-05-29,198.95,3,Starter Plan,North America
2026-05-29,648.02,3,Growth Plan,EMEA
2026-05-29,33.73,1,Add-on Seats,North America
2026-05-29,116.13,2,Starter Plan,North America
2026-05-29,111.53,2,Starter Plan,EMEA
2026-05-29,61.99,1,Starter Plan,North America
2026-05-29,864.79,2,Enterprise Plan,EMEA
2026-05-29,32.84,1,Add-on Seats,North America
2026-05-29,128.6,2,Starter Plan,APAC
2026-05-29,408.64,2,Growth Plan,EMEA
2026-05-29,402.9,1,Enterprise Plan,North America
2026-05-29,136.74,2,Starter Plan,APAC
2026-05-29,386.17,2,Growth Plan,EMEA
2026-05-29,131.43,2,Starter Plan,North America
2026-05-29,171.47,1,Growth Plan,North America
2026-05-29,182.72,1,Growth Plan,APAC
2026-05-29,98.76,3,Add-on Seats,North America
2026-05-29,120.61,2,Starter Plan,North America
2026-05-29,31.29,1,Add-on Seats,North America
2026-05-29,175.51,1,Growth Plan,North America
2026-05-29,62.66,1,Starter Plan,North America
2026-05-30,487.4,1,Enterprise Plan,North America
2026-05-30,61.17,2,Add-on Seats,North America
2026-05-30,33.82,1,Add-on Seats,EMEA
2026-05-30,122.18,2,Starter Plan,North America
2026-05-30,356.86,2,Growth Plan,EMEA
2026-05-30,683.51,2,Enterprise Plan,APAC
2026-05-30,189.19,1,Growth Plan,EMEA
2026-05-30,214.05,1,Growth Plan,North America
2026-05-30,119.08,2,Starter Plan,North America
2026-05-30,347.87,2,Growth Plan,EMEA
2026-05-30,116.07,2,Starter Plan,North America
2026-05-30,70.1,1,Starter Plan,North America
2026-05-30,71.57,2,Add-on Seats,EMEA
2026-05-30,104.21,2,Starter Plan,North America
2026-05-30,479.38,1,Enterprise Plan,North America
2026-05-30,127.41,2,Starter Plan,North America
2026-05-30,361.78,2,Growth Plan,EMEA
2026-05-30,33.47,1,Add-on Seats,APAC
2026-05-31,599.05,3,Growth Plan,APAC
2026-05-31,355.84,1,Enterprise Plan,North America
2026-05-31,117.62,2,Starter Plan,APAC
2026-05-31,202.26,1,Growth Plan,North America
2026-05-31,438.59,1,Enterprise Plan,APAC
2026-06-01,56.27,2,Add-on Seats,EMEA
2026-06-01,115.5,2,Starter Plan,EMEA
2026-06-01,51.37,1,Starter Plan,North America
2026-06-01,207.69,1,Growth Plan,EMEA
2026-06-01,35.98,1,Add-on Seats,North America
2026-06-01,54.95,2,Add-on Seats,North America
2026-06-01,72.24,1,Starter Plan,North America
2026-06-01,354.48,2,Growth Plan,North America
2026-06-01,115.79,2,Starter Plan,EMEA
2026-06-01,949.6,2,Enterprise Plan,North America
2026-06-01,768.28,4,Growth Plan,North America
2026-06-01,521.89,3,Growth Plan,EMEA
2026-06-01,443.47,2,Growth Plan,APAC
2026-06-01,61.66,1,Starter Plan,APAC
2026-06-01,173.63,1,Growth Plan,EMEA
2026-06-01,349.82,2,Growth Plan,North America
2026-06-01,67.62,1,Starter Plan,APAC
2026-06-01,65.04,2,Add-on Seats,North America
2026-06-01,456.54,1,Enterprise Plan,North America
2026-06-01,136.79,2,Starter Plan,APAC
2026-06-01,66.84,2,Add-on Seats,North America
2026-06-01,453.89,1,Enterprise Plan,North America
2026-06-02,351.65,2,Growth Plan,North America
2026-06-02,33.25,1,Add-on Seats,North America
2026-06-02,35.44,1,Add-on Seats,North America
2026-06-02,409.25,2,Growth Plan,APAC
2026-06-02,122.24,2,Starter Plan,North America
2026-06-02,53.31,1,Starter Plan,North America
2026-06-02,406.92,2,Growth Plan,EMEA
2026-06-02,187.46,1,Growth Plan,EMEA
2026-06-02,805.79,2,Enterprise Plan,North America
2026-06-02,457.12,1,Enterprise Plan,EMEA
2026-06-02,31.17,1,Add-on Seats,North America
2026-06-02,472.57,1,Enterprise Plan,EMEA
2026-06-02,57.85,1,Starter Plan,North America
2026-06-02,62.54,2,Add-on Seats,EMEA
2026-06-02,65.85,1,Starter Plan,EMEA
2026-06-02,63.25,1,Starter Plan,EMEA
2026-06-02,32.98,1,Add-on Seats,APAC
2026-06-02,419.44,2,Growth Plan,North America
2026-06-02,126.26,2,Starter Plan,EMEA
2026-06-02,497.91,1,Enterprise Plan,North America
2026-06-02,468.72,1,Enterprise Plan,North America
2026-06-02,71.01,2,Add-on Seats,EMEA
2026-06-02,181.41,1,Growth Plan,North America
2026-06-02,124.51,2,Starter Plan,EMEA
2026-06-02,61.16,1,Starter Plan,North America
2026-06-02,137.49,2,Starter Plan,EMEA
2026-06-02,185.36,1,Growth Plan,North America
2026-06-02,66.09,1,Starter Plan,APAC
2026-06-02,389.26,2,Growth Plan,North America
2026-06-02,585.75,3,Growth Plan,North America
2026-06-02,831.66,2,Enterprise Plan,APAC
2026-06-03,376.42,2,Growth Plan,EMEA
2026-06-03,123.68,2,Starter Plan,North America
2026-06-03,491.02,1,Enterprise Plan,North America
2026-06-03,216.91,1,Growth Plan,North America
2026-06-03,69.41,2,Add-on Seats,North America
2026-06-03,1202.77,3,Enterprise Plan,North America
2026-06-03,32.34,1,Add-on Seats,EMEA
2026-06-03,126.69,2,Starter Plan,North America
2026-06-03,57.53,1,Starter Plan,North America
2026-06-03,392.96,1,Enterprise Plan,North America
2026-06-03,59.46,1,Starter Plan,APAC
2026-06-03,66.31,1,Starter Plan,APAC
2026-06-03,74.29,2,Add-on Seats,North America
2026-06-03,66.93,1,Starter Plan,EMEA
2026-06-03,133.2,2,Starter Plan,APAC
2026-06-03,210.5,1,Growth Plan,EMEA
2026-06-03,213.1,1,Growth Plan,North America
2026-06-03,50.21,2,Add-on Seats,North America
2026-06-03,71.73,2,Add-on Seats,North America
2026-06-03,212.18,1,Growth Plan,APAC
2026-06-03,433.55,1,Enterprise Plan,North America
2026-06-04,546.65,3,Growth Plan,North America
2026-06-04,66.06,1,Starter Plan,North America
2026-06-04,32.56,1,Add-on Seats,North America
2026-06-04,831.58,2,Enterprise Plan,EMEA
2026-06-04,393.84,1,Enterprise Plan,North America
2026-06-04,126.83,2,Starter Plan,North America
2026-06-04,173.62,1,Growth Plan,APAC
2026-06-04,62.25,1,Starter Plan,North America
2026-06-04,436.78,1,Enterprise Plan,North America
2026-06-04,999.82,2,Enterprise Plan,EMEA
2026-06-04,179.67,1,Growth Plan,APAC
2026-06-04,1355.94,3,Enterprise Plan,EMEA
2026-06-04,518.54,1,Enterprise Plan,North America
2026-06-04,201.94,1,Growth Plan,North America
2026-06-04,377.17,2,Growth Plan,North America
2026-06-04,473.13,1,Enterprise Plan,North America
2026-06-04,416.81,1,Enterprise Plan,EMEA
2026-06-04,211.96,3,Starter Plan,North America
2026-06-04,65.89,1,Starter Plan,North America
2026-06-04,125.59,2,Starter Plan,North America
2026-06-04,66.57,1,Starter Plan,North America
2026-06-04,66.22,2,Add-on Seats,APAC
2026-06-04,36.07,1,Add-on Seats,North America
2026-06-04,32.41,1,Add-on Seats,APAC
2026-06-04,31.27,1,Add-on Seats,EMEA
2026-06-04,72.9,1,Starter Plan,North America
2026-06-04,32.77,1,Add-on Seats,North America
2026-06-04,326.68,2,Growth Plan,North America
2026-06-04,131.23,2,Starter Plan,EMEA
2026-06-04,210.48,1,Growth Plan,EMEA
2026-06-05,428.9,2,Growth Plan,APAC
2026-06-05,33.91,1,Add-on Seats,EMEA
2026-06-05,60.31,2,Add-on Seats,North America
2026-06-05,888.9,2,Enterprise Plan,North America
2026-06-05,67.75,2,Add-on Seats,North America
2026-06-05,54.98,1,Starter Plan,EMEA
2026-06-05,123.8,2,Starter Plan,North America
2026-06-05,478.11,1,Enterprise Plan,North America
2026-06-05,56.3,2,Add-on Seats,EMEA
2026-06-05,907.12,2,Enterprise Plan,EMEA
2026-06-05,139.2,2,Starter Plan,North America
2026-06-05,69.38,2,Add-on Seats,North America
2026-06-05,390.88,2,Growth Plan,North America
2026-06-05,117.08,2,Starter Plan,North America
2026-06-05,27.56,1,Add-on Seats,EMEA
2026-06-05,472.14,1,Enterprise Plan,North America
2026-06-05,191.67,1,Growth Plan,EMEA
2026-06-05,222.58,1,Growth Plan,North America
2026-06-05,1199.56,3,Enterprise Plan,North America
2026-06-05,367.47,2,Growth Plan,APAC
2026-06-05,148.09,2,Starter Plan,EMEA
2026-06-05,884.87,2,Enterprise Plan,North America
2026-06-05,923.8,2,Enterprise Plan,EMEA
2026-06-05,139.53,2,Starter Plan,APAC
2026-06-05,34.17,1,Add-on Seats,North America
2026-06-05,126.09,2,Starter Plan,North America
2026-06-05,59.91,1,Starter Plan,EMEA
2026-06-05,60.86,2,Add-on Seats,North America
2026-06-05,794.71,2,Enterprise Plan,APAC
2026-06-05,113.92,2,Starter Plan,EMEA
2026-06-05,38.43,1,Add-on Seats,APAC
2026-06-05,140.15,2,Starter Plan,EMEA
2026-06-05,61.52,2,Add-on Seats,APAC
2026-06-05,57.79,2,Add-on Seats,EMEA
2026-06-05,190.62,1,Growth Plan,APAC
2026-06-06,371.64,2,Growth Plan,EMEA
2026-06-06,111.42,2,Starter Plan,North America
2026-06-06,481.44,1,Enterprise Plan,EMEA
2026-06-06,105.58,3,Add-on Seats,APAC
2026-06-06,126.73,2,Starter Plan,EMEA
2026-06-06,1024.78,2,Enterprise Plan,North America
2026-06-06,954.19,2,Enterprise Plan,North America
2026-06-06,55.93,1,Starter Plan,EMEA
2026-06-06,801.82,2,Enterprise Plan,APAC
2026-06-06,209.51,1,Growth Plan,APAC
2026-06-06,395.6,2,Growth Plan,North America
2026-06-06,892.67,2,Enterprise Plan,North America
2026-06-07,212.71,1,Growth Plan,APAC
2026-06-07,123.4,2,Starter Plan,APAC
2026-06-07,180.44,1,Growth Plan,EMEA
2026-06-07,1455.85,3,Enterprise Plan,APAC
2026-06-07,192.37,1,Growth Plan,EMEA
2026-06-07,67.24,1,Starter Plan,North America
2026-06-07,123.2,2,Starter Plan,EMEA
2026-06-08,178.94,1,Growth Plan,North America
2026-06-08,59.31,1,Starter Plan,North America
2026-06-08,62.9,1,Starter Plan,APAC
2026-06-08,192.16,1,Growth Plan,North America
2026-06-08,106.93,2,Starter Plan,North America
2026-06-08,438.47,2,Growth Plan,North America
2026-06-08,134.81,2,Starter Plan,North America
2026-06-08,374.66,2,Growth Plan,North America
2026-06-08,61.82,2,Add-on Seats,EMEA
2026-06-08,125.97,2,Starter Plan,EMEA
2026-06-08,33.26,1,Add-on Seats,EMEA
2026-06-08,199.21,1,Growth Plan,APAC
2026-06-08,64.69,2,Add-on Seats,North America
2026-06-08,559.61,3,Growth Plan,North America
2026-06-08,54.2,1,Starter Plan,North America
2026-06-08,61.79,1,Starter Plan,North America
2026-06-08,70.36,1,Starter Plan,North America
2026-06-08,69.29,1,Starter Plan,North America
2026-06-08,130.21,2,Starter Plan,North America
2026-06-08,95.22,3,Add-on Seats,North America
2026-06-08,66.19,2,Add-on Seats,North America
2026-06-08,27.86,1,Add-on Seats,North America
2026-06-08,72.87,2,Add-on Seats,APAC
2026-06-08,174.3,1,Growth Plan,EMEA
2026-06-08,577.49,3,Growth Plan,APAC
2026-06-08,61.06,1,Starter Plan,APAC
2026-06-09,133.88,2,Starter Plan,EMEA
2026-06-09,923.46,2,Enterprise Plan,EMEA
2026-06-09,72.14,2,Add-on Seats,North America
2026-06-09,60.27,1,Starter Plan,North America
2026-06-09,407.49,2,Growth Plan,APAC
2026-06-09,443.49,1,Enterprise Plan,APAC
2026-06-09,894.31,2,Enterprise Plan,North America
2026-06-09,182.85,1,Growth Plan,North America
2026-06-09,34.65,1,Add-on Seats,North America
2026-06-09,137.28,2,Starter Plan,EMEA
2026-06-09,186.09,1,Growth Plan,EMEA
2026-06-09,1077.38,2,Enterprise Plan,North America
2026-06-09,28.65,1,Add-on Seats,North America
2026-06-09,377.74,2,Growth Plan,North America
2026-06-09,204.63,1,Growth Plan,North America
2026-06-09,199.23,1,Growth Plan,North America
2026-06-09,428.26,2,Growth Plan,North America
2026-06-09,65.11,2,Add-on Seats,North America
2026-06-09,63.62,2,Add-on Seats,North America
2026-06-09,183.61,3,Starter Plan,APAC
2026-06-09,202.86,1,Growth Plan,North America
2026-06-09,180.81,1,Growth Plan,EMEA
2026-06-09,989.94,2,Enterprise Plan,North America
2026-06-09,580.38,3,Growth Plan,North America
2026-06-09,412.76,1,Enterprise Plan,EMEA
2026-06-09,409.31,2,Growth Plan,North America
2026-06-10,130.18,2,Starter Plan,APAC
2026-06-10,63.41,2,Add-on Seats,North America
2026-06-10,199.73,1,Growth Plan,EMEA
2026-06-10,59.07,1,Starter Plan,APAC
2026-06-10,207.02,3,Starter Plan,APAC
2026-06-10,47.55,1,Starter Plan,APAC
2026-06-10,186.91,1,Growth Plan,North America
2026-06-10,31.58,1,Add-on Seats,North America
2026-06-10,902.33,2,Enterprise Plan,North America
2026-06-10,340.3,2,Growth Plan,North America
2026-06-10,33.82,1,Add-on Seats,North America
2026-06-10,117.45,2,Starter Plan,North America
2026-06-10,592.37,3,Growth Plan,EMEA
2026-06-10,184.99,1,Growth Plan,North America
2026-06-10,34.21,1,Add-on Seats,North America
2026-06-10,439.02,2,Growth Plan,EMEA
2026-06-10,440.59,1,Enterprise Plan,EMEA
2026-06-10,126.62,2,Starter Plan,North America
2026-06-10,33.16,1,Add-on Seats,North America
2026-06-10,70.3,2,Add-on Seats,North America
2026-06-10,32.0,1,Add-on Seats,North America
2026-06-10,461.42,1,Enterprise Plan,North America
2026-06-10,1284.15,3,Enterprise Plan,APAC
2026-06-10,137.72,2,Starter Plan,EMEA
2026-06-10,127.95,2,Starter Plan,North America
2026-06-10,139.71,2,Starter Plan,North America
2026-06-10,833.28,2,Enterprise Plan,APAC
2026-06-10,60.28,1,Starter Plan,North America
2026-06-10,125.97,2,Starter Plan,EMEA
2026-06-10,198.5,1,Growth Plan,EMEA
2026-06-10,126.71,2,Starter Plan,North America
2026-06-11,348.64,2,Growth Plan,EMEA
2026-06-11,377.4,2,Growth Plan,EMEA
2026-06-11,53.33,1,Starter Plan,APAC
2026-06-11,390.52,2,Growth Plan,APAC
2026-06-11,70.45,1,Starter Plan,North America
2026-06-11,127.26,2,Starter Plan,EMEA
2026-06-11,70.24,2,Add-on Seats,APAC
2026-06-11,472.57,1,Enterprise Plan,EMEA
2026-06-11,380.47,2,Growth Plan,North America
2026-06-11,220.23,1,Growth Plan,APAC
2026-06-11,466.55,1,Enterprise Plan,EMEA
2026-06-11,133.9,2,Starter Plan,North America
2026-06-11,458.56,1,Enterprise Plan,North America
2026-06-11,77.59,1,Starter Plan,APAC
2026-06-11,419.99,2,Growth Plan,North America
2026-06-11,63.69,1,Starter Plan,EMEA
2026-06-11,208.16,1,Growth Plan,North America
2026-06-11,199.16,1,Growth Plan,APAC
2026-06-11,956.31,2,Enterprise Plan,North America
2026-06-11,196.37,1,Growth Plan,North America
2026-06-11,27.82,1,Add-on Seats,APAC
2026-06-11,213.22,1,Growth Plan,APAC
2026-06-11,1459.18,3,Enterprise Plan,EMEA
2026-06-11,95.41,3,Add-on Seats,North America
2026-06-11,114.24,2,Starter Plan,North America
2026-06-11,33.36,1,Add-on Seats,North America
2026-06-11,424.18,1,Enterprise Plan,North America
2026-06-11,461.68,1,Enterprise Plan,APAC
2026-06-11,917.54,2,Enterprise Plan,APAC
2026-06-11,69.49,1,Starter Plan,North America
2026-06-11,65.52,1,Starter Plan,EMEA
2026-06-12,405.32,2,Growth Plan,EMEA
2026-06-12,158.2,1,Growth Plan,EMEA
2026-06-12,209.58,1,Growth Plan,North America
2026-06-12,369.19,2,Growth Plan,EMEA
2026-06-12,124.48,2,Starter Plan,North America
2026-06-12,60.93,1,Starter Plan,North America
2026-06-12,111.47,2,Starter Plan,EMEA
2026-06-12,74.73,1,Starter Plan,APAC
2026-06-12,465.27,1,Enterprise Plan,EMEA
2026-06-12,546.47,3,Growth Plan,North America
2026-06-12,67.99,1,Starter Plan,North America
2026-06-12,72.48,1,Starter Plan,EMEA
2026-06-12,186.38,1,Growth Plan,EMEA
2026-06-12,34.4,1,Add-on Seats,EMEA
2026-06-12,385.08,2,Growth Plan,EMEA
2026-06-12,1238.12,3,Enterprise Plan,EMEA
2026-06-12,58.43,1,Starter Plan,EMEA
2026-06-13,69.32,1,Starter Plan,North America
2026-06-13,197.59,1,Growth Plan,EMEA
2026-06-13,182.77,1,Growth Plan,North America
2026-06-13,221.27,1,Growth Plan,North America
2026-06-13,62.79,2,Add-on Seats,EMEA
2026-06-13,194.69,3,Starter Plan,EMEA
2026-06-13,35.82,1,Add-on Seats,APAC
2026-06-13,203.54,3,Starter Plan,APAC
2026-06-13,467.1,1,Enterprise Plan,APAC
2026-06-13,62.85,1,Starter Plan,APAC
2026-06-13,504.84,1,Enterprise Plan,APAC
2026-06-13,69.21,2,Add-on Seats,North America
2026-06-13,144.54,2,Starter Plan,North America
2026-06-14,372.57,2,Growth Plan,APAC
2026-06-14,163.61,1,Growth Plan,North America
2026-06-14,173.31,1,Growth Plan,EMEA
2026-06-14,371.53,2,Growth Plan,North America
2026-06-14,67.85,1,Starter Plan,EMEA
2026-06-14,181.47,1,Growth Plan,EMEA
2026-06-14,200.22,1,Growth Plan,EMEA
2026-06-14,199.24,1,Growth Plan,North America
2026-06-14,37.66,1,Add-on Seats,APAC
2026-06-14,71.1,1,Starter Plan,EMEA
2026-06-14,125.27,2,Starter Plan,EMEA
2026-06-14,341.8,2,Growth Plan,APAC
2026-06-15,66.72,1,Starter Plan,EMEA
2026-06-15,394.64,2,Growth Plan,EMEA
2026-06-15,417.38,2,Growth Plan,North America
2026-06-15,131.92,2,Starter Plan,APAC
2026-06-15,99.88,3,Add-on Seats,APAC
2026-06-15,559.72,3,Growth Plan,EMEA
2026-06-15,467.99,1,Enterprise Plan,North America
2026-06-15,121.46,2,Starter Plan,EMEA
2026-06-15,402.47,2,Growth Plan,North America
2026-06-15,510.87,1,Enterprise Plan,North America
2026-06-15,126.92,2,Starter Plan,APAC
2026-06-15,67.17,1,Starter Plan,EMEA
2026-06-15,32.28,1,Add-on Seats,North America
2026-06-15,64.79,1,Starter Plan,EMEA
2026-06-15,446.4,1,Enterprise Plan,North America
2026-06-15,75.25,1,Starter Plan,North America
2026-06-15,70.29,2,Add-on Seats,North America
2026-06-15,141.29,2,Starter Plan,North America
2026-06-15,489.83,1,Enterprise Plan,North America
2026-06-15,179.44,1,Growth Plan,EMEA
2026-06-15,135.92,2,Starter Plan,APAC
2026-06-15,49.69,1,Starter Plan,APAC
2026-06-16,387.2,2,Growth Plan,APAC
2026-06-16,432.33,2,Growth Plan,EMEA
2026-06-16,193.9,1,Growth Plan,EMEA
2026-06-16,31.47,1,Add-on Seats,APAC
2026-06-16,118.38,2,Starter Plan,North America
2026-06-16,35.03,1,Add-on Seats,EMEA
2026-06-16,189.95,1,Growth Plan,EMEA
2026-06-16,63.84,1,Starter Plan,North America
2026-06-16,383.72,2,Growth Plan,EMEA
2026-06-16,222.46,3,Starter Plan,North America
2026-06-16,195.41,1,Growth Plan,North America
2026-06-16,204.19,1,Growth Plan,North America
2026-06-16,193.53,3,Starter Plan,EMEA
2026-06-16,393.14,2,Growth Plan,EMEA
2026-06-16,1302.69,3,Enterprise Plan,EMEA
2026-06-16,387.96,2,Growth Plan,North America
2026-06-16,126.07,2,Starter Plan,EMEA
2026-06-16,501.16,1,Enterprise Plan,North America
2026-06-16,201.47,1,Growth Plan,North America
2026-06-16,127.82,2,Starter Plan,APAC
2026-06-16,37.86,1,Add-on Seats,North America
2026-06-16,420.82,2,Growth Plan,APAC
2026-06-16,203.37,1,Growth Plan,North America
2026-06-17,62.21,1,Starter Plan,North America
2026-06-17,439.24,2,Growth Plan,APAC
2026-06-17,472.85,1,Enterprise Plan,EMEA
2026-06-17,120.91,2,Starter Plan,North America
2026-06-17,60.58,1,Starter Plan,North America
2026-06-17,207.38,1,Growth Plan,EMEA
2026-06-17,63.96,1,Starter Plan,APAC
2026-06-17,444.61,1,Enterprise Plan,North America
2026-06-17,61.25,2,Add-on Seats,APAC
2026-06-17,70.61,1,Starter Plan,North America
2026-06-17,64.38,2,Add-on Seats,EMEA
2026-06-17,133.52,2,Starter Plan,APAC
2026-06-17,143.47,2,Starter Plan,North America
2026-06-17,504.61,1,Enterprise Plan,APAC
2026-06-17,138.28,2,Starter Plan,North America
2026-06-17,135.84,2,Starter Plan,North America
2026-06-17,415.94,1,Enterprise Plan,North America
2026-06-17,1009.79,2,Enterprise Plan,North America
2026-06-17,64.52,2,Add-on Seats,APAC
2026-06-17,70.59,1,Starter Plan,North America
2026-06-17,128.43,2,Starter Plan,North America
2026-06-17,71.85,1,Starter Plan,North America
2026-06-17,53.26,1,Starter Plan,North America
2026-06-17,381.12,2,Growth Plan,EMEA
2026-06-17,74.81,1,Starter Plan,EMEA
2026-06-17,122.59,2,Starter Plan,EMEA
2026-06-17,61.52,1,Starter Plan,EMEA
2026-06-18,81.63,2,Add-on Seats,EMEA
2026-06-18,417.35,2,Growth Plan,EMEA
2026-06-18,30.26,1,Add-on Seats,APAC
2026-06-18,443.28,2,Growth Plan,North America
2026-06-18,69.03,2,Add-on Seats,North America
2026-06-18,34.03,1,Add-on Seats,North America
2026-06-18,65.64,2,Add-on Seats,APAC
2026-06-18,837.31,2,Enterprise Plan,North America
2026-06-18,56.58,1,Starter Plan,North America
2026-06-18,170.25,1,Growth Plan,North America
2026-06-18,503.8,1,Enterprise Plan,EMEA
2026-06-18,366.84,2,Growth Plan,APAC
2026-06-18,58.8,1,Starter Plan,EMEA
2026-06-18,143.03,2,Starter Plan,APAC
2026-06-18,137.36,2,Starter Plan,North America
2026-06-18,181.41,1,Growth Plan,EMEA
2026-06-18,390.0,2,Growth Plan,APAC
2026-06-18,433.46,2,Growth Plan,North America
2026-06-18,111.72,3,Add-on Seats,North America
2026-06-18,69.12,2,Add-on Seats,North America
2026-06-18,64.7,1,Starter Plan,EMEA
2026-06-18,66.85,1,Starter Plan,North America
2026-06-18,1002.1,2,Enterprise Plan,EMEA
2026-06-18,193.5,1,Growth Plan,North America
2026-06-18,183.84,1,Growth Plan,EMEA
2026-06-18,68.75,1,Starter Plan,North America
2026-06-18,133.25,2,Starter Plan,North America
2026-06-18,62.4,1,Starter Plan,APAC
2026-06-18,875.27,2,Enterprise Plan,EMEA
2026-06-19,69.59,1,Starter Plan,North America
2026-06-19,135.14,2,Starter Plan,APAC
2026-06-19,38.17,1,Add-on Seats,North America
2026-06-19,462.06,2,Growth Plan,North America
2026-06-19,27.09,1,Add-on Seats,North America
2026-06-19,34.43,1,Add-on Seats,North America
2026-06-19,392.97,2,Growth Plan,North America
2026-06-19,34.09,1,Add-on Seats,North America
2026-06-19,200.05,1,Growth Plan,EMEA
2026-06-19,189.81,1,Growth Plan,APAC
2026-06-19,54.68,2,Add-on Seats,North America
2026-06-19,72.53,1,Starter Plan,North America
2026-06-19,56.88,1,Starter Plan,APAC
2026-06-19,139.94,2,Starter Plan,EMEA
2026-06-19,181.97,1,Growth Plan,EMEA
2026-06-19,33.5,1,Add-on Seats,North America
2026-06-19,69.19,1,Starter Plan,North America
2026-06-19,193.65,1,Growth Plan,EMEA
2026-06-19,512.23,1,Enterprise Plan,North America
2026-06-19,394.65,2,Growth Plan,EMEA
2026-06-19,140.0,2,Starter Plan,EMEA
2026-06-19,207.15,1,Growth Plan,North America
2026-06-19,68.84,1,Starter Plan,APAC
2026-06-19,64.77,1,Starter Plan,North America
2026-06-19,393.49,2,Growth Plan,APAC
2026-06-19,68.36,1,Starter Plan,APAC
2026-06-19,69.5,1,Starter Plan,EMEA
2026-06-19,66.31,1,Starter Plan,North America
2026-06-19,31.63,1,Add-on Seats,EMEA
2026-06-19,71.18,1,Starter Plan,APAC
2026-06-19,34.52,1,Add-on Seats,North America
2026-06-19,30.56,1,Add-on Seats,North America
2026-06-19,29.29,1,Add-on Seats,North America
2026-06-19,170.52,1,Growth Plan,North America
2026-06-19,69.43,1,Starter Plan,EMEA
2026-06-19,67.97,1,Starter Plan,EMEA
2026-06-19,973.95,2,Enterprise Plan,EMEA
2026-06-19,157.21,2,Starter Plan,North America
2026-06-19,30.92,1,Add-on Seats,EMEA
2026-06-19,30.97,1,Add-on Seats,APAC
2026-06-20,187.24,1,Growth Plan,APAC
2026-06-20,439.23,2,Growth Plan,APAC
2026-06-20,70.45,1,Starter Plan,North America
2026-06-20,116.84,2,Starter Plan,North America
2026-06-20,127.64,2,Starter Plan,APAC
2026-06-20,182.42,1,Growth Plan,EMEA
2026-06-20,1005.73,2,Enterprise Plan,EMEA
2026-06-20,190.94,3,Starter Plan,APAC
2026-06-21,74.58,2,Add-on Seats,North America
2026-06-21,140.48,2,Starter Plan,EMEA
2026-06-21,499.09,1,Enterprise Plan,North America
2026-06-21,193.97,1,Growth Plan,North America
2026-06-21,59.24,1,Starter Plan,APAC
2026-06-21,66.78,1,Starter Plan,North America
2026-06-21,71.56,1,Starter Plan,EMEA
2026-06-21,64.61,2,Add-on Seats,APAC
2026-06-21,38.04,1,Add-on Seats,APAC
2026-06-21,213.59,1,Growth Plan,North America
2026-06-21,856.65,2,Enterprise Plan,EMEA
2026-06-21,410.58,2,Growth Plan,APAC
2026-06-21,58.56,2,Add-on Seats,North America
2026-06-21,116.08,2,Starter Plan,APAC
2026-06-21,167.97,1,Growth Plan,EMEA
2026-06-21,457.85,1,Enterprise Plan,North America
2026-06-21,66.27,1,Starter Plan,North America
2026-06-21,129.09,2,Starter Plan,EMEA
2026-06-22,72.38,2,Add-on Seats,North America
2026-06-22,900.45,2,Enterprise Plan,APAC
2026-06-22,140.45,2,Starter Plan,North America
2026-06-22,72.21,2,Add-on Seats,North America
2026-06-22,1252.02,3,Enterprise Plan,North America
2026-06-22,32.84,1,Add-on Seats,North America
2026-06-22,119.11,2,Starter Plan,APAC
2026-06-22,212.52,1,Growth Plan,North America
2026-06-22,144.08,2,Starter Plan,North America
2026-06-22,439.22,2,Growth Plan,APAC
2026-06-22,381.64,2,Growth Plan,North America
2026-06-22,68.44,2,Add-on Seats,APAC
2026-06-22,135.4,2,Starter Plan,APAC
2026-06-22,183.96,1,Growth Plan,EMEA
2026-06-22,54.44,1,Starter Plan,EMEA
2026-06-22,921.36,2,Enterprise Plan,North America
2026-06-22,64.2,2,Add-on Seats,North America
2026-06-22,204.41,1,Growth Plan,APAC
2026-06-22,954.04,2,Enterprise Plan,APAC
2026-06-22,66.95,1,Starter Plan,EMEA
2026-06-22,67.79,1,Starter Plan,APAC
2026-06-22,602.12,3,Growth Plan,EMEA
2026-06-22,177.06,1,Growth Plan,EMEA
2026-06-22,95.01,3,Add-on Seats,APAC
2026-06-22,379.02,2,Growth Plan,EMEA
2026-06-22,61.64,1,Starter Plan,EMEA
2026-06-23,139.82,2,Starter Plan,EMEA
2026-06-23,64.61,1,Starter Plan,APAC
2026-06-23,386.32,2,Growth Plan,EMEA
2026-06-23,957.73,2,Enterprise Plan,North America
2026-06-23,986.91,2,Enterprise Plan,North America
2026-06-23,141.93,2,Starter Plan,EMEA
2026-06-23,476.81,2,Growth Plan,North America
2026-06-23,450.99,1,Enterprise Plan,APAC
2026-06-23,64.72,2,Add-on Seats,EMEA
2026-06-23,938.9,2,Enterprise Plan,North America
2026-06-23,380.21,2,Growth Plan,North America
2026-06-23,548.97,1,Enterprise Plan,North America
2026-06-23,33.31,1,Add-on Seats,EMEA
2026-06-23,120.96,2,Starter Plan,North America
2026-06-23,457.82,2,Growth Plan,North America
2026-06-23,555.68,1,Enterprise Plan,APAC
2026-06-23,197.48,1,Growth Plan,North America
2026-06-23,979.48,2,Enterprise Plan,EMEA
2026-06-23,453.22,2,Growth Plan,North America
2026-06-23,583.02,3,Growth Plan,North America
2026-06-23,67.6,2,Add-on Seats,North America
2026-06-23,77.77,1,Starter Plan,North America
2026-06-23,32.87,1,Add-on Seats,EMEA
2026-06-23,429.84,2,Growth Plan,North America
2026-06-23,78.82,2,Add-on Seats,EMEA
2026-06-23,182.7,1,Growth Plan,North America
2026-06-23,469.82,1,Enterprise Plan,North America
2026-06-23,64.92,2,Add-on Seats,APAC
2026-06-23,77.29,2,Add-on Seats,North America
2026-06-23,206.11,3,Starter Plan,North America
2026-06-23,230.88,1,Growth Plan,EMEA
2026-06-24,136.37,2,Starter Plan,EMEA
2026-06-24,181.28,1,Growth Plan,EMEA
2026-06-24,486.89,2,Growth Plan,North America
2026-06-24,63.56,2,Add-on Seats,North America
2026-06-24,435.34,2,Growth Plan,EMEA
2026-06-24,62.91,2,Add-on Seats,North America
2026-06-24,398.62,2,Growth Plan,North America
2026-06-24,131.43,2,Starter Plan,North America
2026-06-24,61.56,1,Starter Plan,EMEA
2026-06-24,190.29,1,Growth Plan,North America
2026-06-24,181.03,1,Growth Plan,EMEA
2026-06-24,35.23,1,Add-on Seats,North America
2026-06-24,72.4,1,Starter Plan,North America
2026-06-24,124.58,2,Starter Plan,APAC
2026-06-24,123.82,2,Starter Plan,APAC
2026-06-24,117.49,2,Starter Plan,North America
2026-06-24,488.21,1,Enterprise Plan,EMEA
2026-06-24,132.2,2,Starter Plan,North America
2026-06-24,117.58,2,Starter Plan,APAC
2026-06-24,66.36,2,Add-on Seats,EMEA
2026-06-24,132.28,2,Starter Plan,APAC
2026-06-24,419.42,2,Growth Plan,North America
2026-06-24,202.67,1,Growth Plan,North America
2026-06-24,192.18,1,Growth Plan,North America
2026-06-24,210.33,1,Growth Plan,North America
2026-06-24,476.47,1,Enterprise Plan,North America
2026-06-25,30.68,1,Add-on Seats,North America
2026-06-25,196.06,1,Growth Plan,APAC
2026-06-25,407.33,2,Growth Plan,APAC
2026-06-25,120.58,2,Starter Plan,North America
2026-06-25,442.01,2,Growth Plan,EMEA
2026-06-25,36.76,1,Add-on Seats,APAC
2026-06-25,117.8,2,Starter Plan,EMEA
2026-06-25,128.38,2,Starter Plan,North America
2026-06-25,143.02,2,Starter Plan,APAC
2026-06-25,379.91,2,Growth Plan,EMEA
2026-06-25,37.34,1,Add-on Seats,APAC
2026-06-25,573.62,3,Growth Plan,APAC
2026-06-25,221.13,1,Growth Plan,North America
2026-06-25,442.91,1,Enterprise Plan,North America
2026-06-25,36.93,1,Add-on Seats,EMEA
2026-06-25,433.78,2,Growth Plan,North America
2026-06-25,417.57,2,Growth Plan,EMEA
2026-06-25,195.11,3,Starter Plan,EMEA
2026-06-25,130.73,2,Starter Plan,North America
2026-06-25,35.95,1,Add-on Seats,North America
2026-06-25,65.1,2,Add-on Seats,North America
2026-06-26,202.53,1,Growth Plan,APAC
2026-06-26,458.37,1,Enterprise Plan,EMEA
2026-06-26,143.69,2,Starter Plan,EMEA
2026-06-26,121.29,2,Starter Plan,North America
2026-06-26,71.57,1,Starter Plan,EMEA
2026-06-26,104.3,3,Add-on Seats,North America
2026-06-26,32.28,1,Add-on Seats,APAC
2026-06-26,374.33,2,Growth Plan,North America
2026-06-26,235.36,1,Growth Plan,APAC
2026-06-26,139.3,2,Starter Plan,North America
2026-06-26,141.43,2,Starter Plan,EMEA
2026-06-26,434.01,2,Growth Plan,North America
2026-06-26,397.14,2,Growth Plan,EMEA
2026-06-26,33.17,1,Add-on Seats,North America
2026-06-26,421.55,2,Growth Plan,North America
2026-06-26,950.92,2,Enterprise Plan,North America
2026-06-26,63.47,1,Starter Plan,EMEA
2026-06-26,449.67,1,Enterprise Plan,North America
2026-06-26,487.57,1,Enterprise Plan,North America
2026-06-26,180.57,3,Starter Plan,North America
2026-06-26,37.64,1,Add-on Seats,North America
2026-06-26,125.22,2,Starter Plan,APAC
2026-06-26,225.88,1,Growth Plan,North America
2026-06-26,34.47,1,Add-on Seats,North America
2026-06-26,400.96,2,Growth Plan,EMEA
2026-06-26,1026.96,2,Enterprise Plan,North America
2026-06-26,70.06,1,Starter Plan,North America
2026-06-26,69.63,1,Starter Plan,North America
2026-06-26,155.14,2,Starter Plan,North America
2026-06-26,369.14,2,Growth Plan,North America
2026-06-27,129.65,2,Starter Plan,EMEA
2026-06-27,62.35,1,Starter Plan,EMEA
2026-06-27,432.54,2,Growth Plan,North America
2026-06-27,62.43,1,Starter Plan,APAC
2026-06-27,58.32,1,Starter Plan,EMEA
2026-06-27,66.79,1,Starter Plan,EMEA
2026-06-27,79.49,1,Starter Plan,North America
2026-06-27,612.97,3,Growth Plan,North America
2026-06-27,129.43,2,Starter Plan,APAC
2026-06-27,69.78,1,Starter Plan,EMEA
2026-06-28,111.72,2,Starter Plan,APAC
2026-06-28,74.11,2,Add-on Seats,APAC
2026-06-28,222.21,1,Growth Plan,EMEA
2026-06-28,406.34,2,Growth Plan,North America
2026-06-28,264.09,1,Add-on Seats,North America
2026-06-29,33.5,1,Add-on Seats,EMEA
2026-06-29,191.62,1,Growth Plan,North America
2026-06-29,29.99,1,Add-on Seats,North America
2026-06-29,390.0,2,Growth Plan,EMEA
2026-06-29,134.91,2,Starter Plan,North America
2026-06-29,488.54,1,Enterprise Plan,APAC
2026-06-29,1001.77,2,Enterprise Plan,EMEA
2026-06-29,410.99,2,Growth Plan,North America
2026-06-29,418.95,2,Growth Plan,APAC
2026-06-29,459.38,1,Enterprise Plan,APAC
2026-06-29,31.83,1,Add-on Seats,North America
2026-06-29,512.11,1,Enterprise Plan,EMEA
2026-06-29,36.65,1,Add-on Seats,North America
2026-06-29,533.12,1,Enterprise Plan,North America
2026-06-29,74.98,1,Starter Plan,APAC
2026-06-29,202.37,1,Growth Plan,EMEA
2026-06-29,521.2,1,Enterprise Plan,North America
2026-06-29,59.61,1,Starter Plan,EMEA
2026-06-29,34.02,1,Add-on Seats,APAC
2026-06-29,1063.18,2,Enterprise Plan,APAC
2026-06-29,501.15,1,Enterprise Plan,EMEA
2026-06-29,139.9,2,Starter Plan,EMEA
2026-06-29,407.06,2,Growth Plan,EMEA
2026-06-29,227.38,1,Growth Plan,North America
2026-06-29,199.84,1,Growth Plan,North America
2026-06-29,148.12,2,Starter Plan,EMEA
2026-06-29,107.95,3,Add-on Seats,North America
2026-06-30,876.9,2,Enterprise Plan,North America
2026-06-30,1503.48,3,Enterprise Plan,North America
2026-06-30,68.54,2,Add-on Seats,North America
2026-06-30,36.64,1,Add-on Seats,North America
2026-06-30,244.96,1,Growth Plan,EMEA
2026-06-30,67.32,2,Add-on Seats,EMEA
2026-06-30,62.5,1,Starter Plan,EMEA
2026-06-30,70.09,2,Add-on Seats,EMEA
2026-06-30,66.97,1,Starter Plan,APAC
2026-06-30,116.71,2,Starter Plan,EMEA
2026-06-30,200.11,1,Growth Plan,North America
2026-06-30,80.1,2,Add-on Seats,EMEA
2026-06-30,64.22,1,Starter Plan,North America
2026-06-30,406.97,2,Growth Plan,North America
2026-06-30,1002.71,2,Enterprise Plan,North America
2026-06-30,35.08,1,Add-on Seats,North America
2026-06-30,419.78,2,Growth Plan,EMEA
2026-06-30,74.95,1,Starter Plan,North America
2026-06-30,498.25,1,Enterprise Plan,North America
2026-06-30,406.44,2,Growth Plan,North America
2026-06-30,32.75,1,Add-on Seats,North America
2026-06-30,73.3,1,Starter Plan,APAC
2026-06-30,393.11,2,Growth Plan,EMEA
2026-06-30,465.19,2,Growth Plan,North America
2026-06-30,972.94,2,Enterprise Plan,North America
2026-06-30,119.5,2,Starter Plan,North America
2026-06-30,521.78,1,Enterprise Plan,North America
2026-06-30,193.43,1,Growth Plan,EMEA
2026-06-30,143.24,2,Starter Plan,APAC
2026-07-01,496.73,1,Enterprise Plan,North America
2026-07-01,471.49,2,Growth Plan,EMEA
2026-07-01,728.9,2,Enterprise Plan,EMEA
2026-07-01,125.87,2,Starter Plan,EMEA
2026-07-01,73.48,1,Starter Plan,EMEA
2026-07-01,61.35,2,Add-on Seats,North America
2026-07-01,141.35,2,Starter Plan,EMEA
2026-07-01,68.58,1,Starter Plan,EMEA
2026-07-01,69.38,1,Starter Plan,North America
2026-07-01,74.23,2,Add-on Seats,North America
2026-07-01,71.42,1,Starter Plan,North America
2026-07-01,187.54,1,Growth Plan,APAC
2026-07-01,1011.79,2,Enterprise Plan,North America
2026-07-01,121.26,2,Starter Plan,EMEA
2026-07-01,438.38,2,Growth Plan,EMEA
2026-07-01,224.41,1,Growth Plan,APAC
2026-07-01,407.05,2,Growth Plan,EMEA
2026-07-01,117.89,2,Starter Plan,North America
2026-07-01,137.31,2,Starter Plan,APAC
2026-07-01,197.66,1,Growth Plan,North America
2026-07-01,1090.22,2,Enterprise Plan,APAC
2026-07-01,66.57,1,Starter Plan,EMEA
2026-07-02,1015.0,2,Enterprise Plan,APAC
2026-07-02,687.63,3,Growth Plan,EMEA
2026-07-02,488.93,1,Enterprise Plan,North America
2026-07-02,39.93,1,Add-on Seats,North America
2026-07-02,75.9,1,Starter Plan,EMEA
2026-07-02,109.87,3,Add-on Seats,EMEA
2026-07-02,67.99,1,Starter Plan,North America
2026-07-02,519.35,1,Enterprise Plan,North America
2026-07-02,581.32,3,Growth Plan,North America
2026-07-02,409.02,2,Growth Plan,North America
2026-07-02,118.29,2,Starter Plan,North America
2026-07-02,442.16,2,Growth Plan,North America
2026-07-02,181.4,3,Starter Plan,EMEA
2026-07-02,63.6,1,Starter Plan,EMEA
2026-07-02,416.2,2,Growth Plan,North America
2026-07-02,405.03,2,Growth Plan,North America
2026-07-02,210.24,1,Growth Plan,North America
2026-07-02,71.88,1,Starter Plan,EMEA
2026-07-02,72.7,1,Starter Plan,North America
2026-07-02,467.5,2,Growth Plan,North America
2026-07-02,69.08,1,Starter Plan,North America
2026-07-02,134.52,2,Starter Plan,North America
2026-07-02,523.94,1,Enterprise Plan,EMEA
2026-07-02,146.82,2,Starter Plan,North America
2026-07-02,68.6,1,Starter Plan,North America
2026-07-02,217.23,3,Starter Plan,EMEA
2026-07-02,128.26,2,Starter Plan,North America
2026-07-02,69.86,2,Add-on Seats,North America
2026-07-02,132.23,2,Starter Plan,APAC
2026-07-03,531.13,1,Enterprise Plan,EMEA
2026-07-03,385.91,2,Growth Plan,APAC
2026-07-03,57.24,1,Starter Plan,North America
2026-07-03,383.64,2,Growth Plan,North America
2026-07-03,223.5,1,Growth Plan,North America
2026-07-03,482.71,1,Enterprise Plan,EMEA
2026-07-03,32.02,1,Add-on Seats,North America
2026-07-03,156.62,2,Starter Plan,EMEA
2026-07-03,863.51,2,Enterprise Plan,North America
2026-07-03,134.09,2,Starter Plan,North America
2026-07-03,264.09,1,Add-on Seats,North America
2026-07-03,138.15,2,Starter Plan,North America
2026-07-03,62.52,1,Starter Plan,EMEA
2026-07-03,453.06,1,Enterprise Plan,North America
2026-07-03,1007.96,2,Enterprise Plan,North America
2026-07-03,384.93,2,Growth Plan,North America
2026-07-03,28.46,1,Add-on Seats,North America
2026-07-03,146.58,2,Starter Plan,EMEA
2026-07-03,941.33,2,Enterprise Plan,North America
2026-07-03,59.36,1,Starter Plan,APAC
2026-07-03,348.18,2,Growth Plan,APAC
2026-07-03,398.96,2,Growth Plan,APAC
2026-07-03,193.74,1,Growth Plan,EMEA
2026-07-04,403.45,2,Growth Plan,North America
2026-07-04,61.02,1,Starter Plan,APAC
2026-07-04,199.11,1,Growth Plan,EMEA
2026-07-04,409.53,2,Growth Plan,North America
2026-07-04,220.67,1,Growth Plan,APAC
2026-07-04,142.41,2,Starter Plan,EMEA
2026-07-04,384.98,2,Growth Plan,North America
2026-07-05,183.14,1,Growth Plan,EMEA
2026-07-05,32.88,1,Add-on Seats,North America
2026-07-05,58.6,1,Starter Plan,North America
2026-07-05,124.16,2,Starter Plan,North America
2026-07-05,1067.83,2,Enterprise Plan,North America
2026-07-05,192.99,1,Growth Plan,North America
2026-07-05,372.25,2,Growth Plan,North America
2026-07-05,406.56,2,Growth Plan,North America
2026-07-05,72.73,2,Add-on Seats,EMEA
2026-07-05,137.61,2,Starter Plan,North America
2026-07-05,436.83,2,Growth Plan,EMEA
2026-07-05,421.45,2,Growth Plan,APAC
2026-07-05,60.37,1,Starter Plan,EMEA
2026-07-05,214.36,1,Growth Plan,EMEA
2026-07-05,494.21,1,Enterprise Plan,North America
2026-07-06,71.78,2,Add-on Seats,North America
2026-07-06,65.72,2,Add-on Seats,EMEA
2026-07-06,198.41,1,Growth Plan,EMEA
2026-07-06,367.43,2,Growth Plan,APAC
2026-07-06,65.85,1,Starter Plan,North America
2026-07-06,942.19,2,Enterprise Plan,North America
2026-07-06,134.6,2,Starter Plan,North America
2026-07-06,166.16,1,Growth Plan,North America
2026-07-06,432.23,2,Growth Plan,North America
2026-07-06,942.85,2,Enterprise Plan,APAC
2026-07-06,970.14,2,Enterprise Plan,APAC
2026-07-06,954.21,2,Enterprise Plan,North America
2026-07-06,67.66,1,Starter Plan,North America
2026-07-06,207.3,1,Growth Plan,APAC
2026-07-06,985.35,2,Enterprise Plan,APAC
2026-07-06,396.61,2,Growth Plan,APAC
2026-07-06,511.66,1,Enterprise Plan,North America
2026-07-06,72.61,2,Add-on Seats,North America
2026-07-06,166.08,2,Starter Plan,North America
2026-07-06,210.73,1,Growth Plan,North America
2026-07-06,210.81,1,Growth Plan,EMEA
2026-07-06,67.32,1,Starter Plan,North America
2026-07-06,66.68,1,Starter Plan,North America
2026-07-06,34.42,1,Add-on Seats,EMEA
2026-07-06,199.02,1,Growth Plan,APAC
2026-07-06,34.91,1,Add-on Seats,North America
2026-07-06,421.54,2,Growth Plan,North America
2026-07-06,205.94,1,Growth Plan,EMEA
2026-07-06,224.3,1,Growth Plan,EMEA
2026-07-07,68.46,2,Add-on Seats,EMEA
2026-07-07,30.94,1,Add-on Seats,North America
2026-07-07,401.68,2,Growth Plan,EMEA
2026-07-07,353.66,2,Growth Plan,North America
2026-07-07,136.63,2,Starter Plan,North America
2026-07-07,255.09,1,Growth Plan,APAC
2026-07-07,122.6,2,Starter Plan,North America
2026-07-07,876.06,2,Enterprise Plan,North America
2026-07-07,73.45,1,Starter Plan,North America
2026-07-07,219.79,1,Growth Plan,North America
2026-07-07,138.26,2,Starter Plan,North America
2026-07-07,71.14,1,Starter Plan,North America
2026-07-07,75.41,2,Add-on Seats,North America
2026-07-07,18486.56,25,Enterprise Plan,EMEA
2026-07-07,213.14,1,Growth Plan,North America
2026-07-07,540.7,1,Enterprise Plan,North America
2026-07-07,36.91,1,Add-on Seats,North America
2026-07-07,65.63,1,Starter Plan,North America
2026-07-07,144.92,2,Starter Plan,EMEA
2026-07-07,891.43,2,Enterprise Plan,North America
2026-07-07,376.69,2,Growth Plan,North America
2026-07-07,70.99,1,Starter Plan,EMEA
2026-07-07,507.94,1,Enterprise Plan,EMEA
2026-07-07,344.37,2,Growth Plan,APAC
2026-07-07,72.06,2,Add-on Seats,North America
2026-07-07,460.07,1,Enterprise Plan,North America
2026-07-07,66.28,1,Starter Plan,APAC
2026-07-07,130.06,2,Starter Plan,EMEA
2026-07-07,413.35,2,Growth Plan,North America
2026-07-07,72.74,1,Starter Plan,EMEA
2026-07-07,70.27,2,Add-on Seats,EMEA
2026-07-07,952.29,2,Enterprise Plan,APAC
2026-07-07,203.52,1,Growth Plan,North America
2026-07-07,206.45,1,Growth Plan,APAC
2026-07-07,200.04,1,Growth Plan,EMEA
2026-07-07,110.3,2,Starter Plan,APAC
2026-07-08,541.24,1,Enterprise Plan,APAC
2026-07-08,217.07,1,Growth Plan,APAC
2026-07-08,81.19,1,Starter Plan,EMEA
2026-07-08,231.99,1,Growth Plan,APAC
2026-07-08,482.2,1,Enterprise Plan,North America
2026-07-08,485.28,2,Growth Plan,North America
2026-07-08,460.07,2,Growth Plan,EMEA
2026-07-08,449.89,1,Enterprise Plan,EMEA
2026-07-08,374.84,2,Growth Plan,North America
2026-07-08,204.26,1,Growth Plan,North America
2026-07-08,34.24,1,Add-on Seats,North America
2026-07-08,79.88,2,Add-on Seats,North America
2026-07-08,32.09,1,Add-on Seats,North America
2026-07-08,73.57,1,Starter Plan,North America
2026-07-08,137.71,2,Starter Plan,North America
2026-07-08,35.99,1,Add-on Seats,North America
2026-07-08,464.51,1,Enterprise Plan,APAC
2026-07-08,507.66,1,Enterprise Plan,APAC
2026-07-08,435.39,2,Growth Plan,EMEA
2026-07-08,124.73,2,Starter Plan,North America
2026-07-08,486.93,1,Enterprise Plan,EMEA
2026-07-08,130.3,2,Starter Plan,EMEA
2026-07-08,66.01,1,Starter Plan,APAC
2026-07-09,137.08,2,Starter Plan,APAC
2026-07-09,913.02,2,Enterprise Plan,EMEA
2026-07-09,213.91,1,Growth Plan,North America
2026-07-09,646.85,3,Growth Plan,North America
2026-07-09,641.76,3,Growth Plan,North America
2026-07-09,937.92,2,Enterprise Plan,North America
2026-07-09,73.52,1,Starter Plan,APAC
2026-07-09,204.46,1,Growth Plan,North America
2026-07-09,67.57,2,Add-on Seats,EMEA
2026-07-09,224.39,1,Growth Plan,North America
2026-07-09,188.84,1,Growth Plan,North America
2026-07-09,65.34,1,Starter Plan,North America
2026-07-09,479.14,2,Growth Plan,APAC
2026-07-09,1537.36,3,Enterprise Plan,North America
2026-07-09,939.62,2,Enterprise Plan,EMEA
2026-07-09,941.04,2,Enterprise Plan,APAC
2026-07-09,193.84,1,Growth Plan,North America
2026-07-09,215.1,1,Growth Plan,EMEA
2026-07-09,186.7,1,Growth Plan,APAC
2026-07-09,215.29,1,Growth Plan,EMEA
2026-07-09,458.27,2,Growth Plan,North America
2026-07-09,153.59,1,Growth Plan,North America
2026-07-09,126.44,2,Starter Plan,North America
2026-07-09,179.23,1,Growth Plan,EMEA
2026-07-09,461.91,1,Enterprise Plan,EMEA
2026-07-09,191.82,1,Growth Plan,EMEA
2026-07-09,185.99,1,Growth Plan,APAC
2026-07-09,125.32,2,Starter Plan,EMEA
2026-07-10,40.28,1,Add-on Seats,APAC
2026-07-10,222.87,1,Growth Plan,APAC
2026-07-10,457.07,2,Growth Plan,EMEA
2026-07-10,76.26,2,Add-on Seats,North America
2026-07-10,977.66,2,Enterprise Plan,North America
2026-07-10,141.91,2,Starter Plan,North America
2026-07-10,453.76,1,Enterprise Plan,APAC
2026-07-10,178.05,1,Growth Plan,North America
2026-07-10,389.27,2,Growth Plan,EMEA
2026-07-10,137.76,2,Starter Plan,North America
2026-07-10,350.58,2,Growth Plan,North America
2026-07-10,34.72,1,Add-on Seats,EMEA
2026-07-10,77.62,1,Starter Plan,North America
2026-07-11,204.28,3,Starter Plan,North America
2026-07-11,81.46,2,Add-on Seats,North America
2026-07-11,124.79,2,Starter Plan,EMEA
2026-07-11,1319.45,3,Enterprise Plan,North America
2026-07-11,504.0,1,Enterprise Plan,North America
2026-07-11,514.69,1,Enterprise Plan,North America
2026-07-11,35.0,1,Add-on Seats,EMEA
2026-07-11,222.62,1,Growth Plan,North America
2026-07-11,79.02,1,Starter Plan,North America
2026-07-11,393.16,2,Growth Plan,North America
2026-07-11,142.09,2,Starter Plan,EMEA
2026-07-11,74.33,2,Add-on Seats,APAC
2026-07-11,452.67,1,Enterprise Plan,North America
2026-07-11,32.18,1,Add-on Seats,North America
2026-07-11,433.84,2,Growth Plan,EMEA
2026-07-12,123.46,2,Starter Plan,APAC
2026-07-12,66.06,1,Starter Plan,APAC
2026-07-12,390.96,2,Growth Plan,APAC
2026-07-12,453.74,2,Growth Plan,North America
2026-07-12,403.61,2,Growth Plan,North America
2026-07-12,70.24,2,Add-on Seats,North America
2026-07-12,211.21,1,Growth Plan,North America
2026-07-12,140.47,2,Starter Plan,North America
2026-07-12,68.22,1,Starter Plan,APAC
2026-07-12,40.21,1,Add-on Seats,EMEA
2026-07-13,140.96,2,Starter Plan,EMEA
2026-07-13,458.52,2,Growth Plan,EMEA
2026-07-13,135.46,2,Starter Plan,APAC
2026-07-13,249.07,1,Growth Plan,North America
2026-07-13,34.54,1,Add-on Seats,North America
2026-07-13,128.32,2,Starter Plan,EMEA
2026-07-13,149.24,2,Starter Plan,EMEA
2026-07-13,78.32,1,Starter Plan,EMEA
2026-07-13,353.63,2,Growth Plan,EMEA
2026-07-13,165.67,1,Growth Plan,APAC
2026-07-13,564.32,1,Enterprise Plan,APAC
2026-07-13,142.83,2,Starter Plan,North America
2026-07-13,356.76,2,Growth Plan,EMEA
2026-07-13,78.14,1,Starter Plan,North America
2026-07-13,227.58,3,Starter Plan,North America
2026-07-13,61.44,1,Starter Plan,North America
2026-07-13,509.65,1,Enterprise Plan,EMEA
2026-07-13,205.09,1,Growth Plan,EMEA
2026-07-13,63.48,1,Starter Plan,North America
2026-07-13,445.92,2,Growth Plan,EMEA
2026-07-13,561.87,1,Enterprise Plan,North America
2026-07-13,205.37,1,Growth Plan,North America
2026-07-13,506.94,1,Enterprise Plan,EMEA
2026-07-13,136.81,2,Starter Plan,APAC
2026-07-13,224.33,1,Growth Plan,North America
2026-07-14,123.53,2,Starter Plan,North America
2026-07-14,207.28,1,Growth Plan,North America
2026-07-14,37.74,1,Add-on Seats,EMEA
2026-07-14,225.29,1,Growth Plan,APAC
2026-07-14,148.09,2,Starter Plan,APAC
2026-07-14,66.88,2,Add-on Seats,North America
2026-07-14,148.57,2,Starter Plan,APAC
2026-07-14,64.11,2,Add-on Seats,EMEA
2026-07-14,506.94,1,Enterprise Plan,APAC
2026-07-14,73.51,1,Starter Plan,APAC
2026-07-14,64.49,1,Starter Plan,EMEA
2026-07-14,505.18,1,Enterprise Plan,EMEA
2026-07-14,34.85,1,Add-on Seats,APAC
2026-07-14,1005.16,2,Enterprise Plan,North America
2026-07-14,131.24,2,Starter Plan,EMEA
2026-07-14,129.64,2,Starter Plan,North America
2026-07-14,147.46,2,Starter Plan,North America
2026-07-14,73.41,2,Add-on Seats,APAC
2026-07-14,64.12,1,Starter Plan,North America
2026-07-14,469.64,1,Enterprise Plan,EMEA
2026-07-14,204.1,1,Growth Plan,APAC
2026-07-14,66.3,1,Starter Plan,North America
2026-07-14,487.11,1,Enterprise Plan,EMEA
2026-07-14,71.96,1,Starter Plan,North America
2026-07-14,71.91,2,Add-on Seats,EMEA
2026-07-14,65.87,1,Starter Plan,North America
2026-07-14,151.19,1,Growth Plan,North America
2026-07-14,69.73,1,Starter Plan,North America
2026-07-15,60.01,1,Starter Plan,North America
2026-07-15,77.3,1,Starter Plan,EMEA
2026-07-15,67.03,1,Starter Plan,APAC
2026-07-15,130.08,2,Starter Plan,North America
2026-07-15,120.29,3,Add-on Seats,APAC
2026-07-15,416.59,1,Enterprise Plan,North America
2026-07-15,436.33,2,Growth Plan,North America
2026-07-15,188.05,1,Growth Plan,North America
2026-07-15,125.43,2,Starter Plan,North America
2026-07-15,534.74,1,Enterprise Plan,North America
2026-07-15,397.58,2,Growth Plan,North America
2026-07-15,69.99,1,Starter Plan,EMEA
2026-07-15,982.99,2,Enterprise Plan,North America
2026-07-15,37.64,1,Add-on Seats,APAC
2026-07-15,79.67,2,Add-on Seats,APAC
2026-07-15,118.95,2,Starter Plan,APAC
2026-07-15,77.96,1,Starter Plan,North America
2026-07-15,447.05,2,Growth Plan,North America
2026-07-15,69.89,2,Add-on Seats,EMEA
2026-07-15,961.12,2,Enterprise Plan,North America
2026-07-15,187.54,3,Starter Plan,North America
2026-07-15,216.95,1,Growth Plan,EMEA
2026-07-15,210.24,1,Growth Plan,North America
2026-07-15,398.03,2,Growth Plan,North America
2026-07-15,35.69,1,Add-on Seats,North America
2026-07-16,123.41,2,Starter Plan,North America
2026-07-16,419.35,2,Growth Plan,APAC
2026-07-16,123.7,2,Starter Plan,North America
2026-07-16,37.48,1,Add-on Seats,North America
2026-07-16,583.29,3,Growth Plan,North America
2026-07-16,70.83,2,Add-on Seats,North America
2026-07-16,203.27,1,Growth Plan,North America
2026-07-16,65.3,1,Starter Plan,EMEA
2026-07-16,195.18,3,Starter Plan,APAC
2026-07-16,33.19,1,Add-on Seats,APAC
2026-07-16,131.05,2,Starter Plan,EMEA
2026-07-16,161.15,2,Starter Plan,EMEA
2026-07-16,71.61,2,Add-on Seats,North America
2026-07-16,428.15,2,Growth Plan,North America
2026-07-16,452.88,2,Growth Plan,EMEA
2026-07-16,537.44,1,Enterprise Plan,North America
2026-07-16,30.0,1,Add-on Seats,APAC
2026-07-16,150.3,2,Starter Plan,EMEA
2026-07-16,71.45,2,Add-on Seats,North America
2026-07-16,405.13,2,Growth Plan,North America
2026-07-17,59.48,2,Add-on Seats,North America
2026-07-17,138.22,2,Starter Plan,APAC
2026-07-17,446.13,1,Enterprise Plan,North America
2026-07-17,486.5,1,Enterprise Plan,EMEA
2026-07-17,402.18,2,Growth Plan,North America
2026-07-17,33.66,1,Add-on Seats,EMEA
2026-07-17,1056.0,2,Enterprise Plan,EMEA
2026-07-17,141.57,2,Starter Plan,North America
2026-07-17,140.76,2,Starter Plan,North America
2026-07-17,120.99,2,Starter Plan,APAC
2026-07-17,59.24,1,Starter Plan,APAC
2026-07-17,37.75,1,Add-on Seats,North America
2026-07-17,72.79,1,Starter Plan,North America
2026-07-17,428.72,2,Growth Plan,North America
2026-07-17,156.41,2,Starter Plan,APAC
2026-07-17,149.06,2,Starter Plan,APAC
2026-07-17,921.1,2,Enterprise Plan,EMEA
2026-07-17,201.94,3,Starter Plan,APAC
2026-07-17,64.93,1,Starter Plan,North America
2026-07-17,640.09,3,Growth Plan,North America
2026-07-17,431.01,2,Growth Plan,North America
2026-07-17,71.38,2,Add-on Seats,North America
2026-07-17,412.4,2,Growth Plan,EMEA
2026-07-17,36.8,1,Add-on Seats,EMEA
2026-07-17,33.48,1,Add-on Seats,APAC
2026-07-17,991.88,2,Enterprise Plan,EMEA
2026-07-17,144.27,2,Starter Plan,North America
2026-07-18,571.79,1,Enterprise Plan,North America
2026-07-18,210.41,1,Growth Plan,North America
2026-07-18,511.56,1,Enterprise Plan,EMEA
2026-07-18,908.87,2,Enterprise Plan,EMEA
2026-07-18,65.16,1,Starter Plan,EMEA
2026-07-18,68.3,1,Starter Plan,EMEA
2026-07-18,537.65,1,Enterprise Plan,EMEA
2026-07-18,77.68,2,Add-on Seats,EMEA
2026-07-18,68.48,1,Starter Plan,EMEA
2026-07-18,76.45,1,Starter Plan,North America
2026-07-18,39.46,1,Add-on Seats,APAC
2026-07-18,66.01,2,Add-on Seats,EMEA
2026-07-18,67.25,1,Starter Plan,EMEA
2026-07-19,33.68,1,Add-on Seats,North America
2026-07-19,75.16,1,Starter Plan,North America
2026-07-19,388.03,2,Growth Plan,APAC
2026-07-19,145.64,2,Starter Plan,North America
2026-07-19,145.27,2,Starter Plan,North America
2026-07-19,392.02,2,Growth Plan,EMEA
2026-07-19,221.04,1,Growth Plan,North America
2026-07-19,69.85,1,Starter Plan,EMEA
2026-07-19,952.72,2,Enterprise Plan,APAC
2026-07-19,406.42,2,Growth Plan,EMEA
2026-07-19,655.2,3,Growth Plan,North America
2026-07-19,136.08,2,Starter Plan,North America
2026-07-19,67.96,1,Starter Plan,EMEA
2026-07-19,186.89,1,Growth Plan,EMEA
2026-07-19,117.8,2,Starter Plan,APAC
2026-07-19,254.34,1,Growth Plan,North America
2026-07-20,217.99,1,Growth Plan,North America
2026-07-20,224.67,1,Growth Plan,North America
2026-07-20,233.89,1,Growth Plan,EMEA
2026-07-20,150.64,2,Starter Plan,North America
2026-07-20,208.01,1,Growth Plan,North America
2026-07-20,1023.7,2,Enterprise Plan,North America
2026-07-20,141.91,2,Starter Plan,EMEA
2026-07-20,141.57,2,Starter Plan,North America
2026-07-20,150.75,2,Starter Plan,North America
2026-07-20,215.6,1,Growth Plan,North America
2026-07-20,206.49,1,Growth Plan,North America
2026-07-20,76.5,2,Add-on Seats,EMEA
2026-07-20,969.6,2,Enterprise Plan,APAC
2026-07-20,74.45,2,Add-on Seats,APAC
2026-07-20,465.87,2,Growth Plan,APAC
2026-07-20,229.26,1,Growth Plan,North America
2026-07-20,72.48,2,Add-on Seats,APAC
2026-07-20,966.03,2,Enterprise Plan,North America
2026-07-20,509.83,1,Enterprise Plan,North America
2026-07-20,190.86,1,Growth Plan,EMEA
2026-07-20,175.06,1,Growth Plan,EMEA
2026-07-20,236.42,3,Starter Plan,North America
2026-07-20,230.53,1,Growth Plan,EMEA
2026-07-20,72.48,1,Starter Plan,North America
2026-07-20,438.79,2,Growth Plan,EMEA
2026-07-20,450.12,2,Growth Plan,EMEA
2026-07-20,477.66,2,Growth Plan,North America
2026-07-20,69.42,1,Starter Plan,North America
2026-07-21,184.27,1,Growth Plan,North America
2026-07-21,240.49,1,Growth Plan,North America
2026-07-21,32.01,1,Add-on Seats,APAC
2026-07-21,1071.08,2,Enterprise Plan,EMEA
2026-07-21,913.85,2,Enterprise Plan,North America
2026-07-21,131.96,2,Starter Plan,North America
2026-07-21,73.9,1,Starter Plan,North America
2026-07-21,198.69,1,Growth Plan,North America
2026-07-21,113.82,3,Add-on Seats,North America
2026-07-21,35.37,1,Add-on Seats,APAC
2026-07-21,900.88,2,Enterprise Plan,North America
2026-07-21,65.08,1,Starter Plan,APAC
2026-07-21,41.24,1,Add-on Seats,EMEA
2026-07-21,439.86,1,Enterprise Plan,APAC
2026-07-21,927.67,2,Enterprise Plan,APAC
2026-07-21,30.42,1,Add-on Seats,EMEA
2026-07-21,73.24,2,Add-on Seats,North America
2026-07-21,36.16,1,Add-on Seats,North America
2026-07-21,76.2,1,Starter Plan,North America
2026-07-21,158.92,2,Starter Plan,North America
2026-07-21,69.37,1,Starter Plan,North America
2026-07-21,522.72,1,Enterprise Plan,EMEA
2026-07-21,75.91,2,Add-on Seats,EMEA
2026-07-21,243.28,1,Growth Plan,North America
2026-07-21,35.77,1,Add-on Seats,North America
2026-07-21,37.1,1,Add-on Seats,EMEA
2026-07-22,73.52,1,Starter Plan,EMEA
2026-07-22,146.4,2,Starter Plan,North America
2026-07-22,521.05,1,Enterprise Plan,APAC
2026-07-22,62.28,2,Add-on Seats,APAC
2026-07-22,135.91,2,Starter Plan,EMEA
2026-07-22,468.12,1,Enterprise Plan,EMEA
2026-07-22,82.59,2,Add-on Seats,North America
2026-07-22,36.75,1,Add-on Seats,APAC
2026-07-22,131.42,2,Starter Plan,North America
2026-07-22,387.84,2,Growth Plan,APAC
2026-07-22,74.73,1,Starter Plan,North America
2026-07-22,885.52,2,Enterprise Plan,EMEA
2026-07-22,473.52,2,Growth Plan,North America
2026-07-22,152.61,2,Starter Plan,EMEA
2026-07-22,217.28,1,Growth Plan,EMEA
2026-07-22,27.72,1,Add-on Seats,APAC
2026-07-22,864.97,2,Enterprise Plan,North America
2026-07-22,1083.0,2,Enterprise Plan,North America
2026-07-22,230.85,1,Growth Plan,APAC
2026-07-22,648.43,3,Growth Plan,North America
2026-07-22,983.59,2,Enterprise Plan,North America
2026-07-22,111.46,2,Starter Plan,APAC
2026-07-22,480.21,1,Enterprise Plan,EMEA
2026-07-22,452.52,1,Enterprise Plan,North America
2026-07-22,147.58,2,Starter Plan,North America
2026-07-22,470.69,1,Enterprise Plan,APAC
2026-07-22,135.56,2,Starter Plan,EMEA
2026-07-22,404.85,2,Growth Plan,EMEA
2026-07-22,1602.34,3,Enterprise Plan,EMEA
2026-07-22,39.0,1,Add-on Seats,EMEA
2026-07-22,947.94,2,Enterprise Plan,APAC
2026-07-22,133.59,2,Starter Plan,North America
2026-07-22,35.83,1,Add-on Seats,EMEA
2026-07-22,136.92,2,Starter Plan,EMEA
2026-07-22,217.84,1,Growth Plan,EMEA
2026-07-22,1074.99,2,Enterprise Plan,EMEA
2026-07-23,59.36,2,Add-on Seats,APAC
2026-07-23,72.52,2,Add-on Seats,North America
2026-07-23,199.8,1,Growth Plan,North America
2026-07-23,68.96,1,Starter Plan,EMEA
2026-07-23,75.69,2,Add-on Seats,EMEA
2026-07-23,451.88,2,Growth Plan,North America
2026-07-23,222.98,1,Growth Plan,North America
2026-07-23,134.31,2,Starter Plan,North America
2026-07-23,227.8,1,Growth Plan,North America
2026-07-23,143.74,2,Starter Plan,EMEA
2026-07-23,71.4,1,Starter Plan,North America
2026-07-23,130.85,2,Starter Plan,North America
2026-07-23,254.5,1,Growth Plan,North America
2026-07-23,454.89,1,Enterprise Plan,North America
2026-07-23,511.5,1,Enterprise Plan,North America
2026-07-23,148.98,2,Starter Plan,North America
2026-07-23,63.6,1,Starter Plan,North America
2026-07-23,73.44,1,Starter Plan,APAC
2026-07-23,239.31,1,Growth Plan,APAC
2026-07-23,409.94,2,Growth Plan,North America
2026-07-23,1115.95,2,Enterprise Plan,EMEA
2026-07-23,64.82,1,Starter Plan,EMEA
2026-07-23,154.44,2,Starter Plan,North America
2026-07-23,140.45,2,Starter Plan,North America
2026-07-23,149.27,2,Starter Plan,EMEA
2026-07-23,442.78,2,Growth Plan,EMEA
2026-07-23,41.56,1,Add-on Seats,North America
2026-07-23,69.48,1,Starter Plan,North America
2026-07-23,247.72,1,Growth Plan,APAC
2026-07-24,513.76,1,Enterprise Plan,EMEA
2026-07-24,62.02,1,Starter Plan,North America
2026-07-24,423.36,2,Growth Plan,APAC
2026-07-24,61.37,2,Add-on Seats,North America
2026-07-24,66.66,1,Starter Plan,APAC
2026-07-24,142.24,2,Starter Plan,APAC
2026-07-24,212.86,1,Growth Plan,APAC
2026-07-24,76.72,1,Starter Plan,North America
2026-07-24,72.38,1,Starter Plan,North America
2026-07-24,32.74,1,Add-on Seats,EMEA
2026-07-24,231.29,1,Growth Plan,APAC
2026-07-24,68.32,1,Starter Plan,North America
2026-07-24,160.34,2,Starter Plan,APAC
2026-07-24,78.16,1,Starter Plan,EMEA
2026-07-24,490.31,1,Enterprise Plan,EMEA
2026-07-24,37.53,1,Add-on Seats,EMEA
2026-07-24,189.52,1,Growth Plan,APAC
2026-07-24,511.77,1,Enterprise Plan,APAC
2026-07-24,32.92,1,Add-on Seats,APAC
2026-07-24,137.8,2,Starter Plan,APAC
2026-07-24,193.73,1,Growth Plan,North America
2026-07-24,39.32,1,Add-on Seats,North America
2026-07-24,33.45,1,Add-on Seats,APAC
2026-07-24,138.36,2,Starter Plan,APAC
2026-07-24,463.19,1,Enterprise Plan,EMEA
2026-07-24,444.18,2,Growth Plan,North America
2026-07-24,455.25,1,Enterprise Plan,EMEA
2026-07-24,467.65,1,Enterprise Plan,EMEA
2026-07-24,67.67,1,Starter Plan,EMEA
2026-07-24,82.37,2,Add-on Seats,North America
2026-07-24,70.48,1,Starter Plan,EMEA
2026-07-24,208.42,1,Growth Plan,EMEA
2026-07-25,226.42,3,Starter Plan,EMEA
2026-07-25,215.4,1,Growth Plan,APAC
2026-07-25,406.03,2,Growth Plan,EMEA
2026-07-25,34.29,1,Add-on Seats,North America
2026-07-25,444.28,2,Growth Plan,North America
2026-07-25,445.56,2,Growth Plan,North America
2026-07-25,72.32,2,Add-on Seats,North America
2026-07-25,442.41,2,Growth Plan,North America
2026-07-25,79.14,2,Add-on Seats,North America
2026-07-25,1472.28,3,Enterprise Plan,North America
2026-07-25,512.92,1,Enterprise Plan,APAC
2026-07-25,120.5,2,Starter Plan,EMEA
2026-07-25,137.57,2,Starter Plan,APAC
2026-07-26,71.44,2,Add-on Seats,North America
2026-07-26,217.58,1,Growth Plan,EMEA
2026-07-26,220.07,1,Growth Plan,EMEA
2026-07-26,69.69,1,Starter Plan,North America
2026-07-26,205.59,1,Growth Plan,North America
2026-07-26,434.92,2,Growth Plan,APAC
2026-07-26,208.33,1,Growth Plan,North America
2026-07-26,36.3,1,Add-on Seats,North America
2026-07-26,131.27,2,Starter Plan,North America
2026-07-26,65.05,2,Add-on Seats,North America
2026-07-26,147.11,2,Starter Plan,North America
2026-07-26,697.74,3,Growth Plan,North America
2026-07-27,202.86,1,Growth Plan,APAC
2026-07-27,70.42,2,Add-on Seats,EMEA
2026-07-27,145.67,2,Starter Plan,North America
2026-07-27,449.12,2,Growth Plan,EMEA
2026-07-27,76.03,1,Starter Plan,North America
2026-07-27,898.13,2,Enterprise Plan,North America
2026-07-27,230.52,1,Growth Plan,North America
2026-07-27,489.32,2,Growth Plan,North America
2026-07-27,143.97,2,Starter Plan,North America
2026-07-27,138.4,2,Starter Plan,North America
2026-07-27,153.86,2,Starter Plan,North America
2026-07-27,205.87,1,Growth Plan,EMEA
2026-07-27,68.77,1,Starter Plan,EMEA
2026-07-27,152.15,2,Starter Plan,North America
2026-07-27,352.7,2,Growth Plan,North America
2026-07-27,75.09,1,Starter Plan,EMEA
2026-07-27,76.11,2,Add-on Seats,APAC
2026-07-27,481.6,1,Enterprise Plan,APAC
2026-07-27,235.18,1,Growth Plan,EMEA
2026-07-27,33.86,1,Add-on Seats,North America
2026-07-27,447.89,2,Growth Plan,EMEA
2026-07-27,32.78,1,Add-on Seats,North America
2026-07-27,223.03,1,Growth Plan,EMEA
2026-07-27,73.21,2,Add-on Seats,EMEA
2026-07-27,68.29,2,Add-on Seats,North America
2026-07-27,977.91,2,Enterprise Plan,APAC
2026-07-27,970.04,2,Enterprise Plan,EMEA
2026-07-27,139.94,2,Starter Plan,North America
2026-07-27,68.81,2,Add-on Seats,North America
2026-07-27,519.12,1,Enterprise Plan,APAC
2026-07-27,67.25,1,Starter Plan,North America
2026-07-28,71.48,1,Starter Plan,North America
2026-07-28,490.56,2,Growth Plan,North America
2026-07-28,1091.79,2,Enterprise Plan,EMEA
2026-07-28,66.57,2,Add-on Seats,APAC
2026-07-28,77.27,1,Starter Plan,EMEA
2026-07-28,495.39,1,Enterprise Plan,North America
2026-07-28,205.78,1,Growth Plan,North America
2026-07-28,220.89,1,Growth Plan,EMEA
2026-07-28,159.77,2,Starter Plan,North America
2026-07-28,212.0,3,Starter Plan,EMEA
2026-07-28,148.79,2,Starter Plan,North America
2026-07-28,74.79,2,Add-on Seats,EMEA
2026-07-28,33.22,1,Add-on Seats,APAC
2026-07-28,533.34,1,Enterprise Plan,North America
2026-07-28,476.75,2,Growth Plan,North America
2026-07-28,75.15,2,Add-on Seats,North America
2026-07-28,66.27,1,Starter Plan,APAC
2026-07-28,68.25,2,Add-on Seats,APAC
2026-07-28,69.55,1,Starter Plan,APAC
2026-07-28,119.2,3,Add-on Seats,EMEA
2026-07-28,220.9,1,Growth Plan,North America
2026-07-28,68.32,2,Add-on Seats,North America
2026-07-28,508.22,1,Enterprise Plan,North America
2026-07-28,973.37,2,Enterprise Plan,North America
2026-07-28,57.05,1,Starter Plan,APAC
2026-07-28,933.25,2,Enterprise Plan,North America
2026-07-28,729.35,3,Growth Plan,North America
2026-07-28,70.77,1,Starter Plan,EMEA
2026-07-29,84.33,2,Add-on Seats,EMEA
2026-07-29,68.65,1,Starter Plan,North America
2026-07-29,223.09,1,Growth Plan,North America
2026-07-29,143.14,2,Starter Plan,EMEA
2026-07-29,194.56,1,Growth Plan,EMEA
2026-07-29,81.24,1,Starter Plan,North America
2026-07-29,478.37,1,Enterprise Plan,North America
2026-07-29,423.53,2,Growth Plan,North America
2026-07-29,388.76,2,Growth Plan,North America
2026-07-29,241.95,1,Growth Plan,APAC
2026-07-29,449.84,2,Growth Plan,North America
2026-07-29,673.74,3,Growth Plan,North America
2026-07-29,1516.8,3,Enterprise Plan,North America
2026-07-29,91.3,3,Add-on Seats,North America
2026-07-29,36.77,1,Add-on Seats,North America
2026-07-29,216.24,1,Growth Plan,North America
2026-07-29,73.13,1,Starter Plan,EMEA
2026-07-29,460.36,2,Growth Plan,North America
2026-07-29,542.57,1,Enterprise Plan,North America
2026-07-29,70.24,1,Starter Plan,North America
2026-07-29,567.11,3,Growth Plan,North America
2026-07-29,68.06,2,Add-on Seats,North America
2026-07-29,73.2,2,Add-on Seats,EMEA
2026-07-29,63.6,1,Starter Plan,APAC
2026-07-29,487.54,2,Growth Plan,North America
2026-07-29,386.06,2,Growth Plan,APAC
2026-07-29,436.56,2,Growth Plan,North America
2026-07-29,256.56,1,Growth Plan,North America
2026-07-29,372.25,2,Growth Plan,North America
2026-07-29,78.88,1,Starter Plan,North America
2026-07-30,421.64,2,Growth Plan,APAC
2026-07-30,72.6,2,Add-on Seats,North America
2026-07-30,143.57,2,Starter Plan,APAC
2026-07-30,419.64,2,Growth Plan,North America
2026-07-30,74.43,1,Starter Plan,EMEA
2026-07-30,73.42,1,Starter Plan,North America
2026-07-30,35.62,1,Add-on Seats,APAC
2026-07-30,209.45,1,Growth Plan,North America
2026-07-30,212.06,1,Growth Plan,APAC
2026-07-30,68.68,1,Starter Plan,APAC
2026-07-30,36.97,1,Add-on Seats,North America
2026-07-30,100.37,3,Add-on Seats,EMEA
2026-07-30,125.09,2,Starter Plan,EMEA
2026-07-30,73.05,2,Add-on Seats,North America
2026-07-30,534.43,1,Enterprise Plan,EMEA
2026-07-30,75.78,1,Starter Plan,North America
2026-07-30,68.71,2,Add-on Seats,North America
2026-07-31,137.86,2,Starter Plan,EMEA
2026-07-31,427.86,2,Growth Plan,North America
2026-07-31,464.91,2,Growth Plan,EMEA
2026-07-31,265.1,3,Starter Plan,North America
2026-07-31,35.25,1,Add-on Seats,EMEA
2026-07-31,78.71,1,Starter Plan,EMEA
2026-07-31,61.99,1,Starter Plan,EMEA
2026-07-31,246.31,1,Growth Plan,North America
2026-07-31,149.22,2,Starter Plan,APAC
2026-07-31,142.32,2,Starter Plan,North America
2026-07-31,210.89,3,Starter Plan,North America
2026-07-31,241.87,1,Growth Plan,North America
2026-07-31,217.52,1,Growth Plan,North America
2026-07-31,1048.98,2,Enterprise Plan,EMEA
2026-07-31,202.3,1,Growth Plan,North America
2026-07-31,925.14,2,Enterprise Plan,APAC
2026-07-31,212.18,1,Growth Plan,EMEA
2026-07-31,431.02,2,Growth Plan,North America
2026-07-31,137.57,2,Starter Plan,EMEA
2026-07-31,70.55,1,Starter Plan,APAC
2026-08-01,432.27,2,Growth Plan,North America
2026-08-01,37.13,1,Add-on Seats,North America
2026-08-01,485.54,2,Growth Plan,EMEA
2026-08-01,414.58,2,Growth Plan,North America
2026-08-01,30.64,1,Add-on Seats,North America
2026-08-01,457.54,1,Enterprise Plan,North America
2026-08-01,70.19,1,Starter Plan,North America
2026-08-01,153.39,2,Starter Plan,APAC
2026-08-01,430.89,2,Growth Plan,APAC
2026-08-01,475.13,2,Growth Plan,APAC
2026-08-01,450.75,2,Growth Plan,EMEA
2026-08-01,979.74,2,Enterprise Plan,EMEA
2026-08-01,243.26,1,Growth Plan,EMEA
2026-08-01,31.96,1,Add-on Seats,EMEA
2026-08-01,143.31,2,Starter Plan,APAC
2026-08-01,36.7,1,Add-on Seats,EMEA
2026-08-01,149.35,2,Starter Plan,North America
2026-08-01,983.22,2,Enterprise Plan,APAC
2026-08-02,62.86,1,Starter Plan,North America
2026-08-02,42.76,1,Add-on Seats,APAC
2026-08-02,634.68,3,Growth Plan,North America
2026-08-02,62.56,1,Starter Plan,North America
2026-08-02,143.85,2,Starter Plan,North America
2026-08-02,136.86,2,Starter Plan,EMEA
2026-08-02,69.51,1,Starter Plan,North America
2026-08-02,449.74,2,Growth Plan,North America
2026-08-02,139.74,2,Starter Plan,North America
2026-08-02,74.03,1,Starter Plan,APAC
2026-08-02,77.03,2,Add-on Seats,North America
2026-08-03,237.76,1,Growth Plan,North America
2026-08-03,539.96,1,Enterprise Plan,North America
2026-08-03,397.29,2,Growth Plan,APAC
2026-08-03,35.36,1,Add-on Seats,EMEA
2026-08-03,70.93,1,Starter Plan,APAC
2026-08-03,226.71,1,Growth Plan,North America
2026-08-03,223.13,1,Growth Plan,North America
2026-08-03,443.89,2,Growth Plan,APAC
2026-08-03,219.7,1,Growth Plan,North America
2026-08-03,215.44,1,Growth Plan,APAC
2026-08-03,70.22,1,Starter Plan,EMEA
2026-08-03,190.64,1,Growth Plan,North America
2026-08-03,71.17,1,Starter Plan,EMEA
2026-08-03,440.86,2,Growth Plan,APAC
2026-08-03,64.06,2,Add-on Seats,North America
2026-08-03,62.62,1,Starter Plan,North America
2026-08-03,487.57,1,Enterprise Plan,North America
2026-08-03,503.33,1,Enterprise Plan,North America
2026-08-03,128.49,2,Starter Plan,North America
2026-08-03,212.45,1,Growth Plan,EMEA
2026-08-03,491.51,2,Growth Plan,North America
2026-08-03,69.06,1,Starter Plan,North America
2026-08-03,35.12,1,Add-on Seats,APAC
2026-08-03,415.54,2,Growth Plan,EMEA
2026-08-03,148.98,2,Starter Plan,North America
2026-08-03,159.27,2,Starter Plan,North America
2026-08-03,145.57,2,Starter Plan,North America
2026-08-03,371.07,2,Growth Plan,APAC
2026-08-04,40.0,1,Add-on Seats,EMEA
2026-08-04,36.16,1,Add-on Seats,North America
2026-08-04,40.23,1,Add-on Seats,EMEA
2026-08-04,937.83,2,Enterprise Plan,APAC
2026-08-04,37.99,1,Add-on Seats,North America
2026-08-04,135.0,2,Starter Plan,North America
2026-08-04,157.3,2,Starter Plan,North America
2026-08-04,63.77,1,Starter Plan,EMEA
2026-08-04,471.18,1,Enterprise Plan,North America
2026-08-04,70.46,2,Add-on Seats,APAC
2026-08-04,1067.42,2,Enterprise Plan,North America
2026-08-04,34.44,1,Add-on Seats,EMEA
2026-08-04,1002.2,2,Enterprise Plan,APAC
2026-08-04,90.96,1,Starter Plan,North America
2026-08-04,382.18,2,Growth Plan,North America
2026-08-04,455.22,2,Growth Plan,APAC
2026-08-04,623.32,1,Enterprise Plan,North America
2026-08-04,568.45,1,Enterprise Plan,North America
2026-08-04,34.52,1,Add-on Seats,APAC
2026-08-04,67.24,1,Starter Plan,EMEA
2026-08-04,420.12,2,Growth Plan,EMEA
2026-08-04,1031.19,2,Enterprise Plan,North America
2026-08-04,62.86,1,Starter Plan,EMEA
2026-08-04,478.24,2,Growth Plan,North America
2026-08-04,428.31,2,Growth Plan,North America
2026-08-04,140.25,2,Starter Plan,EMEA
2026-08-04,217.79,1,Growth Plan,North America
2026-08-04,65.29,1,Starter Plan,North America
2026-08-04,155.61,2,Starter Plan,APAC
2026-08-04,79.64,1,Starter Plan,EMEA
2026-08-04,234.89,1,Growth Plan,EMEA
2026-08-04,457.81,2,Growth Plan,North America
2026-08-05,405.89,2,Growth Plan,APAC
2026-08-05,67.81,2,Add-on Seats,EMEA
2026-08-05,161.76,2,Starter Plan,EMEA
2026-08-05,38.32,1,Add-on Seats,North America
2026-08-05,74.15,2,Add-on Seats,EMEA
2026-08-05,1156.82,3,Enterprise Plan,EMEA
2026-08-05,217.88,1,Growth Plan,EMEA
2026-08-05,671.44,3,Growth Plan,APAC
2026-08-05,73.05,1,Starter Plan,North America
2026-08-05,82.86,2,Add-on Seats,APAC
2026-08-05,64.5,1,Starter Plan,North America
2026-08-05,213.78,1,Growth Plan,North America
2026-08-05,69.95,1,Starter Plan,APAC
2026-08-05,239.44,1,Growth Plan,North America
2026-08-05,67.71,1,Starter Plan,North America
2026-08-05,202.56,1,Growth Plan,North America
2026-08-05,154.8,2,Starter Plan,North America
2026-08-05,78.22,1,Starter Plan,North America
2026-08-05,78.73,1,Starter Plan,APAC
2026-08-05,68.63,1,Starter Plan,EMEA
2026-08-05,188.54,1,Growth Plan,EMEA
2026-08-06,72.89,2,Add-on Seats,APAC
2026-08-06,945.53,2,Enterprise Plan,APAC
2026-08-06,216.44,1,Growth Plan,North America
2026-08-06,146.94,2,Starter Plan,EMEA
2026-08-06,436.56,1,Enterprise Plan,North America
2026-08-06,65.99,1,Starter Plan,North America
2026-08-06,137.57,2,Starter Plan,EMEA
2026-08-06,174.08,2,Starter Plan,APAC
2026-08-06,69.77,1,Starter Plan,EMEA
2026-08-06,532.46,1,Enterprise Plan,EMEA
2026-08-06,427.74,2,Growth Plan,EMEA
2026-08-06,75.21,1,Starter Plan,North America
2026-08-06,34.42,1,Add-on Seats,North America
2026-08-06,231.46,1,Growth Plan,EMEA
2026-08-06,68.01,1,Starter Plan,North America
2026-08-06,68.82,2,Add-on Seats,North America
2026-08-06,455.36,1,Enterprise Plan,North America
2026-08-06,63.68,1,Starter Plan,EMEA
2026-08-06,410.05,2,Growth Plan,APAC
2026-08-06,128.48,2,Starter Plan,North America
2026-08-06,35.21,1,Add-on Seats,North America
2026-08-06,137.46,2,Starter Plan,APAC
2026-08-06,398.01,2,Growth Plan,EMEA
2026-08-07,67.68,1,Starter Plan,APAC
2026-08-07,519.71,2,Growth Plan,APAC
2026-08-07,215.15,1,Growth Plan,APAC
2026-08-07,67.33,2,Add-on Seats,EMEA
2026-08-07,71.04,2,Add-on Seats,North America
2026-08-07,80.52,1,Starter Plan,EMEA
2026-08-07,223.14,1,Growth Plan,APAC
2026-08-07,232.42,1,Growth Plan,North America
2026-08-07,77.03,2,Add-on Seats,EMEA
2026-08-07,535.87,1,Enterprise Plan,North America
2026-08-07,504.51,2,Growth Plan,EMEA
2026-08-07,506.43,1,Enterprise Plan,APAC
2026-08-07,118.52,2,Starter Plan,North America
2026-08-07,213.61,1,Growth Plan,North America
2026-08-07,39.16,1,Add-on Seats,APAC
2026-08-07,415.22,2,Growth Plan,North America
2026-08-07,125.3,2,Starter Plan,EMEA
2026-08-07,151.68,2,Starter Plan,North America
2026-08-08,152.93,2,Starter Plan,North America
2026-08-08,36.48,1,Add-on Seats,North America
2026-08-08,252.67,1,Growth Plan,EMEA
2026-08-08,80.04,1,Starter Plan,North America
2026-08-08,72.56,1,Starter Plan,North America
2026-08-08,67.14,1,Starter Plan,EMEA
2026-08-08,39.08,1,Add-on Seats,APAC
2026-08-08,68.48,1,Starter Plan,EMEA
2026-08-08,440.62,2,Growth Plan,APAC
2026-08-08,206.45,1,Growth Plan,APAC
2026-08-08,135.78,2,Starter Plan,North America
2026-08-08,1407.49,3,Enterprise Plan,EMEA
2026-08-09,1021.5,2,Enterprise Plan,APAC
2026-08-09,70.79,2,Add-on Seats,North America
2026-08-09,1034.91,2,Enterprise Plan,EMEA
2026-08-09,71.39,2,Add-on Seats,EMEA
2026-08-09,37.62,1,Add-on Seats,North America
2026-08-09,204.81,1,Growth Plan,North America
2026-08-09,220.27,1,Growth Plan,EMEA
2026-08-09,492.07,2,Growth Plan,North America
2026-08-09,124.12,2,Starter Plan,North America
2026-08-09,78.24,2,Add-on Seats,North America
2026-08-09,418.49,2,Growth Plan,APAC
2026-08-09,893.99,2,Enterprise Plan,EMEA
2026-08-10,35.79,1,Add-on Seats,EMEA
2026-08-10,151.81,2,Starter Plan,EMEA
2026-08-10,70.88,1,Starter Plan,APAC
2026-08-10,422.41,2,Growth Plan,EMEA
2026-08-10,474.31,2,Growth Plan,EMEA
2026-08-10,235.96,3,Starter Plan,APAC
2026-08-10,42.1,1,Add-on Seats,North America
2026-08-10,212.58,1,Growth Plan,North America
2026-08-10,71.61,1,Starter Plan,North America
2026-08-10,229.18,1,Growth Plan,EMEA
2026-08-10,523.41,2,Growth Plan,North America
2026-08-10,564.79,1,Enterprise Plan,North America
2026-08-10,150.74,2,Starter Plan,North America
2026-08-10,74.83,1,Starter Plan,EMEA
2026-08-10,1040.13,2,Enterprise Plan,North America
2026-08-10,39.29,1,Add-on Seats,EMEA
2026-08-10,72.05,1,Starter Plan,EMEA
2026-08-10,991.42,2,Enterprise Plan,EMEA
2026-08-10,238.98,1,Growth Plan,APAC
2026-08-10,202.56,1,Growth Plan,North America
2026-08-10,162.25,2,Starter Plan,EMEA
2026-08-10,1034.65,2,Enterprise Plan,North America
2026-08-10,1553.6,3,Enterprise Plan,North America
2026-08-10,543.86,1,Enterprise Plan,EMEA
2026-08-10,61.62,1,Starter Plan,EMEA
2026-08-10,71.89,1,Starter Plan,North America
2026-08-10,72.89,1,Starter Plan,APAC
2026-08-10,162.83,2,Starter Plan,North America
2026-08-10,77.87,1,Starter Plan,EMEA
2026-08-10,208.99,1,Growth Plan,APAC
2026-08-10,986.39,2,Enterprise Plan,EMEA
2026-08-10,134.6,2,Starter Plan,EMEA
2026-08-11,72.96,2,Add-on Seats,North America
2026-08-11,993.03,2,Enterprise Plan,EMEA
2026-08-11,150.87,2,Starter Plan,EMEA
2026-08-11,75.59,2,Add-on Seats,North America
2026-08-11,35.7,1,Add-on Seats,APAC
2026-08-11,122.05,2,Starter Plan,North America
2026-08-11,229.37,1,Growth Plan,EMEA
2026-08-11,495.24,2,Growth Plan,North America
2026-08-11,417.48,2,Growth Plan,North America
2026-08-11,66.03,2,Add-on Seats,EMEA
2026-08-11,205.22,1,Growth Plan,North America
2026-08-11,452.15,2,Growth Plan,North America
2026-08-11,364.93,2,Growth Plan,North America
2026-08-11,990.13,2,Enterprise Plan,North America
2026-08-11,77.2,2,Add-on Seats,North America
2026-08-11,114.21,3,Add-on Seats,APAC
2026-08-11,1032.98,2,Enterprise Plan,APAC
2026-08-11,140.42,2,Starter Plan,North America
2026-08-11,78.13,2,Add-on Seats,North America
2026-08-11,392.36,2,Growth Plan,APAC
2026-08-11,34.58,1,Add-on Seats,North America
2026-08-11,81.42,1,Starter Plan,North America
2026-08-11,35.79,1,Add-on Seats,APAC
2026-08-11,42.93,1,Add-on Seats,North America
2026-08-11,512.09,1,Enterprise Plan,APAC
2026-08-11,245.57,1,Growth Plan,North America
2026-08-11,533.28,1,Enterprise Plan,North America
2026-08-11,69.41,2,Add-on Seats,North America
2026-08-11,455.93,2,Growth Plan,North America
2026-08-11,237.37,1,Growth Plan,North America
2026-08-11,538.59,1,Enterprise Plan,North America
2026-08-11,993.67,2,Enterprise Plan,North America
2026-08-12,130.34,2,Starter Plan,North America
2026-08-12,69.54,2,Add-on Seats,North America
2026-08-12,456.3,2,Growth Plan,APAC
2026-08-12,85.65,1,Starter Plan,North America
2026-08-12,140.67,2,Starter Plan,North America
2026-08-12,540.27,1,Enterprise Plan,North America
2026-08-12,237.09,1,Growth Plan,APAC
2026-08-12,490.19,1,Enterprise Plan,North America
2026-08-12,62.67,1,Starter Plan,EMEA
2026-08-12,134.15,2,Starter Plan,North America
2026-08-12,79.53,1,Starter Plan,North America
2026-08-12,39.28,1,Add-on Seats,North America
2026-08-12,498.95,1,Enterprise Plan,North America
2026-08-12,67.44,1,Starter Plan,APAC
2026-08-12,132.74,2,Starter Plan,North America
2026-08-12,455.62,2,Growth Plan,North America
2026-08-12,68.53,1,Starter Plan,North America
2026-08-12,71.99,1,Starter Plan,EMEA
2026-08-12,41.89,1,Add-on Seats,North America
2026-08-12,78.28,2,Add-on Seats,North America
2026-08-12,60.53,1,Starter Plan,EMEA
2026-08-12,400.87,2,Growth Plan,EMEA
2026-08-12,453.28,2,Growth Plan,North America
2026-08-12,396.19,2,Growth Plan,APAC
2026-08-12,71.81,1,Starter Plan,EMEA
2026-08-12,76.27,1,Starter Plan,EMEA
2026-08-12,34.97,1,Add-on Seats,EMEA
2026-08-13,72.43,2,Add-on Seats,North America
2026-08-13,480.52,2,Growth Plan,North America
2026-08-13,213.42,1,Growth Plan,EMEA
2026-08-13,388.54,2,Growth Plan,North America
2026-08-13,39.26,1,Add-on Seats,North America
2026-08-13,68.79,1,Starter Plan,North America
2026-08-13,82.75,1,Starter Plan,EMEA
2026-08-13,428.94,2,Growth Plan,EMEA
2026-08-13,213.02,1,Growth Plan,APAC
2026-08-13,515.69,1,Enterprise Plan,North America
2026-08-13,72.57,1,Starter Plan,EMEA
2026-08-13,1161.29,2,Enterprise Plan,EMEA
2026-08-13,158.0,2,Starter Plan,North America
2026-08-13,107.96,3,Add-on Seats,APAC
2026-08-13,70.96,1,Starter Plan,APAC
2026-08-13,243.21,1,Growth Plan,APAC
2026-08-13,151.97,2,Starter Plan,North America
2026-08-13,80.11,2,Add-on Seats,North America
2026-08-13,37.32,1,Add-on Seats,EMEA
2026-08-13,39.13,1,Add-on Seats,APAC
2026-08-13,159.06,2,Starter Plan,North America
2026-08-13,515.69,1,Enterprise Plan,North America
2026-08-14,473.7,2,Growth Plan,APAC
2026-08-14,497.62,2,Growth Plan,EMEA
2026-08-14,36.59,1,Add-on Seats,EMEA
2026-08-14,521.59,1,Enterprise Plan,North America
2026-08-14,232.91,1,Growth Plan,North America
2026-08-14,70.21,1,Starter Plan,EMEA
2026-08-14,150.54,2,Starter Plan,North America
2026-08-14,78.86,2,Add-on Seats,EMEA
2026-08-14,1080.52,2,Enterprise Plan,EMEA
2026-08-14,64.89,1,Starter Plan,North America
2026-08-14,65.83,1,Starter Plan,APAC
2026-08-14,71.56,1,Starter Plan,North America
2026-08-14,195.58,1,Growth Plan,North America
2026-08-14,69.22,1,Starter Plan,North America
2026-08-14,40.51,1,Add-on Seats,North America
2026-08-14,72.4,1,Starter Plan,EMEA
2026-08-14,75.22,1,Starter Plan,EMEA
2026-08-14,37.59,1,Add-on Seats,EMEA
2026-08-14,38.21,1,Add-on Seats,EMEA
2026-08-14,1143.94,2,Enterprise Plan,North America
2026-08-14,228.6,3,Starter Plan,APAC
2026-08-14,209.71,1,Growth Plan,North America
2026-08-14,77.87,1,Starter Plan,North America
2026-08-14,78.13,2,Add-on Seats,APAC
2026-08-15,137.08,2,Starter Plan,APAC
2026-08-15,121.91,2,Starter Plan,APAC
2026-08-15,141.85,2,Starter Plan,EMEA
2026-08-15,64.28,1,Starter Plan,EMEA
2026-08-15,242.88,1,Growth Plan,APAC
2026-08-15,70.5,1,Starter Plan,EMEA
2026-08-15,79.26,1,Starter Plan,EMEA
2026-08-15,129.95,2,Starter Plan,North America
2026-08-15,502.81,1,Enterprise Plan,EMEA
