date,revenue,units_sold,product,region
2026-03-05,10168.23,35,Sensor Module,Midwest
2026-03-05,4079.2,40,Gear Set,Southeast
2026-03-05,1311.25,30,Bearing Assembly,Midwest
2026-03-05,1522.56,38,Bearing Assembly,Midwest
2026-03-05,5290.33,29,Hydraulic Valve,Midwest
2026-03-05,9011.18,28,Sensor Module,Southeast
2026-03-05,1584.14,35,Bearing Assembly,Northeast
2026-03-05,3867.46,41,Gear Set,Midwest
2026-03-05,9343.51,47,Hydraulic Valve,Northeast
2026-03-05,3334.45,36,Gear Set,Northeast
2026-03-05,1659.8,40,Bearing Assembly,Southeast
2026-03-05,3833.0,42,Gear Set,Midwest
2026-03-05,1515.83,34,Bearing Assembly,Southeast
2026-03-05,1552.57,38,Bearing Assembly,Northeast
2026-03-05,8729.7,49,Hydraulic Valve,Southeast
2026-03-05,2675.36,27,Gear Set,Southeast
2026-03-05,8164.61,44,Hydraulic Valve,Northeast
2026-03-05,1862.39,44,Bearing Assembly,Southeast
2026-03-05,1542.38,37,Bearing Assembly,Midwest
2026-03-05,1392.36,36,Bearing Assembly,Midwest
2026-03-05,4493.22,50,Gear Set,Midwest
2026-03-05,12357.19,41,Sensor Module,Northeast
2026-03-05,3254.57,35,Gear Set,Southeast
2026-03-05,11432.78,37,Sensor Module,Texas
2026-03-05,3135.65,34,Gear Set,Midwest
2026-03-05,6827.67,22,Sensor Module,Midwest
2026-03-05,3350.15,34,Gear Set,Midwest
2026-03-05,2976.38,32,Gear Set,Midwest
2026-03-05,1280.14,31,Bearing Assembly,Midwest
2026-03-06,8757.58,28,Sensor Module,Northeast
2026-03-06,5499.37,19,Sensor Module,Midwest
2026-03-06,2101.91,22,Gear Set,Texas
2026-03-06,1102.6,27,Bearing Assembly,Southeast
2026-03-06,1784.78,43,Bearing Assembly,Texas
2026-03-06,9813.51,31,Sensor Module,Midwest
2026-03-06,2915.05,31,Gear Set,Midwest
2026-03-06,1656.21,41,Bearing Assembly,Texas
2026-03-06,1588.72,38,Bearing Assembly,Southeast
2026-03-06,987.47,23,Bearing Assembly,Midwest
2026-03-06,1540.51,41,Bearing Assembly,Southeast
2026-03-06,4908.4,29,Hydraulic Valve,Northeast
2026-03-06,3663.91,40,Gear Set,Southeast
2026-03-06,3356.17,33,Gear Set,Southeast
2026-03-06,14868.22,47,Sensor Module,Midwest
2026-03-06,2664.92,27,Gear Set,Southeast
2026-03-06,1560.27,37,Bearing Assembly,Northeast
2026-03-06,984.47,23,Bearing Assembly,Midwest
2026-03-06,3011.41,30,Gear Set,Midwest
2026-03-06,1825.1,44,Bearing Assembly,Midwest
2026-03-06,7540.45,38,Hydraulic Valve,Northeast
2026-03-06,2716.17,30,Gear Set,Northeast
2026-03-06,5707.54,32,Hydraulic Valve,Southeast
2026-03-06,1816.54,43,Bearing Assembly,Northeast
2026-03-06,7699.62,26,Sensor Module,Northeast
2026-03-06,2914.13,29,Gear Set,Northeast
2026-03-06,7731.81,42,Hydraulic Valve,Midwest
2026-03-09,11920.45,37,Sensor Module,Midwest
2026-03-09,5478.62,31,Hydraulic Valve,Midwest
2026-03-09,11036.57,35,Sensor Module,Midwest
2026-03-09,1741.17,43,Bearing Assembly,Midwest
2026-03-09,10777.72,37,Sensor Module,Northeast
2026-03-09,4903.09,26,Hydraulic Valve,Midwest
2026-03-09,5317.12,28,Hydraulic Valve,Southeast
2026-03-09,7407.15,39,Hydraulic Valve,Southeast
2026-03-09,2953.85,29,Gear Set,Midwest
2026-03-09,1845.71,45,Bearing Assembly,Midwest
2026-03-09,1363.4,33,Bearing Assembly,Southeast
2026-03-09,6635.94,34,Hydraulic Valve,Midwest
2026-03-09,1570.9,34,Bearing Assembly,Midwest
2026-03-09,1135.87,29,Bearing Assembly,Northeast
2026-03-09,5188.7,27,Hydraulic Valve,Southeast
2026-03-09,11646.36,37,Sensor Module,Midwest
2026-03-09,8681.23,46,Hydraulic Valve,Northeast
2026-03-09,10161.18,33,Sensor Module,Southeast
2026-03-09,4355.85,47,Gear Set,Texas
2026-03-09,9301.58,49,Hydraulic Valve,Midwest
2026-03-09,3061.57,33,Gear Set,Southeast
2026-03-09,1967.52,47,Bearing Assembly,Southeast
2026-03-09,4198.81,45,Gear Set,Southeast
2026-03-09,11640.63,40,Sensor Module,Northeast
2026-03-10,8127.91,28,Sensor Module,Northeast
2026-03-10,7504.17,39,Hydraulic Valve,Midwest
2026-03-10,984.56,23,Bearing Assembly,Texas
2026-03-10,7915.94,41,Hydraulic Valve,Texas
2026-03-10,4565.99,46,Gear Set,Midwest
2026-03-10,3367.14,34,Gear Set,Southeast
2026-03-10,3734.75,39,Gear Set,Midwest
2026-03-10,6620.89,39,Hydraulic Valve,Midwest
2026-03-10,1219.66,30,Bearing Assembly,Midwest
2026-03-10,5307.07,28,Hydraulic Valve,Midwest
2026-03-10,4163.78,44,Gear Set,Southeast
2026-03-10,7675.57,43,Hydraulic Valve,Texas
2026-03-10,1582.09,36,Bearing Assembly,Texas
2026-03-10,1540.08,35,Bearing Assembly,Southeast
2026-03-10,2909.23,31,Gear Set,Southeast
2026-03-10,2781.21,30,Gear Set,Midwest
2026-03-10,10671.96,36,Sensor Module,Midwest
2026-03-10,6657.9,39,Hydraulic Valve,Midwest
2026-03-10,6835.31,38,Hydraulic Valve,Northeast
2026-03-11,1448.95,37,Bearing Assembly,Southeast
2026-03-11,8175.4,43,Hydraulic Valve,Southeast
2026-03-11,1841.15,44,Bearing Assembly,Midwest
2026-03-11,3091.85,33,Gear Set,Midwest
2026-03-11,1739.3,40,Bearing Assembly,Midwest
2026-03-11,8571.83,28,Sensor Module,Texas
2026-03-11,1954.36,49,Bearing Assembly,Northeast
2026-03-11,2692.93,28,Gear Set,Midwest
2026-03-11,3797.68,38,Gear Set,Midwest
2026-03-11,1900.32,43,Bearing Assembly,Midwest
2026-03-11,1297.32,32,Bearing Assembly,Midwest
2026-03-11,1951.83,46,Bearing Assembly,Northeast
2026-03-11,3523.66,35,Gear Set,Midwest
2026-03-11,3055.26,33,Gear Set,Southeast
2026-03-11,1287.17,31,Bearing Assembly,Southeast
2026-03-11,1738.05,40,Bearing Assembly,Midwest
2026-03-11,4017.64,43,Gear Set,Midwest
2026-03-11,6838.91,36,Hydraulic Valve,Northeast
2026-03-11,1306.92,31,Bearing Assembly,Midwest
2026-03-11,4812.07,47,Gear Set,Southeast
2026-03-11,2834.99,30,Gear Set,Texas
2026-03-11,6701.43,35,Hydraulic Valve,Southeast
2026-03-11,7403.49,25,Sensor Module,Midwest
2026-03-11,4127.31,45,Gear Set,Northeast
2026-03-11,9128.19,45,Hydraulic Valve,Northeast
2026-03-11,12743.58,39,Sensor Module,Southeast
2026-03-11,1656.68,37,Bearing Assembly,Northeast
2026-03-11,7765.22,42,Hydraulic Valve,Midwest
2026-03-11,2492.2,26,Gear Set,Southeast
2026-03-11,9336.51,31,Sensor Module,Southeast
2026-03-11,2379.21,24,Gear Set,Northeast
2026-03-12,14012.44,46,Sensor Module,Midwest
2026-03-12,3942.74,42,Gear Set,Midwest
2026-03-12,11762.13,38,Sensor Module,Texas
2026-03-12,1759.46,43,Bearing Assembly,Southeast
2026-03-12,1612.74,39,Bearing Assembly,Northeast
2026-03-12,1185.38,29,Bearing Assembly,Midwest
2026-03-12,2951.1,31,Gear Set,Texas
2026-03-12,1727.04,39,Bearing Assembly,Midwest
2026-03-12,1335.61,31,Bearing Assembly,Southeast
2026-03-12,4539.32,47,Gear Set,Southeast
2026-03-12,1298.27,32,Bearing Assembly,Midwest
2026-03-12,3343.53,39,Gear Set,Texas
2026-03-12,14240.66,47,Sensor Module,Midwest
2026-03-12,2873.23,28,Gear Set,Northeast
2026-03-12,13805.63,43,Sensor Module,Midwest
2026-03-12,9449.02,50,Hydraulic Valve,Southeast
2026-03-12,2166.58,24,Gear Set,Southeast
2026-03-12,1268.06,31,Bearing Assembly,Northeast
2026-03-12,13095.99,44,Sensor Module,Northeast
2026-03-12,8817.64,30,Sensor Module,Southeast
2026-03-12,7698.01,42,Hydraulic Valve,Northeast
2026-03-12,5305.78,30,Hydraulic Valve,Midwest
2026-03-12,3661.65,37,Gear Set,Southeast
2026-03-12,14690.35,50,Sensor Module,Northeast
2026-03-12,1829.51,40,Bearing Assembly,Southeast
2026-03-12,840.39,21,Bearing Assembly,Texas
2026-03-12,7950.74,42,Hydraulic Valve,Midwest
2026-03-12,817.57,20,Bearing Assembly,Southeast
2026-03-12,2911.14,16,Hydraulic Valve,Northeast
2026-03-12,1316.3,32,Bearing Assembly,Texas
2026-03-13,4326.24,48,Gear Set,Midwest
2026-03-13,1320.91,34,Bearing Assembly,Midwest
2026-03-13,1221.96,32,Bearing Assembly,Northeast
2026-03-13,5398.35,29,Hydraulic Valve,Texas
2026-03-13,7804.73,41,Hydraulic Valve,Northeast
2026-03-13,1629.56,37,Bearing Assembly,Southeast
2026-03-13,13191.21,41,Sensor Module,Northeast
2026-03-13,2823.5,30,Gear Set,Midwest
2026-03-13,1141.79,28,Bearing Assembly,Midwest
2026-03-13,1003.08,26,Bearing Assembly,Midwest
2026-03-13,1102.71,27,Bearing Assembly,Midwest
2026-03-13,2333.48,26,Gear Set,Northeast
2026-03-13,1172.57,31,Bearing Assembly,Texas
2026-03-13,7606.18,25,Sensor Module,Midwest
2026-03-13,3665.95,20,Hydraulic Valve,Midwest
2026-03-13,1322.88,34,Bearing Assembly,Southeast
2026-03-13,1904.8,45,Bearing Assembly,Texas
2026-03-13,7872.19,40,Hydraulic Valve,Midwest
2026-03-13,1918.69,46,Bearing Assembly,Midwest
2026-03-13,1372.46,33,Bearing Assembly,Texas
2026-03-13,1883.73,20,Gear Set,Midwest
2026-03-13,6746.72,34,Hydraulic Valve,Midwest
2026-03-13,1254.02,30,Bearing Assembly,Midwest
2026-03-13,1195.35,29,Bearing Assembly,Northeast
2026-03-13,1589.97,38,Bearing Assembly,Northeast
2026-03-13,2878.53,29,Gear Set,Midwest
2026-03-13,3217.45,33,Gear Set,Southeast
2026-03-13,11108.84,36,Sensor Module,Midwest
2026-03-13,4883.83,28,Hydraulic Valve,Texas
2026-03-13,1156.75,27,Bearing Assembly,Northeast
2026-03-13,4046.88,42,Gear Set,Northeast
2026-03-13,10213.7,33,Sensor Module,Southeast
2026-03-13,3252.48,34,Gear Set,Midwest
2026-03-13,1713.78,41,Bearing Assembly,Northeast
2026-03-16,10436.12,32,Sensor Module,Northeast
2026-03-16,13732.57,43,Sensor Module,Texas
2026-03-16,1879.68,45,Bearing Assembly,Midwest
2026-03-16,1724.88,39,Bearing Assembly,Midwest
2026-03-16,1508.37,35,Bearing Assembly,Midwest
2026-03-16,5588.2,30,Hydraulic Valve,Midwest
2026-03-16,6738.6,34,Hydraulic Valve,Southeast
2026-03-16,1808.83,42,Bearing Assembly,Midwest
2026-03-16,1491.66,34,Bearing Assembly,Midwest
2026-03-16,1813.22,44,Bearing Assembly,Northeast
2026-03-16,2227.41,51,Bearing Assembly,Northeast
2026-03-16,7808.65,41,Hydraulic Valve,Midwest
2026-03-16,4154.22,22,Hydraulic Valve,Midwest
2026-03-16,2888.51,31,Gear Set,Midwest
2026-03-16,2225.46,22,Gear Set,Southeast
2026-03-16,1712.07,40,Bearing Assembly,Midwest
2026-03-16,1379.79,31,Bearing Assembly,Northeast
2026-03-16,1202.02,28,Bearing Assembly,Midwest
2026-03-16,3917.08,45,Gear Set,Midwest
2026-03-16,11794.0,36,Sensor Module,Midwest
2026-03-16,905.07,22,Bearing Assembly,Midwest
2026-03-16,3184.31,34,Gear Set,Texas
2026-03-16,3075.41,36,Gear Set,Midwest
2026-03-16,5889.54,32,Hydraulic Valve,Midwest
2026-03-16,1313.13,30,Bearing Assembly,Midwest
2026-03-16,3058.53,32,Gear Set,Southeast
2026-03-16,6304.02,33,Hydraulic Valve,Northeast
2026-03-16,2925.4,29,Gear Set,Northeast
2026-03-16,15974.23,48,Sensor Module,Northeast
2026-03-16,10648.07,34,Sensor Module,Midwest
2026-03-17,2022.54,21,Gear Set,Southeast
2026-03-17,1467.42,34,Bearing Assembly,Midwest
2026-03-17,3615.15,38,Gear Set,Texas
2026-03-17,1351.86,34,Bearing Assembly,Texas
2026-03-17,3448.19,40,Gear Set,Midwest
2026-03-17,1264.65,31,Bearing Assembly,Midwest
2026-03-17,1479.4,35,Bearing Assembly,Midwest
2026-03-17,7741.67,42,Hydraulic Valve,Midwest
2026-03-17,8128.21,25,Sensor Module,Midwest
2026-03-17,2050.86,47,Bearing Assembly,Midwest
2026-03-17,3051.68,32,Gear Set,Midwest
2026-03-17,4392.1,45,Gear Set,Midwest
2026-03-17,1794.52,41,Bearing Assembly,Midwest
2026-03-17,3593.45,36,Gear Set,Midwest
2026-03-17,1442.75,34,Bearing Assembly,Midwest
2026-03-17,1055.27,24,Bearing Assembly,Northeast
2026-03-17,1178.29,28,Bearing Assembly,Southeast
2026-03-17,6672.95,23,Sensor Module,Midwest
2026-03-17,2961.37,29,Gear Set,Southeast
2026-03-17,1594.68,40,Bearing Assembly,Southeast
2026-03-17,8438.98,27,Sensor Module,Midwest
2026-03-17,3269.6,33,Gear Set,Southeast
2026-03-17,1232.7,30,Bearing Assembly,Midwest
2026-03-17,1356.62,32,Bearing Assembly,Midwest
2026-03-18,3807.16,41,Gear Set,Southeast
2026-03-18,2738.2,28,Gear Set,Midwest
2026-03-18,1316.26,31,Bearing Assembly,Midwest
2026-03-18,5627.94,32,Hydraulic Valve,Southeast
2026-03-18,4823.29,53,Gear Set,Northeast
2026-03-18,1356.92,33,Bearing Assembly,Midwest
2026-03-18,7893.95,24,Sensor Module,Southeast
2026-03-18,3092.01,31,Gear Set,Southeast
2026-03-18,6462.61,36,Hydraulic Valve,Midwest
2026-03-18,8134.44,44,Hydraulic Valve,Southeast
2026-03-18,3284.2,36,Gear Set,Texas
2026-03-18,5409.91,28,Hydraulic Valve,Midwest
2026-03-18,3791.95,41,Gear Set,Midwest
2026-03-18,3969.59,42,Gear Set,Midwest
2026-03-18,9261.53,32,Sensor Module,Midwest
2026-03-18,5758.46,33,Hydraulic Valve,Northeast
2026-03-18,1835.04,44,Bearing Assembly,Midwest
2026-03-18,3490.64,36,Gear Set,Texas
2026-03-18,4719.68,49,Gear Set,Northeast
2026-03-18,6965.53,36,Hydraulic Valve,Midwest
2026-03-18,7492.69,37,Hydraulic Valve,Midwest
2026-03-18,1747.65,41,Bearing Assembly,Midwest
2026-03-18,8036.09,27,Sensor Module,Midwest
2026-03-18,8217.65,44,Hydraulic Valve,Northeast
2026-03-18,6424.73,33,Hydraulic Valve,Northeast
2026-03-18,1986.58,46,Bearing Assembly,Southeast
2026-03-18,1209.25,29,Bearing Assembly,Midwest
2026-03-19,8615.12,29,Sensor Module,Texas
2026-03-19,1414.45,33,Bearing Assembly,Midwest
2026-03-19,2083.45,22,Gear Set,Midwest
2026-03-19,5344.48,26,Hydraulic Valve,Northeast
2026-03-19,1345.55,32,Bearing Assembly,Midwest
2026-03-19,1657.77,40,Bearing Assembly,Southeast
2026-03-19,11264.01,35,Sensor Module,Southeast
2026-03-19,7661.59,39,Hydraulic Valve,Texas
2026-03-19,10454.47,34,Sensor Module,Southeast
2026-03-19,3099.8,33,Gear Set,Southeast
2026-03-19,8889.8,48,Hydraulic Valve,Midwest
2026-03-19,3607.39,36,Gear Set,Southeast
2026-03-19,10168.36,54,Hydraulic Valve,Midwest
2026-03-19,1420.38,35,Bearing Assembly,Texas
2026-03-19,1445.51,32,Bearing Assembly,Texas
2026-03-19,4374.08,45,Gear Set,Southeast
2026-03-19,2526.6,61,Bearing Assembly,Midwest
2026-03-19,6670.0,36,Hydraulic Valve,Southeast
2026-03-19,3468.35,35,Gear Set,Midwest
2026-03-19,7074.64,38,Hydraulic Valve,Northeast
2026-03-19,6759.31,37,Hydraulic Valve,Midwest
2026-03-19,1023.27,25,Bearing Assembly,Northeast
2026-03-19,1447.91,36,Bearing Assembly,Midwest
2026-03-19,2125.59,53,Bearing Assembly,Northeast
2026-03-19,2282.92,25,Gear Set,Midwest
2026-03-19,6693.11,36,Hydraulic Valve,Texas
2026-03-19,8996.7,48,Hydraulic Valve,Northeast
2026-03-19,9407.23,32,Sensor Module,Midwest
2026-03-19,1756.95,44,Bearing Assembly,Texas
2026-03-20,2836.34,27,Gear Set,Southeast
2026-03-20,1325.95,33,Bearing Assembly,Midwest
2026-03-20,1710.78,43,Bearing Assembly,Southeast
2026-03-20,3737.56,38,Gear Set,Southeast
2026-03-20,2392.03,25,Gear Set,Southeast
2026-03-20,12684.04,39,Sensor Module,Texas
2026-03-20,1429.53,33,Bearing Assembly,Southeast
2026-03-20,1352.99,34,Bearing Assembly,Midwest
2026-03-20,3328.33,35,Gear Set,Midwest
2026-03-20,8877.55,28,Sensor Module,Texas
2026-03-20,2573.98,27,Gear Set,Northeast
2026-03-20,2070.13,22,Gear Set,Northeast
2026-03-20,10091.8,35,Sensor Module,Midwest
2026-03-20,7665.73,42,Hydraulic Valve,Midwest
2026-03-20,1597.51,38,Bearing Assembly,Southeast
2026-03-20,1269.5,30,Bearing Assembly,Midwest
2026-03-20,3621.54,38,Gear Set,Midwest
2026-03-20,1612.32,35,Bearing Assembly,Northeast
2026-03-20,1582.03,38,Bearing Assembly,Southeast
2026-03-20,3128.6,34,Gear Set,Southeast
2026-03-20,8458.04,45,Hydraulic Valve,Northeast
2026-03-20,3866.05,41,Gear Set,Midwest
2026-03-20,3241.18,37,Gear Set,Midwest
2026-03-20,3084.96,32,Gear Set,Southeast
2026-03-20,1514.91,36,Bearing Assembly,Northeast
2026-03-20,4155.39,22,Hydraulic Valve,Midwest
2026-03-20,1812.54,43,Bearing Assembly,Southeast
2026-03-20,1342.91,31,Bearing Assembly,Texas
2026-03-20,7321.5,24,Sensor Module,Midwest
2026-03-23,14245.56,50,Sensor Module,Northeast
2026-03-23,1418.01,35,Bearing Assembly,Southeast
2026-03-23,1069.42,28,Bearing Assembly,Northeast
2026-03-23,4543.84,46,Gear Set,Northeast
2026-03-23,3113.3,34,Gear Set,Midwest
2026-03-23,13734.25,42,Sensor Module,Northeast
2026-03-23,965.1,24,Bearing Assembly,Northeast
2026-03-23,7932.63,40,Hydraulic Valve,Northeast
2026-03-23,8470.07,45,Hydraulic Valve,Midwest
2026-03-23,3713.27,42,Gear Set,Midwest
2026-03-23,7403.36,38,Hydraulic Valve,Texas
2026-03-23,2564.93,26,Gear Set,Midwest
2026-03-23,1629.09,40,Bearing Assembly,Southeast
2026-03-23,9117.7,30,Sensor Module,Southeast
2026-03-23,1799.79,42,Bearing Assembly,Midwest
2026-03-23,6467.95,35,Hydraulic Valve,Southeast
2026-03-23,4716.53,47,Gear Set,Midwest
2026-03-23,1657.92,37,Bearing Assembly,Southeast
2026-03-23,5498.38,30,Hydraulic Valve,Midwest
2026-03-23,1370.49,35,Bearing Assembly,Southeast
2026-03-23,1243.21,32,Bearing Assembly,Midwest
2026-03-23,4229.34,44,Gear Set,Midwest
2026-03-23,2628.12,27,Gear Set,Northeast
2026-03-23,11487.07,37,Sensor Module,Midwest
2026-03-23,1089.59,25,Bearing Assembly,Northeast
2026-03-23,4244.45,47,Gear Set,Southeast
2026-03-23,6996.3,38,Hydraulic Valve,Southeast
2026-03-23,5600.3,31,Hydraulic Valve,Midwest
2026-03-23,4159.5,43,Gear Set,Southeast
2026-03-23,5618.05,31,Hydraulic Valve,Midwest
2026-03-23,3281.79,35,Gear Set,Southeast
2026-03-23,3183.33,34,Gear Set,Northeast
2026-03-23,6350.97,33,Hydraulic Valve,Midwest
2026-03-23,2757.5,29,Gear Set,Northeast
2026-03-23,1371.16,31,Bearing Assembly,Southeast
2026-03-23,1986.43,21,Gear Set,Texas
2026-03-23,4368.94,23,Hydraulic Valve,Southeast
2026-03-23,10890.64,36,Sensor Module,Northeast
2026-03-23,9862.98,29,Sensor Module,Northeast
2026-03-23,2527.96,27,Gear Set,Southeast
2026-03-23,946.62,23,Bearing Assembly,Midwest
2026-03-24,3721.54,40,Gear Set,Texas
2026-03-24,7545.7,24,Sensor Module,Southeast
2026-03-24,3356.66,36,Gear Set,Texas
2026-03-24,8794.63,49,Hydraulic Valve,Texas
2026-03-24,10054.46,33,Sensor Module,Texas
2026-03-24,1698.62,40,Bearing Assembly,Midwest
2026-03-24,2432.33,26,Gear Set,Northeast
2026-03-24,1566.92,37,Bearing Assembly,Southeast
2026-03-24,5437.91,28,Hydraulic Valve,Midwest
2026-03-24,6627.92,36,Hydraulic Valve,Northeast
2026-03-24,822.72,19,Bearing Assembly,Midwest
2026-03-24,1996.84,47,Bearing Assembly,Northeast
2026-03-24,10895.67,37,Sensor Module,Southeast
2026-03-24,6979.39,37,Hydraulic Valve,Texas
2026-03-24,1225.06,29,Bearing Assembly,Southeast
2026-03-24,7572.89,40,Hydraulic Valve,Southeast
2026-03-24,10568.1,35,Sensor Module,Midwest
2026-03-24,11278.75,38,Sensor Module,Northeast
2026-03-24,3354.33,33,Gear Set,Texas
2026-03-24,3018.7,33,Gear Set,Midwest
2026-03-24,11578.75,38,Sensor Module,Texas
2026-03-24,1199.82,28,Bearing Assembly,Midwest
2026-03-24,2953.04,32,Gear Set,Midwest
2026-03-24,2320.46,24,Gear Set,Northeast
2026-03-24,1856.38,44,Bearing Assembly,Northeast
2026-03-24,13982.4,45,Sensor Module,Northeast
2026-03-25,5700.48,32,Hydraulic Valve,Northeast
2026-03-25,2673.25,32,Gear Set,Midwest
2026-03-25,6295.87,34,Hydraulic Valve,Midwest
2026-03-25,2912.07,31,Gear Set,Midwest
2026-03-25,6613.67,37,Hydraulic Valve,Midwest
2026-03-25,3247.64,35,Gear Set,Midwest
2026-03-25,1599.23,38,Bearing Assembly,Midwest
2026-03-25,6787.69,24,Sensor Module,Midwest
2026-03-25,11106.77,39,Sensor Module,Texas
2026-03-25,1288.15,30,Bearing Assembly,Southeast
2026-03-25,7551.69,41,Hydraulic Valve,Midwest
2026-03-25,2558.27,29,Gear Set,Midwest
2026-03-25,7082.43,38,Hydraulic Valve,Southeast
2026-03-25,8841.62,47,Hydraulic Valve,Midwest
2026-03-25,3032.84,32,Gear Set,Southeast
2026-03-25,1334.3,32,Bearing Assembly,Midwest
2026-03-25,1229.68,31,Bearing Assembly,Southeast
2026-03-25,1954.19,48,Bearing Assembly,Midwest
2026-03-25,12352.13,41,Sensor Module,Midwest
2026-03-25,6442.68,34,Hydraulic Valve,Northeast
2026-03-25,3232.83,33,Gear Set,Midwest
2026-03-25,5345.01,28,Hydraulic Valve,Midwest
2026-03-25,2677.3,26,Gear Set,Midwest
2026-03-25,1927.46,45,Bearing Assembly,Northeast
2026-03-25,1708.61,38,Bearing Assembly,Southeast
2026-03-25,9899.54,30,Sensor Module,Midwest
2026-03-25,1460.91,36,Bearing Assembly,Northeast
2026-03-25,3884.03,42,Gear Set,Southeast
2026-03-25,1861.35,42,Bearing Assembly,Texas
2026-03-25,5557.85,30,Hydraulic Valve,Southeast
2026-03-25,1502.48,36,Bearing Assembly,Midwest
2026-03-25,1638.07,40,Bearing Assembly,Northeast
2026-03-25,5212.64,28,Hydraulic Valve,Midwest
2026-03-25,1354.14,31,Bearing Assembly,Southeast
2026-03-26,1843.07,41,Bearing Assembly,Midwest
2026-03-26,1196.93,30,Bearing Assembly,Midwest
2026-03-26,9117.71,30,Sensor Module,Northeast
2026-03-26,6673.06,38,Hydraulic Valve,Midwest
2026-03-26,8393.0,29,Sensor Module,Midwest
2026-03-26,1555.63,36,Bearing Assembly,Northeast
2026-03-26,1239.05,30,Bearing Assembly,Northeast
2026-03-26,1602.41,36,Bearing Assembly,Midwest
2026-03-26,1849.24,45,Bearing Assembly,Midwest
2026-03-26,3318.43,38,Gear Set,Northeast
2026-03-26,2255.1,25,Gear Set,Northeast
2026-03-26,8009.67,41,Hydraulic Valve,Texas
2026-03-26,1534.1,35,Bearing Assembly,Midwest
2026-03-26,1731.48,39,Bearing Assembly,Midwest
2026-03-26,1498.05,36,Bearing Assembly,Midwest
2026-03-26,7125.24,23,Sensor Module,Northeast
2026-03-26,2854.25,30,Gear Set,Northeast
2026-03-26,9614.36,31,Sensor Module,Southeast
2026-03-26,7169.74,38,Hydraulic Valve,Northeast
2026-03-26,10554.42,35,Sensor Module,Midwest
2026-03-26,4824.87,26,Hydraulic Valve,Texas
2026-03-26,3351.68,36,Gear Set,Midwest
2026-03-26,6356.44,33,Hydraulic Valve,Northeast
2026-03-26,3733.68,40,Gear Set,Midwest
2026-03-26,8697.78,48,Hydraulic Valve,Midwest
2026-03-26,1455.67,36,Bearing Assembly,Southeast
2026-03-26,8054.71,43,Hydraulic Valve,Northeast
2026-03-26,1054.13,25,Bearing Assembly,Northeast
2026-03-26,16549.99,53,Sensor Module,Northeast
2026-03-26,4569.44,26,Hydraulic Valve,Texas
2026-03-26,1225.46,27,Bearing Assembly,Southeast
2026-03-26,987.35,24,Bearing Assembly,Midwest
2026-03-26,2722.25,28,Gear Set,Southeast
2026-03-27,901.69,22,Bearing Assembly,Texas
2026-03-27,13478.48,44,Sensor Module,Southeast
2026-03-27,10621.65,33,Sensor Module,Midwest
2026-03-27,5839.36,31,Hydraulic Valve,Southeast
2026-03-27,3206.62,34,Gear Set,Midwest
2026-03-27,1774.24,44,Bearing Assembly,Northeast
2026-03-27,660.87,15,Bearing Assembly,Southeast
2026-03-27,7339.6,41,Hydraulic Valve,Midwest
2026-03-27,6627.73,38,Hydraulic Valve,Southeast
2026-03-27,6054.56,32,Hydraulic Valve,Southeast
2026-03-27,1599.56,37,Bearing Assembly,Texas
2026-03-27,4358.3,47,Gear Set,Texas
2026-03-27,2533.47,28,Gear Set,Southeast
2026-03-27,10431.63,33,Sensor Module,Northeast
2026-03-27,1169.86,30,Bearing Assembly,Southeast
2026-03-27,6507.42,20,Sensor Module,Northeast
2026-03-27,7654.38,24,Sensor Module,Northeast
2026-03-27,3730.98,39,Gear Set,Northeast
2026-03-27,1859.29,45,Bearing Assembly,Texas
2026-03-27,1516.22,38,Bearing Assembly,Southeast
2026-03-27,1690.17,42,Bearing Assembly,Midwest
2026-03-27,2840.83,30,Gear Set,Northeast
2026-03-27,1571.67,17,Gear Set,Midwest
2026-03-27,1860.19,40,Bearing Assembly,Midwest
2026-03-27,2042.37,46,Bearing Assembly,Northeast
2026-03-27,7741.23,41,Hydraulic Valve,Midwest
2026-03-27,1420.44,35,Bearing Assembly,Midwest
2026-03-27,1087.97,26,Bearing Assembly,Northeast
2026-03-27,2865.84,30,Gear Set,Texas
2026-03-27,7864.02,40,Hydraulic Valve,Southeast
2026-03-27,3770.57,40,Gear Set,Northeast
2026-03-30,7720.89,40,Hydraulic Valve,Midwest
2026-03-30,5997.08,34,Hydraulic Valve,Midwest
2026-03-30,4721.57,52,Gear Set,Texas
2026-03-30,1370.64,33,Bearing Assembly,Southeast
2026-03-30,4144.68,42,Gear Set,Midwest
2026-03-30,2318.94,25,Gear Set,Midwest
2026-03-30,1785.38,43,Bearing Assembly,Northeast
2026-03-30,9653.78,51,Hydraulic Valve,Northeast
2026-03-30,1379.15,35,Bearing Assembly,Texas
2026-03-30,1991.25,21,Gear Set,Midwest
2026-03-30,11162.7,34,Sensor Module,Southeast
2026-03-30,6632.99,37,Hydraulic Valve,Southeast
2026-03-30,8148.13,27,Sensor Module,Texas
2026-03-30,1332.81,30,Bearing Assembly,Southeast
2026-03-30,3620.33,37,Gear Set,Texas
2026-03-30,1578.34,37,Bearing Assembly,Midwest
2026-03-30,3559.75,39,Gear Set,Texas
2026-03-30,3373.03,35,Gear Set,Midwest
2026-03-30,2271.89,24,Gear Set,Midwest
2026-03-30,3274.44,32,Gear Set,Midwest
2026-03-30,1264.49,30,Bearing Assembly,Northeast
2026-03-30,1129.47,25,Bearing Assembly,Northeast
2026-03-30,1455.44,34,Bearing Assembly,Southeast
2026-03-30,10510.71,34,Sensor Module,Midwest
2026-03-30,5085.83,51,Gear Set,Midwest
2026-03-30,4283.17,44,Gear Set,Midwest
2026-03-30,3935.0,40,Gear Set,Southeast
2026-03-30,1129.19,28,Bearing Assembly,Midwest
2026-03-31,8732.29,48,Hydraulic Valve,Texas
2026-03-31,3454.29,37,Gear Set,Midwest
2026-03-31,1717.32,44,Bearing Assembly,Midwest
2026-03-31,3139.95,34,Gear Set,Southeast
2026-03-31,1567.49,37,Bearing Assembly,Midwest
2026-03-31,8725.03,27,Sensor Module,Northeast
2026-03-31,1668.39,39,Bearing Assembly,Midwest
2026-03-31,3518.01,38,Gear Set,Midwest
2026-03-31,1586.57,38,Bearing Assembly,Northeast
2026-03-31,6496.7,33,Hydraulic Valve,Southeast
2026-03-31,8297.59,45,Hydraulic Valve,Midwest
2026-03-31,5850.45,31,Hydraulic Valve,Midwest
2026-03-31,2967.43,33,Gear Set,Texas
2026-03-31,15744.79,49,Sensor Module,Northeast
2026-03-31,4576.41,24,Hydraulic Valve,Northeast
2026-03-31,2659.71,30,Gear Set,Midwest
2026-03-31,1633.42,18,Gear Set,Midwest
2026-03-31,1556.81,37,Bearing Assembly,Midwest
2026-03-31,4030.48,44,Gear Set,Midwest
2026-03-31,916.56,24,Bearing Assembly,Southeast
2026-03-31,1250.52,28,Bearing Assembly,Midwest
2026-03-31,5049.24,54,Gear Set,Midwest
2026-03-31,2715.76,28,Gear Set,Northeast
2026-03-31,1503.76,36,Bearing Assembly,Texas
2026-03-31,3122.55,34,Gear Set,Northeast
2026-03-31,5342.7,30,Hydraulic Valve,Northeast
2026-04-01,1296.88,30,Bearing Assembly,Southeast
2026-04-01,1526.42,34,Bearing Assembly,Southeast
2026-04-01,12850.66,42,Sensor Module,Midwest
2026-04-01,1730.54,39,Bearing Assembly,Texas
2026-04-01,1305.42,29,Bearing Assembly,Southeast
2026-04-01,4007.49,21,Hydraulic Valve,Midwest
2026-04-01,2347.36,57,Bearing Assembly,Texas
2026-04-01,1963.57,46,Bearing Assembly,Midwest
2026-04-01,1138.39,27,Bearing Assembly,Midwest
2026-04-01,2878.79,32,Gear Set,Northeast
2026-04-01,7694.79,41,Hydraulic Valve,Midwest
2026-04-01,914.71,22,Bearing Assembly,Midwest
2026-04-01,7567.27,38,Hydraulic Valve,Northeast
2026-04-01,12277.62,41,Sensor Module,Southeast
2026-04-01,8964.43,46,Hydraulic Valve,Southeast
2026-04-01,3573.59,36,Gear Set,Northeast
2026-04-01,3756.17,20,Hydraulic Valve,Midwest
2026-04-01,1169.0,29,Bearing Assembly,Southeast
2026-04-01,1618.26,40,Bearing Assembly,Southeast
2026-04-01,1615.34,38,Bearing Assembly,Southeast
2026-04-01,1423.02,35,Bearing Assembly,Midwest
2026-04-01,1311.25,33,Bearing Assembly,Midwest
2026-04-01,1628.25,41,Bearing Assembly,Southeast
2026-04-01,1797.87,43,Bearing Assembly,Midwest
2026-04-01,4536.87,24,Hydraulic Valve,Midwest
2026-04-01,7558.13,40,Hydraulic Valve,Midwest
2026-04-01,4208.77,42,Gear Set,Midwest
2026-04-01,2827.54,31,Gear Set,Midwest
2026-04-02,14914.93,49,Sensor Module,Texas
2026-04-02,14112.52,46,Sensor Module,Texas
2026-04-02,15276.27,44,Sensor Module,Midwest
2026-04-02,1424.75,35,Bearing Assembly,Texas
2026-04-02,1099.44,26,Bearing Assembly,Southeast
2026-04-02,3776.52,39,Gear Set,Midwest
2026-04-02,4678.14,25,Hydraulic Valve,Midwest
2026-04-02,1556.5,36,Bearing Assembly,Texas
2026-04-02,4269.41,46,Gear Set,Midwest
2026-04-02,1497.56,36,Bearing Assembly,Midwest
2026-04-02,9088.37,29,Sensor Module,Midwest
2026-04-02,8952.84,47,Hydraulic Valve,Texas
2026-04-02,6214.36,35,Hydraulic Valve,Midwest
2026-04-02,1978.99,47,Bearing Assembly,Midwest
2026-04-02,4051.92,40,Gear Set,Midwest
2026-04-02,10640.96,34,Sensor Module,Southeast
2026-04-02,1549.58,38,Bearing Assembly,Southeast
2026-04-02,1290.01,33,Bearing Assembly,Texas
2026-04-02,2519.05,25,Gear Set,Northeast
2026-04-02,1595.5,38,Bearing Assembly,Northeast
2026-04-02,711.45,17,Bearing Assembly,Texas
2026-04-02,1731.65,41,Bearing Assembly,Midwest
2026-04-02,2040.95,48,Bearing Assembly,Midwest
2026-04-02,3346.16,35,Gear Set,Midwest
2026-04-02,1047.92,25,Bearing Assembly,Midwest
2026-04-02,1507.06,34,Bearing Assembly,Texas
2026-04-02,1600.19,39,Bearing Assembly,Southeast
2026-04-02,4282.42,22,Hydraulic Valve,Midwest
2026-04-02,1441.87,35,Bearing Assembly,Southeast
2026-04-02,4292.68,47,Gear Set,Midwest
2026-04-02,3008.05,34,Gear Set,Southeast
2026-04-02,1299.41,28,Bearing Assembly,Midwest
2026-04-02,1383.4,32,Bearing Assembly,Midwest
2026-04-03,8294.12,28,Sensor Module,Midwest
2026-04-03,3072.04,31,Gear Set,Midwest
2026-04-03,985.56,24,Bearing Assembly,Midwest
2026-04-03,1582.69,37,Bearing Assembly,Midwest
2026-04-03,1623.4,38,Bearing Assembly,Northeast
2026-04-03,3451.16,35,Gear Set,Texas
2026-04-03,3909.84,40,Gear Set,Midwest
2026-04-03,2264.14,24,Gear Set,Texas
2026-04-03,2462.18,27,Gear Set,Southeast
2026-04-03,1514.55,36,Bearing Assembly,Texas
2026-04-03,5903.91,33,Hydraulic Valve,Northeast
2026-04-03,3357.63,35,Gear Set,Southeast
2026-04-03,1548.69,36,Bearing Assembly,Southeast
2026-04-03,1643.23,41,Bearing Assembly,Northeast
2026-04-03,1189.97,29,Bearing Assembly,Midwest
2026-04-03,6941.52,36,Hydraulic Valve,Texas
2026-04-03,1539.15,36,Bearing Assembly,Southeast
2026-04-03,9405.03,32,Sensor Module,Southeast
2026-04-03,3330.07,35,Gear Set,Texas
2026-04-03,6641.04,36,Hydraulic Valve,Midwest
2026-04-03,5262.72,28,Hydraulic Valve,Southeast
2026-04-03,5233.06,28,Hydraulic Valve,Midwest
2026-04-03,1574.78,36,Bearing Assembly,Texas
2026-04-03,1762.44,42,Bearing Assembly,Southeast
2026-04-06,8171.13,43,Hydraulic Valve,Texas
2026-04-06,3787.24,21,Hydraulic Valve,Texas
2026-04-06,2959.05,30,Gear Set,Southeast
2026-04-06,8433.2,46,Hydraulic Valve,Midwest
2026-04-06,6157.55,35,Hydraulic Valve,Midwest
2026-04-06,3282.98,34,Gear Set,Midwest
2026-04-06,10882.27,35,Sensor Module,Midwest
2026-04-06,8541.15,45,Hydraulic Valve,Midwest
2026-04-06,938.25,22,Bearing Assembly,Texas
2026-04-06,2754.69,28,Gear Set,Midwest
2026-04-06,933.84,22,Bearing Assembly,Northeast
2026-04-06,1098.55,28,Bearing Assembly,Northeast
2026-04-06,2542.73,26,Gear Set,Midwest
2026-04-06,3182.38,32,Gear Set,Midwest
2026-04-06,12962.45,43,Sensor Module,Texas
2026-04-06,852.9,21,Bearing Assembly,Southeast
2026-04-06,1999.67,48,Bearing Assembly,Midwest
2026-04-06,5096.96,26,Hydraulic Valve,Midwest
2026-04-06,1459.84,32,Bearing Assembly,Northeast
2026-04-06,1363.04,34,Bearing Assembly,Southeast
2026-04-06,18184.22,56,Sensor Module,Northeast
2026-04-06,12557.07,43,Sensor Module,Southeast
2026-04-07,3906.8,39,Gear Set,Northeast
2026-04-07,1775.59,44,Bearing Assembly,Northeast
2026-04-07,1211.87,29,Bearing Assembly,Midwest
2026-04-07,1936.11,47,Bearing Assembly,Midwest
2026-04-07,10195.12,33,Sensor Module,Midwest
2026-04-07,14562.6,49,Sensor Module,Northeast
2026-04-07,1360.13,32,Bearing Assembly,Northeast
2026-04-07,1131.32,28,Bearing Assembly,Midwest
2026-04-07,1756.51,42,Bearing Assembly,Northeast
2026-04-07,6263.77,21,Sensor Module,Southeast
2026-04-07,13620.64,44,Sensor Module,Midwest
2026-04-07,4433.2,44,Gear Set,Northeast
2026-04-07,2772.13,29,Gear Set,Midwest
2026-04-07,1653.55,39,Bearing Assembly,Midwest
2026-04-07,8939.84,29,Sensor Module,Midwest
2026-04-07,3057.56,31,Gear Set,Midwest
2026-04-07,987.33,25,Bearing Assembly,Midwest
2026-04-07,1359.04,32,Bearing Assembly,Midwest
2026-04-07,14702.3,45,Sensor Module,Northeast
2026-04-07,1793.41,41,Bearing Assembly,Northeast
2026-04-07,1345.75,32,Bearing Assembly,Texas
2026-04-07,3901.8,42,Gear Set,Northeast
2026-04-07,1330.9,30,Bearing Assembly,Midwest
2026-04-07,13596.4,44,Sensor Module,Midwest
2026-04-07,7026.4,38,Hydraulic Valve,Southeast
2026-04-07,1442.96,35,Bearing Assembly,Midwest
2026-04-07,4041.12,43,Gear Set,Northeast
2026-04-07,1375.11,36,Bearing Assembly,Northeast
2026-04-07,2396.66,26,Gear Set,Southeast
2026-04-07,2694.19,29,Gear Set,Southeast
2026-04-07,1625.7,40,Bearing Assembly,Midwest
2026-04-07,6765.54,33,Hydraulic Valve,Texas
2026-04-07,992.8,23,Bearing Assembly,Southeast
2026-04-08,3656.24,40,Gear Set,Midwest
2026-04-08,4503.6,47,Gear Set,Northeast
2026-04-08,1243.65,28,Bearing Assembly,Midwest
2026-04-08,1498.13,37,Bearing Assembly,Texas
2026-04-08,1502.82,38,Bearing Assembly,Southeast
2026-04-08,4101.54,22,Hydraulic Valve,Texas
2026-04-08,1480.76,37,Bearing Assembly,Midwest
2026-04-08,3423.74,38,Gear Set,Midwest
2026-04-08,845.86,20,Bearing Assembly,Midwest
2026-04-08,858.27,22,Bearing Assembly,Northeast
2026-04-08,1753.84,41,Bearing Assembly,Midwest
2026-04-08,2857.82,30,Gear Set,Northeast
2026-04-08,1385.86,31,Bearing Assembly,Texas
2026-04-08,835.33,21,Bearing Assembly,Midwest
2026-04-08,6351.46,33,Hydraulic Valve,Midwest
2026-04-08,7899.88,42,Hydraulic Valve,Texas
2026-04-08,2357.81,27,Gear Set,Texas
2026-04-08,3651.57,39,Gear Set,Midwest
2026-04-08,1440.48,35,Bearing Assembly,Midwest
2026-04-08,7915.01,41,Hydraulic Valve,Midwest
2026-04-08,8509.84,25,Sensor Module,Northeast
2026-04-08,2116.98,22,Gear Set,Midwest
2026-04-08,1384.6,31,Bearing Assembly,Midwest
2026-04-08,3993.39,39,Gear Set,Midwest
2026-04-08,5317.68,30,Hydraulic Valve,Texas
2026-04-08,8442.36,28,Sensor Module,Northeast
2026-04-08,4918.66,27,Hydraulic Valve,Midwest
2026-04-09,1452.57,35,Bearing Assembly,Midwest
2026-04-09,1589.78,38,Bearing Assembly,Midwest
2026-04-09,1720.74,42,Bearing Assembly,Texas
2026-04-09,3057.66,33,Gear Set,Northeast
2026-04-09,2784.51,30,Gear Set,Northeast
2026-04-09,1327.7,33,Bearing Assembly,Midwest
2026-04-09,2825.59,29,Gear Set,Southeast
2026-04-09,1306.09,31,Bearing Assembly,Southeast
2026-04-09,1502.77,34,Bearing Assembly,Midwest
2026-04-09,1242.77,29,Bearing Assembly,Southeast
2026-04-09,2328.88,25,Gear Set,Midwest
2026-04-09,1749.2,42,Bearing Assembly,Northeast
2026-04-09,8367.76,31,Sensor Module,Southeast
2026-04-09,1672.98,38,Bearing Assembly,Midwest
2026-04-09,1037.19,25,Bearing Assembly,Midwest
2026-04-09,12010.4,41,Sensor Module,Midwest
2026-04-09,10234.19,35,Sensor Module,Midwest
2026-04-09,7818.36,43,Hydraulic Valve,Midwest
2026-04-09,2089.75,49,Bearing Assembly,Southeast
2026-04-09,2293.55,24,Gear Set,Midwest
2026-04-09,1568.73,37,Bearing Assembly,Southeast
2026-04-09,7565.98,40,Hydraulic Valve,Southeast
2026-04-09,1619.3,39,Bearing Assembly,Midwest
2026-04-09,4330.82,46,Gear Set,Southeast
2026-04-09,5228.01,30,Hydraulic Valve,Southeast
2026-04-09,7878.74,26,Sensor Module,Midwest
2026-04-09,3919.04,41,Gear Set,Southeast
2026-04-09,13771.82,49,Sensor Module,Texas
2026-04-09,3537.37,39,Gear Set,Northeast
2026-04-10,4489.57,47,Gear Set,Midwest
2026-04-10,1831.86,42,Bearing Assembly,Texas
2026-04-10,5351.3,29,Hydraulic Valve,Southeast
2026-04-10,2097.17,22,Gear Set,Midwest
2026-04-10,4275.35,14,Sensor Module,Midwest
2026-04-10,6529.61,35,Hydraulic Valve,Midwest
2026-04-10,3474.51,34,Gear Set,Midwest
2026-04-10,7450.29,23,Sensor Module,Northeast
2026-04-10,1136.98,27,Bearing Assembly,Texas
2026-04-10,5591.17,31,Hydraulic Valve,Southeast
2026-04-10,13071.61,44,Sensor Module,Southeast
2026-04-10,3005.48,32,Gear Set,Texas
2026-04-10,3580.28,38,Gear Set,Southeast
2026-04-10,6546.68,36,Hydraulic Valve,Texas
2026-04-10,1306.12,32,Bearing Assembly,Southeast
2026-04-10,8005.76,28,Sensor Module,Southeast
2026-04-10,3108.68,33,Gear Set,Southeast
2026-04-10,5061.73,30,Hydraulic Valve,Northeast
2026-04-10,4414.63,47,Gear Set,Northeast
2026-04-10,3241.95,33,Gear Set,Midwest
2026-04-10,1466.42,34,Bearing Assembly,Northeast
2026-04-10,1428.15,32,Bearing Assembly,Northeast
2026-04-10,7173.86,40,Hydraulic Valve,Midwest
2026-04-10,3325.24,35,Gear Set,Southeast
2026-04-10,3084.05,33,Gear Set,Southeast
2026-04-13,3975.45,42,Gear Set,Southeast
2026-04-13,8603.12,28,Sensor Module,Midwest
2026-04-13,10594.93,32,Sensor Module,Southeast
2026-04-13,1344.91,33,Bearing Assembly,Texas
2026-04-13,3207.95,34,Gear Set,Midwest
2026-04-13,2311.51,60,Bearing Assembly,Northeast
2026-04-13,2849.36,30,Gear Set,Northeast
2026-04-13,1725.08,38,Bearing Assembly,Midwest
2026-04-13,1095.98,26,Bearing Assembly,Midwest
2026-04-13,6827.75,36,Hydraulic Valve,Texas
2026-04-13,2721.4,28,Gear Set,Northeast
2026-04-13,1967.96,20,Gear Set,Southeast
2026-04-13,12208.57,40,Sensor Module,Midwest
2026-04-13,1777.55,39,Bearing Assembly,Midwest
2026-04-13,4528.22,44,Gear Set,Texas
2026-04-13,6850.87,37,Hydraulic Valve,Southeast
2026-04-13,1528.59,37,Bearing Assembly,Texas
2026-04-13,3434.09,38,Gear Set,Texas
2026-04-13,3457.38,37,Gear Set,Northeast
2026-04-13,3890.31,39,Gear Set,Midwest
2026-04-13,7101.44,35,Hydraulic Valve,Texas
2026-04-13,1065.54,23,Bearing Assembly,Southeast
2026-04-13,1347.16,32,Bearing Assembly,Texas
2026-04-13,1092.36,26,Bearing Assembly,Midwest
2026-04-13,3378.89,38,Gear Set,Southeast
2026-04-13,1445.03,35,Bearing Assembly,Southeast
2026-04-13,2727.2,28,Gear Set,Southeast
2026-04-13,2979.68,31,Gear Set,Southeast
2026-04-13,3655.26,39,Gear Set,Midwest
2026-04-14,4593.32,49,Gear Set,Texas
2026-04-14,3891.65,44,Gear Set,Midwest
2026-04-14,5362.51,31,Hydraulic Valve,Southeast
2026-04-14,3472.5,37,Gear Set,Midwest
2026-04-14,13083.91,42,Sensor Module,Texas
2026-04-14,8419.51,43,Hydraulic Valve,Midwest
2026-04-14,1724.85,41,Bearing Assembly,Northeast
2026-04-14,1856.57,45,Bearing Assembly,Midwest
2026-04-14,5664.7,30,Hydraulic Valve,Midwest
2026-04-14,6464.43,22,Sensor Module,Midwest
2026-04-14,1513.6,35,Bearing Assembly,Midwest
2026-04-14,1214.99,28,Bearing Assembly,Midwest
2026-04-14,1511.41,35,Bearing Assembly,Southeast
2026-04-14,12595.17,43,Sensor Module,Northeast
2026-04-14,4667.32,48,Gear Set,Southeast
2026-04-14,1424.71,34,Bearing Assembly,Midwest
2026-04-14,3974.3,41,Gear Set,Northeast
2026-04-14,4105.62,45,Gear Set,Midwest
2026-04-14,4074.86,43,Gear Set,Southeast
2026-04-14,8378.83,45,Hydraulic Valve,Midwest
2026-04-14,3784.25,40,Gear Set,Midwest
2026-04-14,1387.24,32,Bearing Assembly,Texas
2026-04-14,2013.68,46,Bearing Assembly,Southeast
2026-04-14,1429.17,33,Bearing Assembly,Texas
2026-04-14,3754.47,42,Gear Set,Northeast
2026-04-14,12199.77,42,Sensor Module,Texas
2026-04-14,3525.96,36,Gear Set,Southeast
2026-04-14,1550.45,35,Bearing Assembly,Southeast
2026-04-14,1671.56,41,Bearing Assembly,Northeast
2026-04-14,3008.46,33,Gear Set,Midwest
2026-04-14,3723.76,41,Gear Set,Northeast
2026-04-15,595.37,14,Bearing Assembly,Midwest
2026-04-15,3574.81,37,Gear Set,Midwest
2026-04-15,8329.91,46,Hydraulic Valve,Northeast
2026-04-15,1269.32,30,Bearing Assembly,Texas
2026-04-15,3432.88,35,Gear Set,Midwest
2026-04-15,3919.07,41,Gear Set,Southeast
2026-04-15,6680.15,38,Hydraulic Valve,Midwest
2026-04-15,3102.78,34,Gear Set,Midwest
2026-04-15,12848.77,42,Sensor Module,Midwest
2026-04-15,13555.13,43,Sensor Module,Midwest
2026-04-15,4808.12,46,Gear Set,Texas
2026-04-15,331.83,8,Bearing Assembly,Texas
2026-04-15,1096.57,26,Bearing Assembly,Midwest
2026-04-15,7839.08,25,Sensor Module,Southeast
2026-04-15,2366.47,25,Gear Set,Southeast
2026-04-15,1205.14,28,Bearing Assembly,Southeast
2026-04-15,1492.67,36,Bearing Assembly,Midwest
2026-04-15,5383.31,29,Hydraulic Valve,Southeast
2026-04-15,3850.72,39,Gear Set,Midwest
2026-04-15,12178.52,42,Sensor Module,Midwest
2026-04-15,8567.8,45,Hydraulic Valve,Southeast
2026-04-15,3899.76,40,Gear Set,Northeast
2026-04-15,9987.41,31,Sensor Module,Midwest
2026-04-15,5468.65,29,Hydraulic Valve,Southeast
2026-04-15,3426.97,36,Gear Set,Northeast
2026-04-15,1833.94,45,Bearing Assembly,Midwest
2026-04-15,2773.3,32,Gear Set,Southeast
2026-04-15,2294.28,25,Gear Set,Southeast
2026-04-15,1081.24,27,Bearing Assembly,Southeast
2026-04-15,6406.24,36,Hydraulic Valve,Midwest
2026-04-15,7803.46,41,Hydraulic Valve,Midwest
2026-04-15,12151.71,38,Sensor Module,Southeast
2026-04-15,7322.61,38,Hydraulic Valve,Midwest
2026-04-15,3637.74,37,Gear Set,Midwest
2026-04-15,520.59,13,Bearing Assembly,Southeast
2026-04-15,1946.19,45,Bearing Assembly,Texas
2026-04-16,3294.91,34,Gear Set,Southeast
2026-04-16,11730.67,39,Sensor Module,Midwest
2026-04-16,4613.92,27,Hydraulic Valve,Texas
2026-04-16,2970.79,30,Gear Set,Southeast
2026-04-16,7378.17,39,Hydraulic Valve,Southeast
2026-04-16,7024.91,38,Hydraulic Valve,Northeast
2026-04-16,14244.07,44,Sensor Module,Midwest
2026-04-16,2423.9,26,Gear Set,Midwest
2026-04-16,1008.78,24,Bearing Assembly,Texas
2026-04-16,1341.41,32,Bearing Assembly,Texas
2026-04-16,1388.09,35,Bearing Assembly,Northeast
2026-04-16,1594.59,38,Bearing Assembly,Midwest
2026-04-16,12638.64,39,Sensor Module,Midwest
2026-04-16,1574.37,39,Bearing Assembly,Northeast
2026-04-16,2040.43,23,Gear Set,Midwest
2026-04-16,2829.76,29,Gear Set,Midwest
2026-04-16,4661.17,25,Hydraulic Valve,Midwest
2026-04-16,1619.65,39,Bearing Assembly,Midwest
2026-04-16,1489.81,35,Bearing Assembly,Midwest
2026-04-16,8751.67,44,Hydraulic Valve,Midwest
2026-04-16,3305.18,36,Gear Set,Southeast
2026-04-16,8150.43,27,Sensor Module,Midwest
2026-04-16,1792.55,45,Bearing Assembly,Texas
2026-04-16,1625.53,40,Bearing Assembly,Midwest
2026-04-16,1321.53,32,Bearing Assembly,Northeast
2026-04-17,1922.67,45,Bearing Assembly,Northeast
2026-04-17,1364.18,35,Bearing Assembly,Northeast
2026-04-17,5975.23,31,Hydraulic Valve,Texas
2026-04-17,1174.12,28,Bearing Assembly,Southeast
2026-04-17,1650.98,41,Bearing Assembly,Southeast
2026-04-17,8524.27,28,Sensor Module,Northeast
2026-04-17,6303.8,32,Hydraulic Valve,Midwest
2026-04-17,1527.68,37,Bearing Assembly,Southeast
2026-04-17,1302.07,32,Bearing Assembly,Midwest
2026-04-17,1483.3,35,Bearing Assembly,Southeast
2026-04-17,3811.21,21,Hydraulic Valve,Southeast
2026-04-17,11701.64,39,Sensor Module,Midwest
2026-04-17,1748.17,42,Bearing Assembly,Southeast
2026-04-17,1368.35,32,Bearing Assembly,Southeast
2026-04-17,1939.75,21,Gear Set,Midwest
2026-04-17,3793.33,21,Hydraulic Valve,Southeast
2026-04-17,13853.11,47,Sensor Module,Midwest
2026-04-17,5476.38,30,Hydraulic Valve,Midwest
2026-04-17,1809.18,41,Bearing Assembly,Midwest
2026-04-17,1166.54,25,Bearing Assembly,Southeast
2026-04-17,1737.99,41,Bearing Assembly,Midwest
2026-04-17,7703.52,40,Hydraulic Valve,Southeast
2026-04-17,1437.72,33,Bearing Assembly,Northeast
2026-04-17,3427.79,35,Gear Set,Northeast
2026-04-20,1168.76,28,Bearing Assembly,Midwest
2026-04-20,3738.14,39,Gear Set,Midwest
2026-04-20,1066.61,25,Bearing Assembly,Midwest
2026-04-20,4374.62,43,Gear Set,Texas
2026-04-20,1315.05,31,Bearing Assembly,Texas
2026-04-20,1626.65,39,Bearing Assembly,Midwest
2026-04-20,3489.99,37,Gear Set,Midwest
2026-04-20,14024.13,48,Sensor Module,Texas
2026-04-20,8135.32,44,Hydraulic Valve,Midwest
2026-04-20,1167.81,28,Bearing Assembly,Midwest
2026-04-20,1692.3,40,Bearing Assembly,Midwest
2026-04-20,1979.15,46,Bearing Assembly,Midwest
2026-04-20,4147.8,45,Gear Set,Midwest
2026-04-20,2958.53,32,Gear Set,Midwest
2026-04-20,5376.85,30,Hydraulic Valve,Midwest
2026-04-20,9234.51,30,Sensor Module,Southeast
2026-04-20,1424.86,37,Bearing Assembly,Texas
2026-04-20,3190.41,33,Gear Set,Southeast
2026-04-20,1077.53,26,Bearing Assembly,Midwest
2026-04-20,4414.07,24,Hydraulic Valve,Northeast
2026-04-20,1783.86,44,Bearing Assembly,Southeast
2026-04-20,1264.62,30,Bearing Assembly,Midwest
2026-04-20,4147.97,23,Hydraulic Valve,Midwest
2026-04-20,1189.85,27,Bearing Assembly,Southeast
2026-04-20,11212.55,37,Sensor Module,Southeast
2026-04-20,8079.7,28,Sensor Module,Northeast
2026-04-20,1264.55,30,Bearing Assembly,Southeast
2026-04-20,2921.93,32,Gear Set,Midwest
2026-04-20,1624.03,38,Bearing Assembly,Texas
2026-04-20,1920.98,10,Hydraulic Valve,Texas
2026-04-20,12092.94,38,Sensor Module,Midwest
2026-04-20,2596.19,27,Gear Set,Southeast
2026-04-20,1898.28,44,Bearing Assembly,Northeast
2026-04-20,2692.52,26,Gear Set,Midwest
2026-04-21,12233.36,38,Sensor Module,Southeast
2026-04-21,1347.87,32,Bearing Assembly,Midwest
2026-04-21,13290.83,42,Sensor Module,Midwest
2026-04-21,1153.74,28,Bearing Assembly,Northeast
2026-04-21,11157.82,35,Sensor Module,Northeast
2026-04-21,5879.32,32,Hydraulic Valve,Northeast
2026-04-21,942.43,23,Bearing Assembly,Midwest
2026-04-21,2892.66,32,Gear Set,Southeast
2026-04-21,4759.04,44,Gear Set,Southeast
2026-04-21,12734.0,40,Sensor Module,Midwest
2026-04-21,4793.74,49,Gear Set,Southeast
2026-04-21,981.98,24,Bearing Assembly,Southeast
2026-04-21,1333.11,31,Bearing Assembly,Midwest
2026-04-21,1244.37,30,Bearing Assembly,Texas
2026-04-21,2507.87,26,Gear Set,Northeast
2026-04-21,2732.28,29,Gear Set,Texas
2026-04-21,1698.98,43,Bearing Assembly,Southeast
2026-04-21,3435.43,37,Gear Set,Northeast
2026-04-21,1810.17,43,Bearing Assembly,Midwest
2026-04-21,1260.64,30,Bearing Assembly,Midwest
2026-04-21,3744.66,39,Gear Set,Southeast
2026-04-21,2299.66,52,Bearing Assembly,Northeast
2026-04-21,899.67,21,Bearing Assembly,Northeast
2026-04-21,3242.17,37,Gear Set,Northeast
2026-04-21,1669.26,39,Bearing Assembly,Midwest
2026-04-22,9126.73,30,Sensor Module,Southeast
2026-04-22,1598.83,40,Bearing Assembly,Northeast
2026-04-22,1561.97,36,Bearing Assembly,Midwest
2026-04-22,2635.52,27,Gear Set,Midwest
2026-04-22,5889.43,34,Hydraulic Valve,Southeast
2026-04-22,7569.87,41,Hydraulic Valve,Northeast
2026-04-22,15617.6,50,Sensor Module,Texas
2026-04-22,1648.52,41,Bearing Assembly,Texas
2026-04-22,6594.24,34,Hydraulic Valve,Midwest
2026-04-22,953.85,22,Bearing Assembly,Midwest
2026-04-22,2261.58,25,Gear Set,Texas
2026-04-22,3578.33,37,Gear Set,Texas
2026-04-22,2395.4,27,Gear Set,Texas
2026-04-22,1228.26,28,Bearing Assembly,Southeast
2026-04-22,3330.06,35,Gear Set,Southeast
2026-04-22,10169.27,33,Sensor Module,Midwest
2026-04-22,3752.01,39,Gear Set,Southeast
2026-04-22,5776.41,30,Hydraulic Valve,Midwest
2026-04-22,1265.24,29,Bearing Assembly,Northeast
2026-04-22,9228.65,31,Sensor Module,Midwest
2026-04-22,1099.02,28,Bearing Assembly,Northeast
2026-04-22,1628.39,38,Bearing Assembly,Midwest
2026-04-23,1283.08,31,Bearing Assembly,Midwest
2026-04-23,7199.71,40,Hydraulic Valve,Midwest
2026-04-23,2803.79,28,Gear Set,Southeast
2026-04-23,14046.1,48,Sensor Module,Southeast
2026-04-23,1217.67,28,Bearing Assembly,Southeast
2026-04-23,3275.37,34,Gear Set,Southeast
2026-04-23,6387.45,19,Sensor Module,Southeast
2026-04-23,8729.57,46,Hydraulic Valve,Midwest
2026-04-23,5631.26,29,Hydraulic Valve,Texas
2026-04-23,3694.17,35,Gear Set,Southeast
2026-04-23,8133.36,46,Hydraulic Valve,Southeast
2026-04-23,5488.45,29,Hydraulic Valve,Midwest
2026-04-23,1237.42,31,Bearing Assembly,Midwest
2026-04-23,1467.23,34,Bearing Assembly,Texas
2026-04-23,7669.34,40,Hydraulic Valve,Southeast
2026-04-23,3751.25,41,Gear Set,Midwest
2026-04-23,3770.31,42,Gear Set,Texas
2026-04-23,1076.95,25,Bearing Assembly,Midwest
2026-04-23,3910.87,41,Gear Set,Midwest
2026-04-23,967.91,24,Bearing Assembly,Northeast
2026-04-23,8216.38,44,Hydraulic Valve,Midwest
2026-04-23,1546.86,36,Bearing Assembly,Midwest
2026-04-23,6342.56,34,Hydraulic Valve,Midwest
2026-04-23,1566.6,37,Bearing Assembly,Midwest
2026-04-23,1337.48,30,Bearing Assembly,Midwest
2026-04-23,1237.42,28,Bearing Assembly,Texas
2026-04-23,3546.8,36,Gear Set,Texas
2026-04-23,1564.82,38,Bearing Assembly,Texas
2026-04-23,6040.55,33,Hydraulic Valve,Southeast
2026-04-23,3651.59,39,Gear Set,Southeast
2026-04-24,9723.0,33,Sensor Module,Northeast
2026-04-24,1687.84,40,Bearing Assembly,Southeast
2026-04-24,6930.08,38,Hydraulic Valve,Midwest
2026-04-24,1958.08,46,Bearing Assembly,Midwest
2026-04-24,1852.77,46,Bearing Assembly,Northeast
2026-04-24,6777.22,37,Hydraulic Valve,Midwest
2026-04-24,1175.7,28,Bearing Assembly,Texas
2026-04-24,1704.38,40,Bearing Assembly,Midwest
2026-04-24,2058.36,23,Gear Set,Texas
2026-04-24,1582.82,37,Bearing Assembly,Southeast
2026-04-24,12618.34,40,Sensor Module,Texas
2026-04-24,1965.77,46,Bearing Assembly,Texas
2026-04-24,1745.1,18,Gear Set,Midwest
2026-04-24,15042.06,48,Sensor Module,Southeast
2026-04-24,2860.86,32,Gear Set,Southeast
2026-04-24,12412.95,40,Sensor Module,Southeast
2026-04-24,3086.94,31,Gear Set,Northeast
2026-04-24,4208.62,42,Gear Set,Texas
2026-04-24,1208.52,29,Bearing Assembly,Midwest
2026-04-24,1966.37,49,Bearing Assembly,Midwest
2026-04-24,1051.73,24,Bearing Assembly,Midwest
2026-04-24,1402.59,31,Bearing Assembly,Midwest
2026-04-24,1218.8,28,Bearing Assembly,Midwest
2026-04-24,1619.73,38,Bearing Assembly,Midwest
2026-04-27,14275.67,46,Sensor Module,Northeast
2026-04-27,9109.61,29,Sensor Module,Midwest
2026-04-27,6777.66,37,Hydraulic Valve,Midwest
2026-04-27,1603.03,36,Bearing Assembly,Northeast
2026-04-27,981.04,22,Bearing Assembly,Texas
2026-04-27,8132.3,43,Hydraulic Valve,Midwest
2026-04-27,4578.57,25,Hydraulic Valve,Midwest
2026-04-27,7104.99,38,Hydraulic Valve,Northeast
2026-04-27,2339.57,26,Gear Set,Northeast
2026-04-27,4893.56,27,Hydraulic Valve,Texas
2026-04-27,1891.13,45,Bearing Assembly,Midwest
2026-04-27,4060.48,41,Gear Set,Midwest
2026-04-27,1491.02,35,Bearing Assembly,Texas
2026-04-27,6127.67,31,Hydraulic Valve,Southeast
2026-04-27,5661.61,33,Hydraulic Valve,Northeast
2026-04-27,1699.06,39,Bearing Assembly,Midwest
2026-04-27,1044.26,25,Bearing Assembly,Midwest
2026-04-27,1702.11,40,Bearing Assembly,Midwest
2026-04-27,10635.25,35,Sensor Module,Texas
2026-04-27,6769.98,38,Hydraulic Valve,Northeast
2026-04-27,16194.32,53,Sensor Module,Midwest
2026-04-27,2731.3,27,Gear Set,Midwest
2026-04-27,1570.54,38,Bearing Assembly,Texas
2026-04-27,6461.49,35,Hydraulic Valve,Midwest
2026-04-27,8274.02,44,Hydraulic Valve,Texas
2026-04-28,811.81,19,Bearing Assembly,Southeast
2026-04-28,1943.54,45,Bearing Assembly,Northeast
2026-04-28,1407.39,33,Bearing Assembly,Southeast
2026-04-28,4349.35,45,Gear Set,Southeast
2026-04-28,1313.59,32,Bearing Assembly,Northeast
2026-04-28,1078.08,23,Bearing Assembly,Midwest
2026-04-28,4137.22,44,Gear Set,Northeast
2026-04-28,1076.1,26,Bearing Assembly,Southeast
2026-04-28,1303.27,31,Bearing Assembly,Southeast
2026-04-28,1370.92,33,Bearing Assembly,Midwest
2026-04-28,4002.08,41,Gear Set,Midwest
2026-04-28,1178.84,28,Bearing Assembly,Texas
2026-04-28,1632.14,39,Bearing Assembly,Northeast
2026-04-28,10902.48,37,Sensor Module,Midwest
2026-04-28,2408.54,25,Gear Set,Midwest
2026-04-28,14692.03,44,Sensor Module,Southeast
2026-04-28,8618.88,26,Sensor Module,Southeast
2026-04-28,8493.62,47,Hydraulic Valve,Northeast
2026-04-28,1835.55,41,Bearing Assembly,Northeast
2026-04-28,2089.17,49,Bearing Assembly,Midwest
2026-04-28,3691.63,39,Gear Set,Midwest
2026-04-28,7367.37,40,Hydraulic Valve,Texas
2026-04-28,2828.56,30,Gear Set,Texas
2026-04-28,3629.21,39,Gear Set,Northeast
2026-04-29,2544.48,27,Gear Set,Northeast
2026-04-29,4046.97,39,Gear Set,Southeast
2026-04-29,7423.57,40,Hydraulic Valve,Midwest
2026-04-29,3060.82,32,Gear Set,Midwest
2026-04-29,5363.75,27,Hydraulic Valve,Texas
2026-04-29,4091.07,44,Gear Set,Midwest
2026-04-29,1456.59,36,Bearing Assembly,Northeast
2026-04-29,11458.23,40,Sensor Module,Midwest
2026-04-29,1070.11,26,Bearing Assembly,Midwest
2026-04-29,1142.31,26,Bearing Assembly,Midwest
2026-04-29,1449.17,36,Bearing Assembly,Southeast
2026-04-29,6475.24,34,Hydraulic Valve,Midwest
2026-04-29,12255.43,39,Sensor Module,Southeast
2026-04-29,6013.22,31,Hydraulic Valve,Midwest
2026-04-29,1157.5,26,Bearing Assembly,Midwest
2026-04-29,11367.24,37,Sensor Module,Midwest
2026-04-29,1895.01,43,Bearing Assembly,Southeast
2026-04-29,5518.49,27,Hydraulic Valve,Midwest
2026-04-29,7810.0,25,Sensor Module,Midwest
2026-04-29,8838.26,28,Sensor Module,Southeast
2026-04-29,10624.93,37,Sensor Module,Texas
2026-04-29,8330.49,44,Hydraulic Valve,Midwest
2026-04-29,1282.1,30,Bearing Assembly,Southeast
2026-04-29,8546.65,45,Hydraulic Valve,Midwest
2026-04-29,3631.89,37,Gear Set,Northeast
2026-04-30,7924.94,42,Hydraulic Valve,Northeast
2026-04-30,7242.52,41,Hydraulic Valve,Midwest
2026-04-30,9962.75,34,Sensor Module,Northeast
2026-04-30,3238.68,34,Gear Set,Midwest
2026-04-30,3997.65,41,Gear Set,Midwest
2026-04-30,1732.47,45,Bearing Assembly,Midwest
2026-04-30,12944.21,43,Sensor Module,Northeast
2026-04-30,3289.82,36,Gear Set,Southeast
2026-04-30,1988.97,49,Bearing Assembly,Northeast
2026-04-30,4300.48,24,Hydraulic Valve,Texas
2026-04-30,2053.03,50,Bearing Assembly,Midwest
2026-04-30,5042.22,51,Gear Set,Southeast
2026-04-30,11928.41,39,Sensor Module,Southeast
2026-04-30,12491.78,63,Hydraulic Valve,Midwest
2026-04-30,2255.84,52,Bearing Assembly,Midwest
2026-04-30,2869.76,15,Hydraulic Valve,Southeast
2026-04-30,9414.92,30,Sensor Module,Southeast
2026-04-30,9225.05,49,Hydraulic Valve,Midwest
2026-04-30,6186.95,33,Hydraulic Valve,Midwest
2026-04-30,3427.84,35,Gear Set,Texas
2026-04-30,1607.14,37,Bearing Assembly,Northeast
2026-04-30,7042.7,38,Hydraulic Valve,Texas
2026-04-30,3630.4,39,Gear Set,Midwest
2026-04-30,1478.81,35,Bearing Assembly,Northeast
2026-04-30,7411.83,41,Hydraulic Valve,Southeast
2026-04-30,3178.63,33,Gear Set,Northeast
2026-04-30,1256.45,31,Bearing Assembly,Midwest
2026-04-30,1392.49,33,Bearing Assembly,Midwest
2026-04-30,10290.07,32,Sensor Module,Midwest
2026-04-30,12137.65,39,Sensor Module,Southeast
2026-04-30,6827.57,22,Sensor Module,Northeast
2026-05-01,2353.44,23,Gear Set,Midwest
2026-05-01,1936.66,46,Bearing Assembly,Southeast
2026-05-01,3546.83,37,Gear Set,Northeast
2026-05-01,3623.66,40,Gear Set,Northeast
2026-05-01,4962.84,27,Hydraulic Valve,Southeast
2026-05-01,3580.92,40,Gear Set,Midwest
2026-05-01,1228.17,28,Bearing Assembly,Northeast
2026-05-01,1294.46,30,Bearing Assembly,Midwest
2026-05-01,6682.96,37,Hydraulic Valve,Midwest
2026-05-01,1619.49,38,Bearing Assembly,Midwest
2026-05-01,1846.69,47,Bearing Assembly,Midwest
2026-05-01,2986.93,31,Gear Set,Northeast
2026-05-01,3863.0,42,Gear Set,Northeast
2026-05-01,3642.44,38,Gear Set,Northeast
2026-05-01,7577.54,42,Hydraulic Valve,Texas
2026-05-01,10472.03,33,Sensor Module,Southeast
2026-05-01,8250.99,47,Hydraulic Valve,Texas
2026-05-01,7574.24,39,Hydraulic Valve,Midwest
2026-05-04,1559.72,37,Bearing Assembly,Southeast
2026-05-04,1002.91,24,Bearing Assembly,Northeast
2026-05-04,1827.99,45,Bearing Assembly,Midwest
2026-05-04,11030.1,34,Sensor Module,Midwest
2026-05-04,1537.39,37,Bearing Assembly,Midwest
2026-05-04,2825.95,31,Gear Set,Midwest
2026-05-04,7815.22,41,Hydraulic Valve,Southeast
2026-05-04,3417.51,35,Gear Set,Midwest
2026-05-04,1368.5,30,Bearing Assembly,Northeast
2026-05-04,1493.24,34,Bearing Assembly,Northeast
2026-05-04,1057.4,27,Bearing Assembly,Southeast
2026-05-04,1495.53,36,Bearing Assembly,Northeast
2026-05-04,4101.87,40,Gear Set,Midwest
2026-05-04,2659.41,29,Gear Set,Texas
2026-05-04,3308.49,35,Gear Set,Midwest
2026-05-04,1397.77,32,Bearing Assembly,Southeast
2026-05-04,14107.38,45,Sensor Module,Texas
2026-05-04,7752.67,26,Sensor Module,Texas
2026-05-04,3977.74,22,Hydraulic Valve,Midwest
2026-05-04,3818.05,38,Gear Set,Northeast
2026-05-04,7334.23,37,Hydraulic Valve,Northeast
2026-05-04,3179.22,35,Gear Set,Southeast
2026-05-04,1562.23,37,Bearing Assembly,Southeast
2026-05-04,3004.21,32,Gear Set,Southeast
2026-05-04,2998.61,29,Gear Set,Northeast
2026-05-04,1427.34,33,Bearing Assembly,Northeast
2026-05-04,1756.35,42,Bearing Assembly,Northeast
2026-05-04,2563.79,28,Gear Set,Southeast
2026-05-04,1324.65,32,Bearing Assembly,Northeast
2026-05-04,2695.9,27,Gear Set,Southeast
2026-05-05,8390.92,27,Sensor Module,Midwest
2026-05-05,3324.92,33,Gear Set,Midwest
2026-05-05,1128.88,27,Bearing Assembly,Midwest
2026-05-05,10632.37,33,Sensor Module,Midwest
2026-05-05,6376.82,34,Hydraulic Valve,Midwest
2026-05-05,3679.33,39,Gear Set,Southeast
2026-05-05,9056.73,49,Hydraulic Valve,Midwest
2026-05-05,939.99,23,Bearing Assembly,Midwest
2026-05-05,6401.79,36,Hydraulic Valve,Northeast
2026-05-05,1542.19,34,Bearing Assembly,Midwest
2026-05-05,7207.92,39,Hydraulic Valve,Texas
2026-05-05,775.98,19,Bearing Assembly,Midwest
2026-05-05,2294.86,24,Gear Set,Southeast
2026-05-05,2002.17,47,Bearing Assembly,Midwest
2026-05-05,6214.06,20,Sensor Module,Southeast
2026-05-05,4696.54,50,Gear Set,Southeast
2026-05-05,7289.14,24,Sensor Module,Midwest
2026-05-05,1244.55,30,Bearing Assembly,Texas
2026-05-05,7491.08,42,Hydraulic Valve,Midwest
2026-05-05,1760.97,41,Bearing Assembly,Southeast
2026-05-05,6467.63,34,Hydraulic Valve,Texas
2026-05-05,7263.25,25,Sensor Module,Texas
2026-05-05,1906.52,42,Bearing Assembly,Northeast
2026-05-05,3296.73,34,Gear Set,Southeast
2026-05-05,8881.9,28,Sensor Module,Texas
2026-05-05,9749.72,31,Sensor Module,Southeast
2026-05-05,1329.86,32,Bearing Assembly,Midwest
2026-05-05,3830.03,40,Gear Set,Southeast
2026-05-05,11277.29,36,Sensor Module,Midwest
2026-05-05,1500.82,36,Bearing Assembly,Southeast
2026-05-05,2273.54,25,Gear Set,Midwest
2026-05-06,3209.82,35,Gear Set,Texas
2026-05-06,10140.01,35,Sensor Module,Southeast
2026-05-06,7367.7,42,Hydraulic Valve,Texas
2026-05-06,1370.41,33,Bearing Assembly,Midwest
2026-05-06,1477.53,34,Bearing Assembly,Texas
2026-05-06,3159.38,33,Gear Set,Midwest
2026-05-06,1711.52,40,Bearing Assembly,Northeast
2026-05-06,8073.86,43,Hydraulic Valve,Midwest
2026-05-06,3537.04,38,Gear Set,Southeast
2026-05-06,4324.79,46,Gear Set,Midwest
2026-05-06,4812.35,52,Gear Set,Southeast
2026-05-06,3660.03,40,Gear Set,Northeast
2026-05-06,1879.48,45,Bearing Assembly,Midwest
2026-05-06,1363.5,30,Bearing Assembly,Midwest
2026-05-06,1944.62,21,Gear Set,Midwest
2026-05-06,1806.23,44,Bearing Assembly,Midwest
2026-05-06,6085.17,30,Hydraulic Valve,Midwest
2026-05-06,3847.17,40,Gear Set,Midwest
2026-05-06,1243.65,29,Bearing Assembly,Midwest
2026-05-06,1466.3,35,Bearing Assembly,Southeast
2026-05-06,6829.02,40,Hydraulic Valve,Midwest
2026-05-06,1724.86,39,Bearing Assembly,Midwest
2026-05-06,9172.21,32,Sensor Module,Southeast
2026-05-06,1763.65,41,Bearing Assembly,Southeast
2026-05-06,3107.14,32,Gear Set,Texas
2026-05-06,5414.65,29,Hydraulic Valve,Midwest
2026-05-06,8445.28,44,Hydraulic Valve,Southeast
2026-05-06,4204.84,25,Hydraulic Valve,Texas
2026-05-06,7579.31,41,Hydraulic Valve,Midwest
2026-05-06,3240.05,33,Gear Set,Southeast
2026-05-06,3217.66,32,Gear Set,Southeast
2026-05-06,908.31,21,Bearing Assembly,Midwest
2026-05-06,1627.03,17,Gear Set,Texas
2026-05-06,3327.45,35,Gear Set,Midwest
2026-05-06,9036.79,47,Hydraulic Valve,Northeast
2026-05-06,6486.28,37,Hydraulic Valve,Midwest
2026-05-07,3569.85,35,Gear Set,Midwest
2026-05-07,1117.43,28,Bearing Assembly,Southeast
2026-05-07,3155.72,33,Gear Set,Midwest
2026-05-07,9844.7,31,Sensor Module,Northeast
2026-05-07,1427.92,34,Bearing Assembly,Southeast
2026-05-07,1316.4,32,Bearing Assembly,Texas
2026-05-07,2319.35,26,Gear Set,Southeast
2026-05-07,13176.46,39,Sensor Module,Midwest
2026-05-07,1592.4,38,Bearing Assembly,Texas
2026-05-07,1347.05,32,Bearing Assembly,Southeast
2026-05-07,7542.94,24,Sensor Module,Midwest
2026-05-07,1246.68,30,Bearing Assembly,Midwest
2026-05-07,5985.04,32,Hydraulic Valve,Midwest
2026-05-07,1729.01,39,Bearing Assembly,Northeast
2026-05-07,1327.44,34,Bearing Assembly,Midwest
2026-05-07,9437.4,29,Sensor Module,Northeast
2026-05-07,1399.95,34,Bearing Assembly,Midwest
2026-05-07,14986.41,50,Sensor Module,Texas
2026-05-07,1034.15,25,Bearing Assembly,Texas
2026-05-07,4115.53,42,Gear Set,Midwest
2026-05-07,739.77,17,Bearing Assembly,Northeast
2026-05-07,7682.06,40,Hydraulic Valve,Midwest
2026-05-07,2829.03,31,Gear Set,Southeast
2026-05-07,1527.32,38,Bearing Assembly,Northeast
2026-05-08,1865.0,45,Bearing Assembly,Texas
2026-05-08,10367.49,36,Sensor Module,Northeast
2026-05-08,3584.62,37,Gear Set,Northeast
2026-05-08,3364.73,37,Gear Set,Northeast
2026-05-08,6014.88,32,Hydraulic Valve,Texas
2026-05-08,1873.68,44,Bearing Assembly,Midwest
2026-05-08,1762.83,41,Bearing Assembly,Southeast
2026-05-08,3705.79,20,Hydraulic Valve,Southeast
2026-05-08,1675.16,38,Bearing Assembly,Texas
2026-05-08,1549.66,38,Bearing Assembly,Northeast
2026-05-08,1936.34,45,Bearing Assembly,Midwest
2026-05-08,1610.67,39,Bearing Assembly,Northeast
2026-05-08,13768.3,43,Sensor Module,Northeast
2026-05-08,1766.92,42,Bearing Assembly,Midwest
2026-05-08,1546.15,38,Bearing Assembly,Midwest
2026-05-08,4169.23,42,Gear Set,Midwest
2026-05-08,1727.34,40,Bearing Assembly,Midwest
2026-05-08,5091.92,51,Gear Set,Midwest
2026-05-08,11740.24,36,Sensor Module,Texas
2026-05-08,2083.48,48,Bearing Assembly,Texas
2026-05-08,1788.02,43,Bearing Assembly,Midwest
2026-05-08,1582.47,38,Bearing Assembly,Midwest
2026-05-11,1276.21,31,Bearing Assembly,Midwest
2026-05-11,3518.93,38,Gear Set,Texas
2026-05-11,5746.4,32,Hydraulic Valve,Northeast
2026-05-11,4300.34,44,Gear Set,Northeast
2026-05-11,7837.94,27,Sensor Module,Midwest
2026-05-11,1287.2,32,Bearing Assembly,Northeast
2026-05-11,1611.17,39,Bearing Assembly,Southeast
2026-05-11,1399.01,32,Bearing Assembly,Southeast
2026-05-11,6732.2,34,Hydraulic Valve,Northeast
2026-05-11,9264.16,51,Hydraulic Valve,Southeast
2026-05-11,1158.23,28,Bearing Assembly,Midwest
2026-05-11,7074.07,37,Hydraulic Valve,Midwest
2026-05-11,1564.58,38,Bearing Assembly,Northeast
2026-05-11,12942.05,42,Sensor Module,Southeast
2026-05-11,2751.91,30,Gear Set,Texas
2026-05-11,5576.9,31,Hydraulic Valve,Midwest
2026-05-11,1412.92,32,Bearing Assembly,Northeast
2026-05-11,3274.91,18,Hydraulic Valve,Midwest
2026-05-11,1311.18,31,Bearing Assembly,Midwest
2026-05-11,3651.9,40,Gear Set,Southeast
2026-05-11,1861.83,46,Bearing Assembly,Midwest
2026-05-11,1449.97,36,Bearing Assembly,Southeast
2026-05-12,5574.73,31,Hydraulic Valve,Texas
2026-05-12,1213.47,27,Bearing Assembly,Southeast
2026-05-12,3045.21,32,Gear Set,Northeast
2026-05-12,4727.7,48,Gear Set,Northeast
2026-05-12,2643.85,28,Gear Set,Midwest
2026-05-12,1270.53,31,Bearing Assembly,Southeast
2026-05-12,9222.99,48,Hydraulic Valve,Northeast
2026-05-12,8650.67,45,Hydraulic Valve,Northeast
2026-05-12,1671.15,39,Bearing Assembly,Southeast
2026-05-12,2989.73,33,Gear Set,Midwest
2026-05-12,10940.29,36,Sensor Module,Southeast
2026-05-12,3865.52,41,Gear Set,Midwest
2026-05-12,4947.69,26,Hydraulic Valve,Southeast
2026-05-12,3789.26,39,Gear Set,Northeast
2026-05-12,2997.36,31,Gear Set,Southeast
2026-05-12,1974.86,47,Bearing Assembly,Southeast
2026-05-12,6957.91,37,Hydraulic Valve,Northeast
2026-05-12,1733.85,45,Bearing Assembly,Texas
2026-05-12,4148.71,43,Gear Set,Midwest
2026-05-12,8810.57,29,Sensor Module,Midwest
2026-05-12,10798.32,35,Sensor Module,Midwest
2026-05-12,1613.29,38,Bearing Assembly,Midwest
2026-05-12,7782.3,42,Hydraulic Valve,Texas
2026-05-12,1716.24,41,Bearing Assembly,Northeast
2026-05-12,4281.32,23,Hydraulic Valve,Midwest
2026-05-12,3987.08,41,Gear Set,Midwest
2026-05-12,2845.82,30,Gear Set,Midwest
2026-05-12,17596.39,53,Sensor Module,Midwest
2026-05-12,1395.34,35,Bearing Assembly,Midwest
2026-05-12,2460.69,26,Gear Set,Southeast
2026-05-12,1022.62,24,Bearing Assembly,Midwest
2026-05-13,9153.22,29,Sensor Module,Texas
2026-05-13,2032.11,22,Gear Set,Midwest
2026-05-13,1019.92,25,Bearing Assembly,Texas
2026-05-13,8585.07,28,Sensor Module,Midwest
2026-05-13,1736.81,42,Bearing Assembly,Southeast
2026-05-13,14968.44,49,Sensor Module,Midwest
2026-05-13,4214.38,43,Gear Set,Midwest
2026-05-13,1972.12,23,Gear Set,Texas
2026-05-13,3657.56,38,Gear Set,Midwest
2026-05-13,9456.56,30,Sensor Module,Northeast
2026-05-13,8619.84,46,Hydraulic Valve,Southeast
2026-05-13,639.43,15,Bearing Assembly,Southeast
2026-05-13,1760.69,46,Bearing Assembly,Midwest
2026-05-13,1276.36,29,Bearing Assembly,Texas
2026-05-13,6147.05,33,Hydraulic Valve,Northeast
2026-05-13,4334.45,44,Gear Set,Midwest
2026-05-13,1522.63,34,Bearing Assembly,Midwest
2026-05-13,1227.91,29,Bearing Assembly,Northeast
2026-05-13,1629.12,39,Bearing Assembly,Midwest
2026-05-13,828.18,21,Bearing Assembly,Texas
2026-05-13,7209.64,39,Hydraulic Valve,Midwest
2026-05-13,1334.58,32,Bearing Assembly,Southeast
2026-05-13,6916.49,36,Hydraulic Valve,Northeast
2026-05-14,4001.97,43,Gear Set,Southeast
2026-05-14,4357.36,46,Gear Set,Southeast
2026-05-14,3327.96,35,Gear Set,Midwest
2026-05-14,9357.44,30,Sensor Module,Texas
2026-05-14,1480.95,38,Bearing Assembly,Southeast
2026-05-14,1601.46,35,Bearing Assembly,Midwest
2026-05-14,3003.0,32,Gear Set,Southeast
2026-05-14,8631.38,48,Hydraulic Valve,Texas
2026-05-14,1107.02,28,Bearing Assembly,Northeast
2026-05-14,8176.01,41,Hydraulic Valve,Midwest
2026-05-14,2965.12,33,Gear Set,Southeast
2026-05-14,5238.51,29,Hydraulic Valve,Texas
2026-05-14,1780.77,42,Bearing Assembly,Texas
2026-05-14,2861.01,31,Gear Set,Texas
2026-05-14,8618.31,29,Sensor Module,Southeast
2026-05-14,1490.15,34,Bearing Assembly,Midwest
2026-05-14,1164.13,28,Bearing Assembly,Midwest
2026-05-14,4070.53,42,Gear Set,Northeast
2026-05-14,2924.81,28,Gear Set,Midwest
2026-05-14,10361.59,33,Sensor Module,Texas
2026-05-14,1121.93,27,Bearing Assembly,Texas
2026-05-14,6572.53,37,Hydraulic Valve,Southeast
2026-05-14,1723.7,39,Bearing Assembly,Southeast
2026-05-14,3162.93,35,Gear Set,Midwest
2026-05-14,5843.49,32,Hydraulic Valve,Texas
2026-05-14,2950.6,29,Gear Set,Northeast
2026-05-15,5037.89,53,Gear Set,Southeast
2026-05-15,1722.66,42,Bearing Assembly,Midwest
2026-05-15,3282.0,35,Gear Set,Northeast
2026-05-15,1515.44,36,Bearing Assembly,Midwest
2026-05-15,1463.0,33,Bearing Assembly,Texas
2026-05-15,1791.7,40,Bearing Assembly,Midwest
2026-05-15,10768.91,36,Sensor Module,Southeast
2026-05-15,4829.38,25,Hydraulic Valve,Midwest
2026-05-15,902.86,23,Bearing Assembly,Midwest
2026-05-15,3692.09,40,Gear Set,Southeast
2026-05-15,4322.32,45,Gear Set,Southeast
2026-05-15,13400.59,41,Sensor Module,Midwest
2026-05-15,1054.95,26,Bearing Assembly,Midwest
2026-05-15,1124.82,26,Bearing Assembly,Southeast
2026-05-15,6869.68,23,Sensor Module,Southeast
2026-05-15,7008.4,36,Hydraulic Valve,Northeast
2026-05-15,7575.5,39,Hydraulic Valve,Midwest
2026-05-15,1423.91,36,Bearing Assembly,Midwest
2026-05-15,11079.14,36,Sensor Module,Northeast
2026-05-18,8667.27,46,Hydraulic Valve,Northeast
2026-05-18,5357.55,28,Hydraulic Valve,Northeast
2026-05-18,3352.45,35,Gear Set,Southeast
2026-05-18,6988.12,39,Hydraulic Valve,Northeast
2026-05-18,8035.39,45,Hydraulic Valve,Midwest
2026-05-18,3009.04,30,Gear Set,Midwest
2026-05-18,2537.68,27,Gear Set,Northeast
2026-05-18,3168.55,33,Gear Set,Northeast
2026-05-18,7615.71,40,Hydraulic Valve,Midwest
2026-05-18,6678.76,35,Hydraulic Valve,Midwest
2026-05-18,903.36,21,Bearing Assembly,Texas
2026-05-18,1745.95,40,Bearing Assembly,Northeast
2026-05-18,7624.68,41,Hydraulic Valve,Southeast
2026-05-18,3452.66,34,Gear Set,Northeast
2026-05-18,7049.7,22,Sensor Module,Midwest
2026-05-18,8010.29,42,Hydraulic Valve,Midwest
2026-05-18,7295.79,39,Hydraulic Valve,Midwest
2026-05-18,3659.35,37,Gear Set,Texas
2026-05-18,6202.04,19,Sensor Module,Texas
2026-05-18,4979.44,52,Gear Set,Northeast
2026-05-18,7471.46,39,Hydraulic Valve,Texas
2026-05-18,3751.3,41,Gear Set,Northeast
2026-05-18,1681.93,40,Bearing Assembly,Northeast
2026-05-19,1661.67,41,Bearing Assembly,Midwest
2026-05-19,4487.15,48,Gear Set,Southeast
2026-05-19,2453.05,25,Gear Set,Northeast
2026-05-19,1669.99,38,Bearing Assembly,Southeast
2026-05-19,1594.57,39,Bearing Assembly,Midwest
2026-05-19,1521.61,35,Bearing Assembly,Southeast
2026-05-19,3210.78,33,Gear Set,Midwest
2026-05-19,2547.36,27,Gear Set,Southeast
2026-05-19,4427.47,49,Gear Set,Midwest
2026-05-19,1557.2,37,Bearing Assembly,Texas
2026-05-19,1789.74,44,Bearing Assembly,Southeast
2026-05-19,2165.54,23,Gear Set,Southeast
2026-05-19,1460.87,36,Bearing Assembly,Southeast
2026-05-19,1932.58,46,Bearing Assembly,Midwest
2026-05-19,10908.4,36,Sensor Module,Southeast
2026-05-19,1757.95,42,Bearing Assembly,Southeast
2026-05-19,4071.92,39,Gear Set,Midwest
2026-05-19,8451.39,28,Sensor Module,Texas
2026-05-19,11411.44,37,Sensor Module,Midwest
2026-05-19,2587.16,27,Gear Set,Midwest
2026-05-20,3556.33,37,Gear Set,Southeast
2026-05-20,13598.21,43,Sensor Module,Midwest
2026-05-20,1385.97,32,Bearing Assembly,Southeast
2026-05-20,1739.81,42,Bearing Assembly,Southeast
2026-05-20,3336.26,37,Gear Set,Midwest
2026-05-20,8065.64,25,Sensor Module,Southeast
2026-05-20,2226.83,23,Gear Set,Midwest
2026-05-20,5487.06,29,Hydraulic Valve,Southeast
2026-05-20,3477.05,36,Gear Set,Midwest
2026-05-20,3119.15,35,Gear Set,Midwest
2026-05-20,10987.73,34,Sensor Module,Northeast
2026-05-20,2449.69,29,Gear Set,Midwest
2026-05-20,862.8,20,Bearing Assembly,Southeast
2026-05-20,12925.86,42,Sensor Module,Southeast
2026-05-20,8308.5,41,Hydraulic Valve,Southeast
2026-05-20,3359.63,33,Gear Set,Northeast
2026-05-20,14724.14,47,Sensor Module,Northeast
2026-05-20,7638.73,42,Hydraulic Valve,Southeast
2026-05-20,3215.12,35,Gear Set,Midwest
2026-05-20,1221.27,30,Bearing Assembly,Midwest
2026-05-20,3646.57,38,Gear Set,Southeast
2026-05-20,841.36,20,Bearing Assembly,Midwest
2026-05-20,3432.78,35,Gear Set,Midwest
2026-05-21,3548.9,38,Gear Set,Southeast
2026-05-21,7671.83,44,Hydraulic Valve,Texas
2026-05-21,1351.04,30,Bearing Assembly,Southeast
2026-05-21,6285.92,35,Hydraulic Valve,Midwest
2026-05-21,5378.42,31,Hydraulic Valve,Southeast
2026-05-21,1308.04,32,Bearing Assembly,Texas
2026-05-21,1725.14,42,Bearing Assembly,Midwest
2026-05-21,1270.07,29,Bearing Assembly,Midwest
2026-05-21,1682.05,18,Gear Set,Midwest
2026-05-21,7407.71,40,Hydraulic Valve,Midwest
2026-05-21,3954.11,22,Hydraulic Valve,Southeast
2026-05-21,13411.79,43,Sensor Module,Southeast
2026-05-21,1682.25,17,Gear Set,Southeast
2026-05-21,7036.53,38,Hydraulic Valve,Northeast
2026-05-21,15829.44,50,Sensor Module,Northeast
2026-05-21,1716.11,40,Bearing Assembly,Southeast
2026-05-21,1447.85,35,Bearing Assembly,Texas
2026-05-21,3205.33,33,Gear Set,Northeast
2026-05-21,2654.78,27,Gear Set,Midwest
2026-05-21,1211.46,29,Bearing Assembly,Northeast
2026-05-21,6895.32,38,Hydraulic Valve,Northeast
2026-05-21,1038.74,25,Bearing Assembly,Southeast
2026-05-22,8520.49,29,Sensor Module,Midwest
2026-05-22,2818.71,31,Gear Set,Midwest
2026-05-22,6174.47,33,Hydraulic Valve,Texas
2026-05-22,12313.55,39,Sensor Module,Texas
2026-05-22,1626.84,40,Bearing Assembly,Northeast
2026-05-22,3854.84,38,Gear Set,Texas
2026-05-22,6993.49,38,Hydraulic Valve,Midwest
2026-05-22,4219.41,22,Hydraulic Valve,Northeast
2026-05-22,10808.88,34,Sensor Module,Texas
2026-05-22,3323.87,35,Gear Set,Midwest
2026-05-22,3884.83,39,Gear Set,Midwest
2026-05-22,3479.33,37,Gear Set,Midwest
2026-05-22,1302.91,31,Bearing Assembly,Midwest
2026-05-22,2889.4,33,Gear Set,Texas
2026-05-22,16859.17,55,Sensor Module,Southeast
2026-05-22,1398.82,33,Bearing Assembly,Northeast
2026-05-22,1170.69,29,Bearing Assembly,Northeast
2026-05-22,3484.49,37,Gear Set,Midwest
2026-05-22,9607.7,51,Hydraulic Valve,Midwest
2026-05-22,1578.1,35,Bearing Assembly,Texas
2026-05-22,2123.05,49,Bearing Assembly,Northeast
2026-05-22,2784.02,31,Gear Set,Midwest
2026-05-22,7474.64,40,Hydraulic Valve,Texas
2026-05-22,5310.73,30,Hydraulic Valve,Midwest
2026-05-22,1304.38,29,Bearing Assembly,Midwest
2026-05-25,2976.32,30,Gear Set,Northeast
2026-05-25,1209.64,29,Bearing Assembly,Northeast
2026-05-25,1165.08,29,Bearing Assembly,Northeast
2026-05-25,3827.75,39,Gear Set,Midwest
2026-05-25,1162.56,29,Bearing Assembly,Northeast
2026-05-25,5857.05,31,Hydraulic Valve,Midwest
2026-05-25,13395.49,42,Sensor Module,Midwest
2026-05-25,7334.33,38,Hydraulic Valve,Midwest
2026-05-25,7120.91,36,Hydraulic Valve,Southeast
2026-05-25,1676.03,40,Bearing Assembly,Southeast
2026-05-25,3453.36,40,Gear Set,Midwest
2026-05-25,4035.67,44,Gear Set,Midwest
2026-05-25,3731.55,43,Gear Set,Southeast
2026-05-25,3935.69,43,Gear Set,Northeast
2026-05-25,1270.8,30,Bearing Assembly,Midwest
2026-05-25,3663.07,39,Gear Set,Northeast
2026-05-25,3199.66,33,Gear Set,Southeast
2026-05-25,1772.35,42,Bearing Assembly,Midwest
2026-05-25,3420.71,34,Gear Set,Midwest
2026-05-25,1041.14,24,Bearing Assembly,Midwest
2026-05-25,3908.14,41,Gear Set,Northeast
2026-05-25,1111.71,26,Bearing Assembly,Midwest
2026-05-25,2032.51,46,Bearing Assembly,Midwest
2026-05-25,4355.28,45,Gear Set,Southeast
2026-05-25,1793.88,42,Bearing Assembly,Southeast
2026-05-25,14390.45,48,Sensor Module,Midwest
2026-05-25,1094.32,26,Bearing Assembly,Southeast
2026-05-25,1908.26,45,Bearing Assembly,Midwest
2026-05-26,3522.66,37,Gear Set,Midwest
2026-05-26,1466.31,36,Bearing Assembly,Midwest
2026-05-26,1239.8,32,Bearing Assembly,Midwest
2026-05-26,2517.18,28,Gear Set,Northeast
2026-05-26,4840.61,26,Hydraulic Valve,Southeast
2026-05-26,4573.33,49,Gear Set,Midwest
2026-05-26,5809.99,32,Hydraulic Valve,Southeast
2026-05-26,6647.79,35,Hydraulic Valve,Texas
2026-05-26,1737.14,43,Bearing Assembly,Southeast
2026-05-26,3806.27,38,Gear Set,Midwest
2026-05-26,7424.7,40,Hydraulic Valve,Midwest
2026-05-26,3415.41,39,Gear Set,Southeast
2026-05-26,3048.4,33,Gear Set,Texas
2026-05-26,3793.93,41,Gear Set,Texas
2026-05-26,7671.86,40,Hydraulic Valve,Texas
2026-05-26,6845.94,39,Hydraulic Valve,Midwest
2026-05-26,1131.21,28,Bearing Assembly,Texas
2026-05-26,5907.48,58,Gear Set,Southeast
2026-05-27,1592.48,38,Bearing Assembly,Southeast
2026-05-27,5783.16,32,Hydraulic Valve,Texas
2026-05-27,1345.76,33,Bearing Assembly,Midwest
2026-05-27,3732.5,39,Gear Set,Midwest
2026-05-27,9913.08,33,Sensor Module,Midwest
2026-05-27,1576.6,36,Bearing Assembly,Northeast
2026-05-27,16463.34,53,Sensor Module,Southeast
2026-05-27,2793.2,28,Gear Set,Northeast
2026-05-27,5020.79,50,Gear Set,Midwest
2026-05-27,3903.88,20,Hydraulic Valve,Midwest
2026-05-27,1267.34,29,Bearing Assembly,Southeast
2026-05-27,3041.67,34,Gear Set,Midwest
2026-05-27,1096.52,26,Bearing Assembly,Midwest
2026-05-27,5860.91,34,Hydraulic Valve,Northeast
2026-05-27,3908.98,41,Gear Set,Midwest
2026-05-27,1156.57,27,Bearing Assembly,Southeast
2026-05-27,3355.19,34,Gear Set,Midwest
2026-05-27,3225.28,35,Gear Set,Southeast
2026-05-27,1236.12,32,Bearing Assembly,Midwest
2026-05-27,1710.24,41,Bearing Assembly,Northeast
2026-05-27,1358.85,33,Bearing Assembly,Midwest
2026-05-27,5016.1,53,Gear Set,Midwest
2026-05-27,1765.62,42,Bearing Assembly,Midwest
2026-05-27,1402.91,32,Bearing Assembly,Southeast
2026-05-27,3283.31,18,Hydraulic Valve,Northeast
2026-05-27,4154.42,44,Gear Set,Northeast
2026-05-27,3659.42,38,Gear Set,Midwest
2026-05-27,1111.52,26,Bearing Assembly,Midwest
2026-05-27,10986.27,35,Sensor Module,Midwest
2026-05-27,1598.04,39,Bearing Assembly,Northeast
2026-05-28,10054.56,50,Hydraulic Valve,Northeast
2026-05-28,2606.04,28,Gear Set,Midwest
2026-05-28,15185.72,46,Sensor Module,Midwest
2026-05-28,1433.86,35,Bearing Assembly,Midwest
2026-05-28,4150.66,42,Gear Set,Northeast
2026-05-28,8882.04,49,Hydraulic Valve,Midwest
2026-05-28,1086.31,26,Bearing Assembly,Southeast
2026-05-28,851.82,20,Bearing Assembly,Midwest
2026-05-28,2955.7,17,Hydraulic Valve,Southeast
2026-05-28,4063.0,43,Gear Set,Midwest
2026-05-28,1617.44,41,Bearing Assembly,Texas
2026-05-28,1537.7,37,Bearing Assembly,Midwest
2026-05-28,3923.68,40,Gear Set,Midwest
2026-05-28,2361.02,24,Gear Set,Northeast
2026-05-28,1107.22,28,Bearing Assembly,Texas
2026-05-28,1727.03,43,Bearing Assembly,Southeast
2026-05-28,1455.49,35,Bearing Assembly,Southeast
2026-05-28,1760.79,41,Bearing Assembly,Southeast
2026-05-28,1325.37,31,Bearing Assembly,Texas
2026-05-29,7397.99,41,Hydraulic Valve,Midwest
2026-05-29,2714.33,27,Gear Set,Midwest
2026-05-29,11275.8,37,Sensor Module,Southeast
2026-05-29,6418.71,32,Hydraulic Valve,Southeast
2026-05-29,8555.27,44,Hydraulic Valve,Northeast
2026-05-29,7273.38,24,Sensor Module,Midwest
2026-05-29,5304.13,28,Hydraulic Valve,Midwest
2026-05-29,1887.91,46,Bearing Assembly,Southeast
2026-05-29,3484.26,39,Gear Set,Southeast
2026-05-29,10960.75,36,Sensor Module,Midwest
2026-05-29,1794.3,43,Bearing Assembly,Northeast
2026-05-29,1348.73,33,Bearing Assembly,Southeast
2026-05-29,1354.45,33,Bearing Assembly,Southeast
2026-05-29,940.26,22,Bearing Assembly,Midwest
2026-05-29,1395.05,35,Bearing Assembly,Midwest
2026-05-29,703.26,18,Bearing Assembly,Northeast
2026-05-29,8025.28,25,Sensor Module,Northeast
2026-05-29,3383.39,37,Gear Set,Midwest
2026-05-29,6839.51,38,Hydraulic Valve,Southeast
2026-05-29,3859.25,39,Gear Set,Texas
2026-05-29,1468.39,35,Bearing Assembly,Northeast
2026-05-29,1262.11,30,Bearing Assembly,Southeast
2026-05-29,1409.04,36,Bearing Assembly,Midwest
2026-05-29,8180.44,41,Hydraulic Valve,Southeast
2026-05-29,4588.12,50,Gear Set,Northeast
2026-06-01,8537.32,27,Sensor Module,Southeast
2026-06-01,8969.64,52,Hydraulic Valve,Southeast
2026-06-01,3875.91,40,Gear Set,Southeast
2026-06-01,2585.77,28,Gear Set,Midwest
2026-06-01,2752.71,28,Gear Set,Southeast
2026-06-01,2788.21,28,Gear Set,Southeast
2026-06-01,14475.99,46,Sensor Module,Southeast
2026-06-01,13833.11,43,Sensor Module,Midwest
2026-06-01,1555.41,37,Bearing Assembly,Midwest
2026-06-01,5304.69,28,Hydraulic Valve,Midwest
2026-06-01,1599.38,36,Bearing Assembly,Northeast
2026-06-01,1386.63,33,Bearing Assembly,Northeast
2026-06-01,1026.0,24,Bearing Assembly,Midwest
2026-06-01,3968.7,21,Hydraulic Valve,Southeast
2026-06-01,10754.08,56,Hydraulic Valve,Texas
2026-06-01,16107.33,51,Sensor Module,Southeast
2026-06-01,1429.9,32,Bearing Assembly,Midwest
2026-06-01,5124.52,30,Hydraulic Valve,Southeast
2026-06-01,2787.09,30,Gear Set,Southeast
2026-06-01,1410.22,33,Bearing Assembly,Southeast
2026-06-01,1527.27,37,Bearing Assembly,Southeast
2026-06-01,1450.17,34,Bearing Assembly,Northeast
2026-06-01,1325.39,31,Bearing Assembly,Midwest
2026-06-01,1171.09,27,Bearing Assembly,Midwest
2026-06-01,7956.77,40,Hydraulic Valve,Southeast
2026-06-01,7859.4,42,Hydraulic Valve,Midwest
2026-06-01,4272.86,45,Gear Set,Midwest
2026-06-01,3983.12,42,Gear Set,Texas
2026-06-01,4061.53,45,Gear Set,Texas
2026-06-02,1421.05,32,Bearing Assembly,Northeast
2026-06-02,3980.59,22,Hydraulic Valve,Midwest
2026-06-02,2734.27,30,Gear Set,Texas
2026-06-02,1173.09,26,Bearing Assembly,Midwest
2026-06-02,6821.6,38,Hydraulic Valve,Texas
2026-06-02,2586.84,29,Gear Set,Northeast
2026-06-02,5359.64,28,Hydraulic Valve,Texas
2026-06-02,13375.5,42,Sensor Module,Southeast
2026-06-02,14530.33,45,Sensor Module,Midwest
2026-06-02,1328.8,33,Bearing Assembly,Southeast
2026-06-02,12055.91,37,Sensor Module,Southeast
2026-06-02,907.59,23,Bearing Assembly,Midwest
2026-06-02,12473.19,38,Sensor Module,Midwest
2026-06-02,14708.83,47,Sensor Module,Midwest
2026-06-02,6691.3,36,Hydraulic Valve,Midwest
2026-06-02,4184.13,47,Gear Set,Texas
2026-06-02,9926.4,33,Sensor Module,Midwest
2026-06-03,1812.88,19,Gear Set,Midwest
2026-06-03,1014.19,23,Bearing Assembly,Texas
2026-06-03,7632.82,25,Sensor Module,Midwest
2026-06-03,9921.53,31,Sensor Module,Texas
2026-06-03,3265.4,34,Gear Set,Southeast
2026-06-03,1625.89,38,Bearing Assembly,Midwest
2026-06-03,1845.41,47,Bearing Assembly,Southeast
2026-06-03,6991.5,38,Hydraulic Valve,Northeast
2026-06-03,1104.16,25,Bearing Assembly,Northeast
2026-06-03,6993.72,36,Hydraulic Valve,Northeast
2026-06-03,1774.2,41,Bearing Assembly,Southeast
2026-06-03,1979.53,42,Bearing Assembly,Midwest
2026-06-03,1758.08,43,Bearing Assembly,Northeast
2026-06-03,1704.3,39,Bearing Assembly,Midwest
2026-06-03,3795.89,39,Gear Set,Southeast
2026-06-03,2785.37,30,Gear Set,Texas
2026-06-03,1780.34,41,Bearing Assembly,Southeast
2026-06-03,1922.31,42,Bearing Assembly,Northeast
2026-06-03,2079.76,48,Bearing Assembly,Midwest
2026-06-04,906.01,21,Bearing Assembly,Midwest
2026-06-04,3453.81,35,Gear Set,Northeast
2026-06-04,6066.15,32,Hydraulic Valve,Southeast
2026-06-04,4272.64,47,Gear Set,Southeast
2026-06-04,1409.88,33,Bearing Assembly,Midwest
2026-06-04,6655.51,36,Hydraulic Valve,Northeast
2026-06-04,1645.91,38,Bearing Assembly,Midwest
2026-06-04,808.74,19,Bearing Assembly,Texas
2026-06-04,2039.42,45,Bearing Assembly,Southeast
2026-06-04,3148.59,35,Gear Set,Midwest
2026-06-04,3456.41,36,Gear Set,Northeast
2026-06-04,1570.33,35,Bearing Assembly,Texas
2026-06-04,7322.38,40,Hydraulic Valve,Northeast
2026-06-04,2238.5,24,Gear Set,Midwest
2026-06-04,9996.95,31,Sensor Module,Texas
2026-06-04,7844.57,42,Hydraulic Valve,Northeast
2026-06-04,1729.14,18,Gear Set,Texas
2026-06-04,1079.09,26,Bearing Assembly,Midwest
2026-06-04,1493.36,33,Bearing Assembly,Southeast
2026-06-04,4548.44,46,Gear Set,Southeast
2026-06-04,6972.05,38,Hydraulic Valve,Texas
2026-06-04,9125.36,46,Hydraulic Valve,Midwest
2026-06-04,3634.36,40,Gear Set,Southeast
2026-06-04,1452.05,34,Bearing Assembly,Texas
2026-06-04,8972.22,51,Hydraulic Valve,Southeast
2026-06-04,11146.49,37,Sensor Module,Midwest
2026-06-04,3740.2,40,Gear Set,Midwest
2026-06-04,1145.84,12,Gear Set,Northeast
2026-06-04,3078.94,31,Gear Set,Southeast
2026-06-04,3140.23,33,Gear Set,Texas
2026-06-04,6468.61,34,Hydraulic Valve,Northeast
2026-06-05,1041.33,24,Bearing Assembly,Midwest
2026-06-05,1931.89,48,Bearing Assembly,Midwest
2026-06-05,3750.89,41,Gear Set,Southeast
2026-06-05,1472.02,36,Bearing Assembly,Southeast
2026-06-05,8174.31,46,Hydraulic Valve,Southeast
2026-06-05,5170.16,28,Hydraulic Valve,Southeast
2026-06-05,1353.66,32,Bearing Assembly,Southeast
2026-06-05,1582.0,37,Bearing Assembly,Southeast
2026-06-05,960.69,23,Bearing Assembly,Southeast
2026-06-05,6783.96,36,Hydraulic Valve,Midwest
2026-06-05,1513.03,35,Bearing Assembly,Midwest
2026-06-05,10541.09,31,Sensor Module,Texas
2026-06-05,1452.11,37,Bearing Assembly,Northeast
2026-06-05,7922.89,44,Hydraulic Valve,Texas
2026-06-05,5801.13,32,Hydraulic Valve,Southeast
2026-06-05,7063.1,35,Hydraulic Valve,Midwest
2026-06-05,3732.21,41,Gear Set,Midwest
2026-06-05,1277.15,30,Bearing Assembly,Midwest
2026-06-05,7095.97,41,Hydraulic Valve,Midwest
2026-06-05,1557.91,38,Bearing Assembly,Texas
2026-06-05,3725.6,38,Gear Set,Southeast
2026-06-05,4270.4,45,Gear Set,Southeast
2026-06-08,8202.08,46,Hydraulic Valve,Northeast
2026-06-08,1296.11,30,Bearing Assembly,Midwest
2026-06-08,9757.12,30,Sensor Module,Southeast
2026-06-08,1444.51,33,Bearing Assembly,Northeast
2026-06-08,1703.05,17,Gear Set,Midwest
2026-06-08,3917.42,42,Gear Set,Texas
2026-06-08,2370.14,25,Gear Set,Midwest
2026-06-08,4711.23,49,Gear Set,Midwest
2026-06-08,3241.31,35,Gear Set,Midwest
2026-06-08,3970.9,42,Gear Set,Southeast
2026-06-08,1554.06,36,Bearing Assembly,Midwest
2026-06-08,3713.61,38,Gear Set,Southeast
2026-06-08,7974.84,42,Hydraulic Valve,Midwest
2026-06-08,1425.81,33,Bearing Assembly,Northeast
2026-06-08,11832.3,39,Sensor Module,Midwest
2026-06-08,6690.11,38,Hydraulic Valve,Midwest
2026-06-08,10346.11,36,Sensor Module,Southeast
2026-06-08,1667.09,38,Bearing Assembly,Midwest
2026-06-08,11421.87,36,Sensor Module,Southeast
2026-06-08,1633.45,40,Bearing Assembly,Texas
2026-06-08,1427.34,35,Bearing Assembly,Midwest
2026-06-08,8258.75,44,Hydraulic Valve,Midwest
2026-06-09,2964.29,31,Gear Set,Midwest
2026-06-09,7234.13,38,Hydraulic Valve,Southeast
2026-06-09,4070.65,41,Gear Set,Southeast
2026-06-09,3866.01,39,Gear Set,Midwest
2026-06-09,7563.66,24,Sensor Module,Northeast
2026-06-09,11894.85,38,Sensor Module,Northeast
2026-06-09,2406.48,25,Gear Set,Midwest
2026-06-09,7830.27,40,Hydraulic Valve,Southeast
2026-06-09,1570.63,36,Bearing Assembly,Southeast
2026-06-09,4392.65,24,Hydraulic Valve,Texas
2026-06-09,3314.5,36,Gear Set,Midwest
2026-06-09,3744.3,19,Hydraulic Valve,Midwest
2026-06-09,4905.67,28,Hydraulic Valve,Texas
2026-06-09,2672.82,30,Gear Set,Midwest
2026-06-09,9258.82,51,Hydraulic Valve,Midwest
2026-06-09,3222.7,35,Gear Set,Southeast
2026-06-09,920.43,23,Bearing Assembly,Northeast
2026-06-09,3288.17,36,Gear Set,Southeast
2026-06-09,4679.24,50,Gear Set,Midwest
2026-06-09,3444.6,37,Gear Set,Midwest
2026-06-09,3167.93,32,Gear Set,Northeast
2026-06-10,1701.3,41,Bearing Assembly,Northeast
2026-06-10,2050.03,47,Bearing Assembly,Midwest
2026-06-10,1797.85,41,Bearing Assembly,Northeast
2026-06-10,3184.79,34,Gear Set,Midwest
2026-06-10,3366.42,35,Gear Set,Northeast
2026-06-10,5760.42,29,Hydraulic Valve,Midwest
2026-06-10,1803.85,42,Bearing Assembly,Southeast
2026-06-10,1909.27,20,Gear Set,Midwest
2026-06-10,1271.28,31,Bearing Assembly,Texas
2026-06-10,5586.36,32,Hydraulic Valve,Midwest
2026-06-10,2936.77,32,Gear Set,Midwest
2026-06-10,1787.01,41,Bearing Assembly,Midwest
2026-06-10,7150.64,38,Hydraulic Valve,Midwest
2026-06-10,3676.5,40,Gear Set,Midwest
2026-06-10,1378.7,33,Bearing Assembly,Texas
2026-06-10,3550.06,39,Gear Set,Midwest
2026-06-10,9873.71,54,Hydraulic Valve,Midwest
2026-06-10,1472.56,36,Bearing Assembly,Southeast
2026-06-10,2011.11,46,Bearing Assembly,Southeast
2026-06-10,3464.19,38,Gear Set,Midwest
2026-06-10,7465.89,38,Hydraulic Valve,Midwest
2026-06-10,1347.28,32,Bearing Assembly,Midwest
2026-06-10,6810.53,40,Hydraulic Valve,Southeast
2026-06-10,7840.73,27,Sensor Module,Midwest
2026-06-10,2208.77,25,Gear Set,Texas
2026-06-10,1342.38,34,Bearing Assembly,Midwest
2026-06-11,7575.63,26,Sensor Module,Southeast
2026-06-11,1314.08,31,Bearing Assembly,Texas
2026-06-11,10880.69,37,Sensor Module,Northeast
2026-06-11,3471.93,38,Gear Set,Northeast
2026-06-11,1828.07,44,Bearing Assembly,Midwest
2026-06-11,4806.64,26,Hydraulic Valve,Southeast
2026-06-11,1053.52,24,Bearing Assembly,Southeast
2026-06-11,3044.58,32,Gear Set,Southeast
2026-06-11,8762.89,27,Sensor Module,Northeast
2026-06-11,12290.27,42,Sensor Module,Midwest
2026-06-11,3642.24,40,Gear Set,Northeast
2026-06-11,7905.51,42,Hydraulic Valve,Northeast
2026-06-11,6338.79,34,Hydraulic Valve,Texas
2026-06-11,3459.16,37,Gear Set,Texas
2026-06-11,4663.54,47,Gear Set,Midwest
2026-06-11,1590.0,38,Bearing Assembly,Southeast
2026-06-11,1906.74,45,Bearing Assembly,Northeast
2026-06-12,9049.33,50,Hydraulic Valve,Northeast
2026-06-12,4705.0,24,Hydraulic Valve,Southeast
2026-06-12,3527.08,38,Gear Set,Midwest
2026-06-12,5749.62,30,Hydraulic Valve,Midwest
2026-06-12,2215.36,24,Gear Set,Midwest
2026-06-12,6858.8,39,Hydraulic Valve,Northeast
2026-06-12,2517.75,26,Gear Set,Midwest
2026-06-12,2210.87,25,Gear Set,Midwest
2026-06-12,1414.44,36,Bearing Assembly,Northeast
2026-06-12,6100.56,32,Hydraulic Valve,Northeast
2026-06-12,6742.68,37,Hydraulic Valve,Midwest
2026-06-12,5569.99,29,Hydraulic Valve,Northeast
2026-06-12,1498.47,33,Bearing Assembly,Southeast
2026-06-15,3431.96,36,Gear Set,Southeast
2026-06-15,4057.61,24,Hydraulic Valve,Southeast
2026-06-15,3288.26,35,Gear Set,Southeast
2026-06-15,4245.9,44,Gear Set,Southeast
2026-06-15,1599.88,38,Bearing Assembly,Southeast
2026-06-15,1347.16,31,Bearing Assembly,Midwest
2026-06-15,6731.25,36,Hydraulic Valve,Midwest
2026-06-15,1520.33,38,Bearing Assembly,Southeast
2026-06-15,13565.63,42,Sensor Module,Midwest
2026-06-15,14547.25,46,Sensor Module,Midwest
2026-06-15,1490.73,33,Bearing Assembly,Southeast
2026-06-15,3490.37,38,Gear Set,Midwest
2026-06-15,1284.47,29,Bearing Assembly,Midwest
2026-06-15,3689.01,36,Gear Set,Midwest
2026-06-15,10773.71,34,Sensor Module,Northeast
2026-06-15,3124.18,31,Gear Set,Midwest
2026-06-15,1703.95,40,Bearing Assembly,Southeast
2026-06-15,1413.57,34,Bearing Assembly,Midwest
2026-06-15,4524.46,44,Gear Set,Texas
2026-06-15,1765.34,18,Gear Set,Southeast
2026-06-15,6242.21,35,Hydraulic Valve,Midwest
2026-06-15,1265.05,30,Bearing Assembly,Texas
2026-06-15,11006.9,37,Sensor Module,Southeast
2026-06-16,954.36,23,Bearing Assembly,Southeast
2026-06-16,1396.06,33,Bearing Assembly,Southeast
2026-06-16,1731.68,43,Bearing Assembly,Northeast
2026-06-16,2550.18,26,Gear Set,Midwest
2026-06-16,1888.54,45,Bearing Assembly,Northeast
2026-06-16,7405.81,41,Hydraulic Valve,Midwest
2026-06-16,3970.34,40,Gear Set,Southeast
2026-06-16,8746.95,43,Hydraulic Valve,Midwest
2026-06-16,2932.87,32,Gear Set,Midwest
2026-06-16,9431.53,30,Sensor Module,Northeast
2026-06-16,1469.8,33,Bearing Assembly,Midwest
2026-06-16,1260.2,30,Bearing Assembly,Midwest
2026-06-16,1479.0,36,Bearing Assembly,Midwest
2026-06-16,8299.91,44,Hydraulic Valve,Southeast
2026-06-16,1441.66,35,Bearing Assembly,Southeast
2026-06-16,4170.04,43,Gear Set,Midwest
2026-06-16,10307.18,35,Sensor Module,Northeast
2026-06-16,3594.69,38,Gear Set,Midwest
2026-06-16,1172.33,28,Bearing Assembly,Midwest
2026-06-16,2222.06,24,Gear Set,Texas
2026-06-16,2430.48,25,Gear Set,Midwest
2026-06-16,7148.66,39,Hydraulic Valve,Northeast
2026-06-16,8216.78,44,Hydraulic Valve,Northeast
2026-06-16,2204.27,23,Gear Set,Midwest
2026-06-17,3262.05,35,Gear Set,Southeast
2026-06-17,2914.05,30,Gear Set,Northeast
2026-06-17,1469.08,34,Bearing Assembly,Northeast
2026-06-17,6578.66,35,Hydraulic Valve,Southeast
2026-06-17,4522.17,50,Gear Set,Southeast
2026-06-17,1652.95,39,Bearing Assembly,Northeast
2026-06-17,4197.55,45,Gear Set,Texas
2026-06-17,1461.84,34,Bearing Assembly,Northeast
2026-06-17,2086.51,22,Gear Set,Midwest
2026-06-17,1947.13,22,Gear Set,Southeast
2026-06-17,1601.38,40,Bearing Assembly,Midwest
2026-06-17,4004.27,42,Gear Set,Northeast
2026-06-17,2411.85,26,Gear Set,Texas
2026-06-17,9583.84,32,Sensor Module,Southeast
2026-06-17,1931.38,47,Bearing Assembly,Midwest
2026-06-17,3352.71,36,Gear Set,Northeast
2026-06-17,1067.86,24,Bearing Assembly,Midwest
2026-06-17,1309.25,32,Bearing Assembly,Texas
2026-06-17,1753.95,42,Bearing Assembly,Southeast
2026-06-17,3084.49,32,Gear Set,Midwest
2026-06-17,10386.65,34,Sensor Module,Texas
2026-06-17,3103.81,34,Gear Set,Northeast
2026-06-18,9284.48,48,Hydraulic Valve,Midwest
2026-06-18,6149.58,32,Hydraulic Valve,Texas
2026-06-18,6935.22,36,Hydraulic Valve,Southeast
2026-06-18,5947.18,20,Sensor Module,Midwest
2026-06-18,7087.73,36,Hydraulic Valve,Midwest
2026-06-18,3080.49,31,Gear Set,Northeast
2026-06-18,1307.94,31,Bearing Assembly,Southeast
2026-06-18,17993.63,59,Sensor Module,Northeast
2026-06-18,3374.57,38,Gear Set,Texas
2026-06-18,5287.91,18,Sensor Module,Midwest
2026-06-18,4029.74,43,Gear Set,Southeast
2026-06-18,10996.54,35,Sensor Module,Texas
2026-06-18,2532.3,27,Gear Set,Texas
2026-06-18,1495.72,37,Bearing Assembly,Texas
2026-06-18,8781.7,30,Sensor Module,Midwest
2026-06-18,1321.27,31,Bearing Assembly,Midwest
2026-06-18,4083.44,44,Gear Set,Midwest
2026-06-18,3467.3,39,Gear Set,Southeast
2026-06-18,1121.96,27,Bearing Assembly,Northeast
2026-06-18,3991.82,41,Gear Set,Midwest
2026-06-18,5960.61,35,Hydraulic Valve,Midwest
2026-06-18,746.23,19,Bearing Assembly,Midwest
2026-06-18,3675.73,37,Gear Set,Northeast
2026-06-18,1393.29,33,Bearing Assembly,Northeast
2026-06-18,1043.67,24,Bearing Assembly,Northeast
2026-06-18,2018.26,50,Bearing Assembly,Texas
2026-06-19,12898.81,43,Sensor Module,Northeast
2026-06-19,4099.92,42,Gear Set,Texas
2026-06-19,4909.82,26,Hydraulic Valve,Midwest
2026-06-19,7503.99,26,Sensor Module,Northeast
2026-06-19,2751.3,29,Gear Set,Texas
2026-06-19,9459.81,31,Sensor Module,Midwest
2026-06-19,1355.09,33,Bearing Assembly,Northeast
2026-06-19,7583.77,40,Hydraulic Valve,Southeast
2026-06-19,2365.9,27,Gear Set,Northeast
2026-06-19,2931.22,30,Gear Set,Midwest
2026-06-19,4606.24,48,Gear Set,Midwest
2026-06-19,12222.99,39,Sensor Module,Southeast
2026-06-19,10542.55,34,Sensor Module,Northeast
2026-06-19,8421.0,45,Hydraulic Valve,Southeast
2026-06-22,8681.63,46,Hydraulic Valve,Midwest
2026-06-22,1441.66,33,Bearing Assembly,Midwest
2026-06-22,8731.08,46,Hydraulic Valve,Southeast
2026-06-22,974.15,23,Bearing Assembly,Southeast
2026-06-22,1930.95,47,Bearing Assembly,Southeast
2026-06-22,11825.84,39,Sensor Module,Northeast
2026-06-22,7196.01,40,Hydraulic Valve,Texas
2026-06-22,12381.35,41,Sensor Module,Midwest
2026-06-22,793.12,19,Bearing Assembly,Midwest
2026-06-22,1184.23,29,Bearing Assembly,Southeast
2026-06-22,2949.57,31,Gear Set,Midwest
2026-06-22,1996.48,48,Bearing Assembly,Midwest
2026-06-22,2349.54,26,Gear Set,Midwest
2026-06-22,8245.06,43,Hydraulic Valve,Northeast
2026-06-22,6514.49,36,Hydraulic Valve,Midwest
2026-06-22,1603.49,38,Bearing Assembly,Northeast
2026-06-22,9612.39,32,Sensor Module,Texas
2026-06-23,1835.55,43,Bearing Assembly,Midwest
2026-06-23,8773.97,27,Sensor Module,Midwest
2026-06-23,11982.92,39,Sensor Module,Midwest
2026-06-23,1707.54,40,Bearing Assembly,Southeast
2026-06-23,3014.06,32,Gear Set,Southeast
2026-06-23,7648.95,40,Hydraulic Valve,Midwest
2026-06-23,1538.52,39,Bearing Assembly,Midwest
2026-06-23,2606.35,28,Gear Set,Midwest
2026-06-23,8831.02,50,Hydraulic Valve,Texas
2026-06-23,1434.57,33,Bearing Assembly,Southeast
2026-06-23,1538.73,36,Bearing Assembly,Northeast
2026-06-23,14341.91,44,Sensor Module,Southeast
2026-06-23,1718.66,41,Bearing Assembly,Northeast
2026-06-23,2951.89,32,Gear Set,Northeast
2026-06-23,14719.01,47,Sensor Module,Southeast
2026-06-23,1200.51,29,Bearing Assembly,Midwest
2026-06-23,1181.8,29,Bearing Assembly,Midwest
2026-06-23,4901.92,48,Gear Set,Midwest
2026-06-23,902.94,21,Bearing Assembly,Southeast
2026-06-23,4036.08,41,Gear Set,Midwest
2026-06-23,4856.36,27,Hydraulic Valve,Southeast
2026-06-23,1102.11,27,Bearing Assembly,Midwest
2026-06-23,3036.08,32,Gear Set,Southeast
2026-06-23,1011.24,24,Bearing Assembly,Texas
2026-06-23,4570.51,24,Hydraulic Valve,Southeast
2026-06-23,3325.13,33,Gear Set,Texas
2026-06-24,5687.74,30,Hydraulic Valve,Midwest
2026-06-24,1400.59,36,Bearing Assembly,Midwest
2026-06-24,3493.61,36,Gear Set,Southeast
2026-06-24,1352.59,32,Bearing Assembly,Midwest
2026-06-24,2881.83,30,Gear Set,Southeast
2026-06-24,1098.11,27,Bearing Assembly,Northeast
2026-06-24,1359.66,33,Bearing Assembly,Northeast
2026-06-24,4753.51,26,Hydraulic Valve,Northeast
2026-06-24,1557.96,37,Bearing Assembly,Midwest
2026-06-24,3500.3,41,Gear Set,Midwest
2026-06-24,2963.32,31,Gear Set,Texas
2026-06-24,5064.21,51,Gear Set,Midwest
2026-06-24,10211.09,35,Sensor Module,Northeast
2026-06-24,3690.69,39,Gear Set,Northeast
2026-06-24,5981.15,31,Hydraulic Valve,Midwest
2026-06-24,7597.25,40,Hydraulic Valve,Southeast
2026-06-24,2281.76,54,Bearing Assembly,Midwest
2026-06-24,1750.76,41,Bearing Assembly,Midwest
2026-06-24,3245.68,34,Gear Set,Southeast
2026-06-24,6914.15,37,Hydraulic Valve,Texas
2026-06-24,3067.32,17,Hydraulic Valve,Midwest
2026-06-24,1647.19,43,Bearing Assembly,Northeast
2026-06-24,9662.91,29,Sensor Module,Texas
2026-06-24,6004.34,33,Hydraulic Valve,Northeast
2026-06-24,2890.79,31,Gear Set,Midwest
2026-06-25,1412.6,33,Bearing Assembly,Northeast
2026-06-25,12820.17,40,Sensor Module,Northeast
2026-06-25,4281.87,23,Hydraulic Valve,Midwest
2026-06-25,11757.45,39,Sensor Module,Midwest
2026-06-25,5833.22,31,Hydraulic Valve,Southeast
2026-06-25,4180.39,44,Gear Set,Texas
2026-06-25,4001.77,43,Gear Set,Texas
2026-06-25,2506.44,25,Gear Set,Southeast
2026-06-25,1815.61,45,Bearing Assembly,Midwest
2026-06-25,10417.4,34,Sensor Module,Southeast
2026-06-25,3083.61,32,Gear Set,Midwest
2026-06-25,3983.98,41,Gear Set,Midwest
2026-06-25,1752.4,39,Bearing Assembly,Southeast
2026-06-25,4160.25,42,Gear Set,Midwest
2026-06-25,5000.71,28,Hydraulic Valve,Midwest
2026-06-25,2210.56,51,Bearing Assembly,Midwest
2026-06-25,4001.61,22,Hydraulic Valve,Midwest
2026-06-25,2414.35,24,Gear Set,Midwest
2026-06-25,2828.98,29,Gear Set,Southeast
2026-06-25,894.35,22,Bearing Assembly,Midwest
2026-06-25,4822.65,49,Gear Set,Midwest
2026-06-25,2092.82,22,Gear Set,Midwest
2026-06-25,1660.39,41,Bearing Assembly,Texas
2026-06-25,1665.8,41,Bearing Assembly,Midwest
2026-06-25,1269.75,29,Bearing Assembly,Southeast
2026-06-25,6930.78,36,Hydraulic Valve,Texas
2026-06-25,3726.37,41,Gear Set,Northeast
2026-06-25,9107.35,27,Sensor Module,Midwest
2026-06-26,2139.85,47,Bearing Assembly,Midwest
2026-06-26,1275.47,30,Bearing Assembly,Midwest
2026-06-26,5778.77,33,Hydraulic Valve,Texas
2026-06-26,11757.15,39,Sensor Module,Midwest
2026-06-26,1691.7,40,Bearing Assembly,Northeast
2026-06-26,1378.99,33,Bearing Assembly,Midwest
2026-06-26,8219.99,43,Hydraulic Valve,Southeast
2026-06-26,668.03,16,Bearing Assembly,Texas
2026-06-26,4301.28,44,Gear Set,Midwest
2026-06-26,1665.35,37,Bearing Assembly,Southeast
2026-06-26,1970.28,46,Bearing Assembly,Northeast
2026-06-26,13805.52,43,Sensor Module,Northeast
2026-06-26,2713.06,28,Gear Set,Southeast
2026-06-26,11540.87,37,Sensor Module,Midwest
2026-06-26,4089.55,44,Gear Set,Northeast
2026-06-26,4055.89,23,Hydraulic Valve,Midwest
2026-06-26,3521.85,39,Gear Set,Southeast
2026-06-26,4508.57,49,Gear Set,Midwest
2026-06-26,1506.43,36,Bearing Assembly,Texas
2026-06-26,7801.86,27,Sensor Module,Southeast
2026-06-26,7489.37,44,Hydraulic Valve,Southeast
2026-06-26,1003.05,25,Bearing Assembly,Southeast
2026-06-26,2947.97,31,Gear Set,Texas
2026-06-26,1747.03,19,Gear Set,Southeast
2026-06-26,2203.88,51,Bearing Assembly,Northeast
2026-06-26,1744.17,43,Bearing Assembly,Midwest
2026-06-29,1544.46,35,Bearing Assembly,Southeast
2026-06-29,1351.28,33,Bearing Assembly,Midwest
2026-06-29,6239.65,33,Hydraulic Valve,Texas
2026-06-29,7085.63,38,Hydraulic Valve,Northeast
2026-06-29,4534.77,25,Hydraulic Valve,Northeast
2026-06-29,4804.25,26,Hydraulic Valve,Northeast
2026-06-29,1310.04,30,Bearing Assembly,Southeast
2026-06-29,14541.78,44,Sensor Module,Midwest
2026-06-29,1639.51,39,Bearing Assembly,Midwest
2026-06-29,1571.9,36,Bearing Assembly,Northeast
2026-06-29,6007.25,20,Sensor Module,Texas
2026-06-29,7493.64,40,Hydraulic Valve,Midwest
2026-06-29,983.43,26,Bearing Assembly,Northeast
2026-06-29,10821.64,34,Sensor Module,Texas
2026-06-29,11090.76,36,Sensor Module,Southeast
2026-06-29,5208.27,28,Hydraulic Valve,Midwest
2026-06-29,12661.75,42,Sensor Module,Southeast
2026-06-29,915.56,20,Bearing Assembly,Midwest
2026-06-29,3234.9,36,Gear Set,Midwest
2026-06-29,3599.55,37,Gear Set,Midwest
2026-06-29,3719.59,39,Gear Set,Northeast
2026-06-29,5023.35,25,Hydraulic Valve,Northeast
2026-06-29,1386.21,34,Bearing Assembly,Midwest
2026-06-29,1498.81,37,Bearing Assembly,Northeast
2026-06-30,11126.27,37,Sensor Module,Southeast
2026-06-30,7247.96,40,Hydraulic Valve,Northeast
2026-06-30,8783.97,49,Hydraulic Valve,Midwest
2026-06-30,5248.16,29,Hydraulic Valve,Texas
2026-06-30,1036.06,24,Bearing Assembly,Northeast
2026-06-30,920.93,22,Bearing Assembly,Midwest
2026-06-30,5377.64,29,Hydraulic Valve,Midwest
2026-06-30,2915.25,30,Gear Set,Texas
2026-06-30,2205.69,23,Gear Set,Midwest
2026-06-30,1097.58,28,Bearing Assembly,Midwest
2026-06-30,3855.2,39,Gear Set,Southeast
2026-06-30,949.32,24,Bearing Assembly,Midwest
2026-06-30,2227.56,24,Gear Set,Northeast
2026-06-30,3604.88,39,Gear Set,Southeast
2026-06-30,2966.44,29,Gear Set,Midwest
2026-06-30,1190.5,29,Bearing Assembly,Midwest
2026-06-30,3600.78,38,Gear Set,Midwest
2026-06-30,3547.97,37,Gear Set,Texas
2026-06-30,1587.48,39,Bearing Assembly,Northeast
2026-06-30,1695.79,36,Bearing Assembly,Texas
2026-06-30,8562.06,27,Sensor Module,Northeast
2026-06-30,11227.03,36,Sensor Module,Midwest
2026-07-01,3307.96,32,Gear Set,Midwest
2026-07-01,1054.96,27,Bearing Assembly,Midwest
2026-07-01,1208.11,32,Bearing Assembly,Midwest
2026-07-01,1299.55,32,Bearing Assembly,Midwest
2026-07-01,3675.95,38,Gear Set,Midwest
2026-07-01,6053.84,31,Hydraulic Valve,Northeast
2026-07-01,1064.78,26,Bearing Assembly,Northeast
2026-07-01,10842.63,36,Sensor Module,Midwest
2026-07-01,12168.36,39,Sensor Module,Texas
2026-07-01,1417.75,33,Bearing Assembly,Southeast
2026-07-01,8703.28,44,Hydraulic Valve,Midwest
2026-07-01,5823.02,33,Hydraulic Valve,Southeast
2026-07-01,3881.16,42,Gear Set,Southeast
2026-07-01,1377.31,32,Bearing Assembly,Midwest
2026-07-01,3953.1,39,Gear Set,Midwest
2026-07-02,1346.36,33,Bearing Assembly,Texas
2026-07-02,1420.29,35,Bearing Assembly,Midwest
2026-07-02,5056.37,27,Hydraulic Valve,Southeast
2026-07-02,2004.89,44,Bearing Assembly,Texas
2026-07-02,1243.75,28,Bearing Assembly,Midwest
2026-07-02,1572.13,39,Bearing Assembly,Southeast
2026-07-02,1515.89,36,Bearing Assembly,Midwest
2026-07-02,8297.92,43,Hydraulic Valve,Midwest
2026-07-02,4103.94,42,Gear Set,Midwest
2026-07-02,7418.54,25,Sensor Module,Midwest
2026-07-02,7209.33,39,Hydraulic Valve,Midwest
2026-07-02,1672.05,38,Bearing Assembly,Southeast
2026-07-02,2937.55,30,Gear Set,Southeast
2026-07-02,1126.05,28,Bearing Assembly,Northeast
2026-07-02,1900.82,21,Gear Set,Midwest
2026-07-03,4191.91,43,Gear Set,Northeast
2026-07-03,1429.77,37,Bearing Assembly,Northeast
2026-07-03,4359.4,47,Gear Set,Midwest
2026-07-03,1329.5,33,Bearing Assembly,Southeast
2026-07-03,1888.09,44,Bearing Assembly,Texas
2026-07-03,3819.49,40,Gear Set,Northeast
2026-07-03,4761.87,26,Hydraulic Valve,Southeast
2026-07-03,1529.79,36,Bearing Assembly,Midwest
2026-07-03,1450.26,36,Bearing Assembly,Midwest
2026-07-03,9831.88,34,Sensor Module,Texas
2026-07-03,1956.79,48,Bearing Assembly,Northeast
2026-07-03,7093.61,37,Hydraulic Valve,Southeast
2026-07-03,1965.4,47,Bearing Assembly,Southeast
2026-07-03,9292.6,32,Sensor Module,Midwest
2026-07-06,4586.23,46,Gear Set,Northeast
2026-07-06,6711.21,35,Hydraulic Valve,Northeast
2026-07-06,7237.69,42,Hydraulic Valve,Northeast
2026-07-06,7814.26,43,Hydraulic Valve,Texas
2026-07-06,3401.71,34,Gear Set,Texas
2026-07-06,1923.83,44,Bearing Assembly,Northeast
2026-07-06,3073.69,33,Gear Set,Southeast
2026-07-06,8932.87,28,Sensor Module,Northeast
2026-07-06,14461.94,48,Sensor Module,Midwest
2026-07-06,1060.99,26,Bearing Assembly,Midwest
2026-07-06,1246.98,29,Bearing Assembly,Midwest
2026-07-06,3227.6,34,Gear Set,Midwest
2026-07-06,1217.23,28,Bearing Assembly,Midwest
2026-07-06,1312.91,34,Bearing Assembly,Northeast
2026-07-06,1225.62,29,Bearing Assembly,Southeast
2026-07-06,4752.83,26,Hydraulic Valve,Northeast
2026-07-06,1862.07,43,Bearing Assembly,Texas
2026-07-06,4040.94,42,Gear Set,Midwest
2026-07-06,7270.48,25,Sensor Module,Northeast
2026-07-06,7511.79,40,Hydraulic Valve,Northeast
2026-07-07,6783.16,37,Hydraulic Valve,Midwest
2026-07-07,3694.58,39,Gear Set,Southeast
2026-07-07,1216.16,32,Bearing Assembly,Midwest
2026-07-07,9245.35,32,Sensor Module,Midwest
2026-07-07,1955.58,47,Bearing Assembly,Southeast
2026-07-07,4873.74,54,Gear Set,Southeast
2026-07-07,6552.2,35,Hydraulic Valve,Northeast
2026-07-07,3759.79,42,Gear Set,Texas
2026-07-07,6449.16,38,Hydraulic Valve,Midwest
2026-07-07,4719.89,50,Gear Set,Southeast
2026-07-07,1524.88,37,Bearing Assembly,Southeast
2026-07-07,559.76,13,Bearing Assembly,Texas
2026-07-07,3889.18,41,Gear Set,Midwest
2026-07-07,1935.51,20,Gear Set,Midwest
2026-07-07,10577.21,35,Sensor Module,Northeast
2026-07-07,978.43,22,Bearing Assembly,Texas
2026-07-07,6126.77,35,Hydraulic Valve,Midwest
2026-07-07,1916.71,47,Bearing Assembly,Southeast
2026-07-07,12808.16,40,Sensor Module,Midwest
2026-07-07,14004.93,44,Sensor Module,Midwest
2026-07-08,13731.68,46,Sensor Module,Midwest
2026-07-08,2025.88,48,Bearing Assembly,Southeast
2026-07-08,3435.63,36,Gear Set,Southeast
2026-07-08,4117.72,13,Sensor Module,Midwest
2026-07-08,12020.25,41,Sensor Module,Northeast
2026-07-08,1662.75,40,Bearing Assembly,Texas
2026-07-08,1251.59,31,Bearing Assembly,Midwest
2026-07-08,1549.54,38,Bearing Assembly,Northeast
2026-07-08,1018.39,25,Bearing Assembly,Southeast
2026-07-08,8683.97,28,Sensor Module,Southeast
2026-07-08,5948.59,31,Hydraulic Valve,Southeast
2026-07-08,1850.85,45,Bearing Assembly,Midwest
2026-07-08,3515.83,36,Gear Set,Midwest
2026-07-08,1254.32,28,Bearing Assembly,Midwest
2026-07-08,858.26,20,Bearing Assembly,Midwest
2026-07-08,1463.91,35,Bearing Assembly,Texas
2026-07-08,2158.17,25,Gear Set,Midwest
2026-07-08,8529.7,28,Sensor Module,Southeast
2026-07-08,4120.2,47,Gear Set,Texas
2026-07-08,3867.02,41,Gear Set,Midwest
2026-07-09,1373.15,31,Bearing Assembly,Northeast
2026-07-09,3052.36,32,Gear Set,Texas
2026-07-09,7937.62,42,Hydraulic Valve,Midwest
2026-07-09,2034.55,20,Gear Set,Northeast
2026-07-09,975.54,24,Bearing Assembly,Midwest
2026-07-09,5173.2,28,Hydraulic Valve,Midwest
2026-07-09,4135.25,42,Gear Set,Texas
2026-07-09,5020.04,28,Hydraulic Valve,Northeast
2026-07-09,1100.74,27,Bearing Assembly,Southeast
2026-07-09,2853.16,31,Gear Set,Midwest
2026-07-09,1427.05,35,Bearing Assembly,Northeast
2026-07-09,3390.16,37,Gear Set,Midwest
2026-07-09,10276.21,33,Sensor Module,Midwest
2026-07-09,1301.85,33,Bearing Assembly,Northeast
2026-07-09,2229.55,23,Gear Set,Midwest
2026-07-09,9671.83,32,Sensor Module,Midwest
2026-07-09,3321.39,34,Gear Set,Northeast
2026-07-09,8478.67,44,Hydraulic Valve,Midwest
2026-07-10,3147.77,33,Gear Set,Midwest
2026-07-10,676.29,7,Gear Set,Southeast
2026-07-10,6711.96,21,Sensor Module,Midwest
2026-07-10,14250.95,46,Sensor Module,Texas
2026-07-10,2066.94,49,Bearing Assembly,Midwest
2026-07-10,10218.58,55,Hydraulic Valve,Northeast
2026-07-10,7042.13,39,Hydraulic Valve,Southeast
2026-07-10,1736.05,40,Bearing Assembly,Midwest
2026-07-13,6592.56,34,Hydraulic Valve,Southeast
2026-07-13,14583.88,48,Sensor Module,Southeast
2026-07-13,3248.64,34,Gear Set,Southeast
2026-07-13,958.28,24,Bearing Assembly,Northeast
2026-07-13,10717.8,36,Sensor Module,Southeast
2026-07-13,8296.08,46,Hydraulic Valve,Midwest
2026-07-13,1677.51,39,Bearing Assembly,Northeast
2026-07-13,1470.4,34,Bearing Assembly,Texas
2026-07-13,2238.19,24,Gear Set,Texas
2026-07-13,1190.07,27,Bearing Assembly,Northeast
2026-07-13,1501.64,37,Bearing Assembly,Texas
2026-07-13,1485.86,37,Bearing Assembly,Midwest
2026-07-13,11110.37,34,Sensor Module,Texas
2026-07-13,6354.23,35,Hydraulic Valve,Midwest
2026-07-13,1166.37,27,Bearing Assembly,Texas
2026-07-14,4263.29,44,Gear Set,Midwest
2026-07-14,3409.3,38,Gear Set,Southeast
2026-07-14,1417.96,34,Bearing Assembly,Southeast
2026-07-14,1635.01,40,Bearing Assembly,Midwest
2026-07-14,3007.56,32,Gear Set,Southeast
2026-07-14,3510.48,38,Gear Set,Midwest
2026-07-14,1493.88,36,Bearing Assembly,Northeast
2026-07-14,6781.78,36,Hydraulic Valve,Texas
2026-07-14,1854.41,42,Bearing Assembly,Midwest
2026-07-14,7941.1,42,Hydraulic Valve,Southeast
2026-07-14,5128.48,31,Hydraulic Valve,Texas
2026-07-14,1422.46,34,Bearing Assembly,Southeast
2026-07-14,1365.62,31,Bearing Assembly,Southeast
2026-07-14,5536.16,30,Hydraulic Valve,Texas
2026-07-14,1183.28,29,Bearing Assembly,Texas
2026-07-14,12810.04,41,Sensor Module,Midwest
2026-07-14,3958.26,43,Gear Set,Southeast
2026-07-14,1470.84,34,Bearing Assembly,Midwest
2026-07-14,1610.14,38,Bearing Assembly,Northeast
2026-07-14,1654.42,38,Bearing Assembly,Midwest
2026-07-14,3347.38,35,Gear Set,Southeast
2026-07-14,6501.96,36,Hydraulic Valve,Southeast
2026-07-14,2887.07,30,Gear Set,Southeast
2026-07-14,3031.96,34,Gear Set,Midwest
2026-07-15,1353.4,32,Bearing Assembly,Midwest
2026-07-15,6011.39,33,Hydraulic Valve,Texas
2026-07-15,9358.16,49,Hydraulic Valve,Southeast
2026-07-15,4001.35,45,Gear Set,Midwest
2026-07-15,3645.2,41,Gear Set,Northeast
2026-07-15,6309.34,35,Hydraulic Valve,Northeast
2026-07-15,2541.91,28,Gear Set,Midwest
2026-07-15,1270.9,29,Bearing Assembly,Northeast
2026-07-15,1489.29,37,Bearing Assembly,Midwest
2026-07-15,2590.99,29,Gear Set,Texas
2026-07-16,1222.93,30,Bearing Assembly,Midwest
2026-07-16,2451.23,26,Gear Set,Midwest
2026-07-16,3431.22,39,Gear Set,Midwest
2026-07-16,8525.13,45,Hydraulic Valve,Texas
2026-07-16,1806.68,42,Bearing Assembly,Southeast
2026-07-16,1194.56,26,Bearing Assembly,Midwest
2026-07-16,4276.9,46,Gear Set,Southeast
2026-07-16,1646.31,37,Bearing Assembly,Texas
2026-07-16,696.63,17,Bearing Assembly,Southeast
2026-07-16,1586.52,39,Bearing Assembly,Southeast
2026-07-16,2544.59,28,Gear Set,Texas
2026-07-16,1736.99,42,Bearing Assembly,Midwest
2026-07-16,4313.85,46,Gear Set,Texas
2026-07-16,15259.41,50,Sensor Module,Southeast
2026-07-16,8054.94,25,Sensor Module,Midwest
2026-07-16,3946.32,42,Gear Set,Midwest
2026-07-17,3407.85,36,Gear Set,Texas
2026-07-17,2105.91,22,Gear Set,Midwest
2026-07-17,3291.43,34,Gear Set,Southeast
2026-07-17,14197.04,45,Sensor Module,Midwest
2026-07-17,1341.64,33,Bearing Assembly,Midwest
2026-07-17,1668.69,38,Bearing Assembly,Midwest
2026-07-17,2781.81,28,Gear Set,Northeast
2026-07-17,1604.2,38,Bearing Assembly,Southeast
2026-07-17,7828.21,40,Hydraulic Valve,Northeast
2026-07-17,2567.89,29,Gear Set,Midwest
2026-07-17,12514.22,41,Sensor Module,Midwest
2026-07-20,1307.47,32,Bearing Assembly,Northeast
2026-07-20,6250.95,31,Hydraulic Valve,Northeast
2026-07-20,1480.74,36,Bearing Assembly,Southeast
2026-07-20,5370.73,32,Hydraulic Valve,Northeast
2026-07-20,3775.73,41,Gear Set,Northeast
2026-07-20,8812.71,29,Sensor Module,Midwest
2026-07-20,1426.23,35,Bearing Assembly,Midwest
2026-07-20,2955.46,30,Gear Set,Midwest
2026-07-20,6184.56,34,Hydraulic Valve,Midwest
2026-07-20,1761.18,43,Bearing Assembly,Texas
2026-07-20,5469.57,32,Hydraulic Valve,Texas
2026-07-20,1567.39,38,Bearing Assembly,Midwest
2026-07-20,3199.84,32,Gear Set,Midwest
2026-07-20,1806.56,41,Bearing Assembly,Texas
2026-07-20,8066.22,25,Sensor Module,Texas
2026-07-21,1496.98,36,Bearing Assembly,Texas
2026-07-21,4101.4,22,Hydraulic Valve,Southeast
2026-07-21,2503.89,27,Gear Set,Southeast
2026-07-21,3073.73,17,Hydraulic Valve,Northeast
2026-07-21,3136.23,34,Gear Set,Southeast
2026-07-21,950.3,23,Bearing Assembly,Northeast
2026-07-21,2464.07,26,Gear Set,Southeast
2026-07-21,6357.32,34,Hydraulic Valve,Midwest
2026-07-21,1039.71,25,Bearing Assembly,Midwest
2026-07-21,6494.84,35,Hydraulic Valve,Northeast
2026-07-21,12484.45,39,Sensor Module,Midwest
2026-07-21,2040.61,21,Gear Set,Texas
2026-07-21,7026.18,39,Hydraulic Valve,Midwest
2026-07-21,3075.67,32,Gear Set,Midwest
2026-07-21,1626.2,16,Gear Set,Midwest
2026-07-21,1145.58,28,Bearing Assembly,Midwest
2026-07-21,8713.96,45,Hydraulic Valve,Northeast
2026-07-21,9010.07,49,Hydraulic Valve,Midwest
2026-07-21,1040.55,25,Bearing Assembly,Midwest
2026-07-21,3016.01,10,Sensor Module,Northeast
2026-07-21,1808.35,42,Bearing Assembly,Northeast
2026-07-21,5537.61,29,Hydraulic Valve,Texas
2026-07-21,8736.82,29,Sensor Module,Midwest
2026-07-21,5104.5,28,Hydraulic Valve,Midwest
2026-07-22,7897.75,46,Hydraulic Valve,Texas
2026-07-22,832.42,20,Bearing Assembly,Southeast
2026-07-22,3052.37,33,Gear Set,Southeast
2026-07-22,9838.34,31,Sensor Module,Southeast
2026-07-22,3223.56,34,Gear Set,Northeast
2026-07-22,1560.53,39,Bearing Assembly,Midwest
2026-07-22,2518.64,26,Gear Set,Texas
2026-07-22,1821.73,43,Bearing Assembly,Northeast
2026-07-22,1768.64,43,Bearing Assembly,Midwest
2026-07-22,7467.08,40,Hydraulic Valve,Northeast
2026-07-22,1046.5,28,Bearing Assembly,Texas
2026-07-22,5561.31,31,Hydraulic Valve,Midwest
2026-07-22,8264.79,27,Sensor Module,Southeast
2026-07-22,1877.88,45,Bearing Assembly,Midwest
2026-07-22,1361.45,32,Bearing Assembly,Southeast
2026-07-22,8243.07,45,Hydraulic Valve,Midwest
2026-07-22,2238.27,23,Gear Set,Midwest
2026-07-23,2538.52,29,Gear Set,Texas
2026-07-23,12748.58,39,Sensor Module,Midwest
2026-07-23,1556.22,38,Bearing Assembly,Midwest
2026-07-23,3990.37,41,Gear Set,Southeast
2026-07-23,17562.19,58,Sensor Module,Midwest
2026-07-23,14176.1,48,Sensor Module,Southeast
2026-07-23,1448.4,34,Bearing Assembly,Northeast
2026-07-23,2848.39,30,Gear Set,Midwest
2026-07-23,8066.53,44,Hydraulic Valve,Southeast
2026-07-23,5547.44,29,Hydraulic Valve,Southeast
2026-07-23,6394.04,32,Hydraulic Valve,Southeast
2026-07-23,11272.19,35,Sensor Module,Southeast
2026-07-23,4702.62,50,Gear Set,Northeast
2026-07-23,3903.23,43,Gear Set,Southeast
2026-07-23,2418.92,25,Gear Set,Midwest
2026-07-23,8699.79,29,Sensor Module,Midwest
2026-07-23,9246.0,31,Sensor Module,Midwest
2026-07-23,1094.55,25,Bearing Assembly,Texas
2026-07-23,6408.94,35,Hydraulic Valve,Midwest
2026-07-23,3644.95,39,Gear Set,Northeast
2026-07-24,10734.74,36,Sensor Module,Midwest
2026-07-24,1682.38,41,Bearing Assembly,Midwest
2026-07-24,1624.24,38,Bearing Assembly,Midwest
2026-07-24,2730.88,29,Gear Set,Southeast
2026-07-24,1812.8,45,Bearing Assembly,Texas
2026-07-24,898.65,22,Bearing Assembly,Midwest
2026-07-24,7495.72,23,Sensor Module,Northeast
2026-07-24,8602.99,48,Hydraulic Valve,Texas
2026-07-24,1033.31,24,Bearing Assembly,Southeast
2026-07-24,1675.49,41,Bearing Assembly,Southeast
2026-07-24,8889.27,47,Hydraulic Valve,Texas
2026-07-24,2729.08,30,Gear Set,Northeast
2026-07-24,1706.21,41,Bearing Assembly,Northeast
2026-07-27,822.19,19,Bearing Assembly,Midwest
2026-07-27,1528.54,36,Bearing Assembly,Northeast
2026-07-27,1910.8,41,Bearing Assembly,Midwest
2026-07-27,967.33,22,Bearing Assembly,Midwest
2026-07-27,3060.63,33,Gear Set,Southeast
2026-07-27,1741.21,42,Bearing Assembly,Southeast
2026-07-27,1921.69,46,Bearing Assembly,Southeast
2026-07-27,2339.78,13,Hydraulic Valve,Northeast
2026-07-27,1724.6,39,Bearing Assembly,Midwest
2026-07-27,1227.43,30,Bearing Assembly,Northeast
2026-07-27,2851.05,31,Gear Set,Southeast
2026-07-27,2119.09,52,Bearing Assembly,Northeast
2026-07-27,1055.12,25,Bearing Assembly,Midwest
2026-07-27,3515.16,37,Gear Set,Northeast
2026-07-28,2570.47,26,Gear Set,Southeast
2026-07-28,2048.17,47,Bearing Assembly,Midwest
2026-07-28,2563.96,27,Gear Set,Northeast
2026-07-28,3677.57,38,Gear Set,Southeast
2026-07-28,6957.94,36,Hydraulic Valve,Midwest
2026-07-28,3866.52,38,Gear Set,Northeast
2026-07-28,2126.7,24,Gear Set,Texas
2026-07-28,10842.5,35,Sensor Module,Northeast
2026-07-28,1565.91,35,Bearing Assembly,Midwest
2026-07-28,3835.29,41,Gear Set,Midwest
2026-07-28,11902.84,38,Sensor Module,Northeast
2026-07-28,1216.32,29,Bearing Assembly,Midwest
2026-07-28,1237.89,29,Bearing Assembly,Northeast
2026-07-28,10853.03,35,Sensor Module,Northeast
2026-07-29,1936.59,44,Bearing Assembly,Texas
2026-07-29,827.96,21,Bearing Assembly,Southeast
2026-07-29,1037.06,23,Bearing Assembly,Texas
2026-07-29,2412.78,24,Gear Set,Midwest
2026-07-29,1372.3,33,Bearing Assembly,Texas
2026-07-29,7530.2,39,Hydraulic Valve,Texas
2026-07-29,3496.49,34,Gear Set,Northeast
2026-07-29,3701.23,36,Gear Set,Southeast
2026-07-29,1756.96,40,Bearing Assembly,Midwest
2026-07-29,3655.88,38,Gear Set,Texas
2026-07-29,3816.96,21,Hydraulic Valve,Midwest
2026-07-29,4354.66,45,Gear Set,Northeast
2026-07-29,4372.31,24,Hydraulic Valve,Texas
2026-07-29,1230.43,31,Bearing Assembly,Southeast
2026-07-29,1660.24,17,Gear Set,Midwest
2026-07-29,6480.97,36,Hydraulic Valve,Northeast
2026-07-29,12688.65,43,Sensor Module,Midwest
2026-07-30,7252.66,41,Hydraulic Valve,Texas
2026-07-30,1073.5,25,Bearing Assembly,Northeast
2026-07-30,1265.1,29,Bearing Assembly,Midwest
2026-07-30,8162.18,42,Hydraulic Valve,Midwest
2026-07-30,8655.76,28,Sensor Module,Southeast
2026-07-30,14475.02,46,Sensor Module,Texas
2026-07-30,3878.35,39,Gear Set,Midwest
2026-07-30,1760.37,42,Bearing Assembly,Texas
2026-07-30,3671.18,40,Gear Set,Texas
2026-07-30,3456.17,37,Gear Set,Texas
2026-07-30,3843.29,40,Gear Set,Midwest
2026-07-30,4050.24,42,Gear Set,Midwest
2026-07-30,3929.53,47,Gear Set,Northeast
2026-07-30,1587.74,38,Bearing Assembly,Northeast
2026-07-31,2230.16,52,Bearing Assembly,Midwest
2026-07-31,1516.24,36,Bearing Assembly,Texas
2026-07-31,3517.71,18,Hydraulic Valve,Northeast
2026-07-31,3555.64,39,Gear Set,Southeast
2026-07-31,1425.83,32,Bearing Assembly,Texas
2026-07-31,4886.36,24,Hydraulic Valve,Midwest
2026-07-31,8086.53,43,Hydraulic Valve,Texas
2026-07-31,5838.94,31,Hydraulic Valve,Texas
2026-07-31,3449.41,36,Gear Set,Midwest
2026-07-31,1413.8,34,Bearing Assembly,Midwest
2026-07-31,2915.76,31,Gear Set,Texas
2026-07-31,1848.05,47,Bearing Assembly,Southeast
2026-07-31,3760.75,40,Gear Set,Southeast
2026-07-31,1386.96,32,Bearing Assembly,Southeast
2026-07-31,3308.78,35,Gear Set,Southeast
2026-07-31,1060.46,24,Bearing Assembly,Northeast
2026-07-31,13645.28,41,Sensor Module,Northeast
2026-08-03,1325.21,33,Bearing Assembly,Southeast
2026-08-03,6972.44,39,Hydraulic Valve,Northeast
2026-08-03,6714.24,35,Hydraulic Valve,Southeast
2026-08-03,2380.97,24,Gear Set,Midwest
2026-08-03,8145.69,27,Sensor Module,Southeast
2026-08-03,2670.22,62,Bearing Assembly,Southeast
2026-08-03,9266.68,32,Sensor Module,Midwest
2026-08-03,4219.11,44,Gear Set,Southeast
2026-08-03,1457.61,33,Bearing Assembly,Midwest
2026-08-03,6906.35,35,Hydraulic Valve,Northeast
2026-08-03,7731.41,44,Hydraulic Valve,Texas
2026-08-03,3824.26,38,Gear Set,Midwest
2026-08-03,1544.93,36,Bearing Assembly,Northeast
2026-08-03,8502.07,48,Hydraulic Valve,Southeast
2026-08-03,12427.88,38,Sensor Module,Southeast
2026-08-03,1313.74,30,Bearing Assembly,Southeast
2026-08-04,1952.67,44,Bearing Assembly,Midwest
2026-08-04,7583.62,39,Hydraulic Valve,Midwest
2026-08-04,3448.33,36,Gear Set,Southeast
2026-08-04,1792.96,46,Bearing Assembly,Southeast
2026-08-04,1853.3,43,Bearing Assembly,Texas
2026-08-04,8548.45,43,Hydraulic Valve,Midwest
2026-08-04,1272.31,29,Bearing Assembly,Southeast
2026-08-04,2150.85,51,Bearing Assembly,Midwest
2026-08-04,4822.73,26,Hydraulic Valve,Southeast
2026-08-04,4350.89,14,Sensor Module,Texas
2026-08-04,13238.2,42,Sensor Module,Midwest
2026-08-04,6913.24,38,Hydraulic Valve,Southeast
2026-08-04,4196.02,44,Gear Set,Southeast
2026-08-04,12180.48,38,Sensor Module,Southeast
2026-08-04,6100.35,35,Hydraulic Valve,Southeast
2026-08-04,11723.7,37,Sensor Module,Southeast
2026-08-04,2852.0,31,Gear Set,Midwest
2026-08-04,9411.81,28,Sensor Module,Midwest
2026-08-04,995.79,23,Bearing Assembly,Midwest
2026-08-04,3560.97,36,Gear Set,Northeast
2026-08-04,4206.58,40,Gear Set,Midwest
2026-08-04,4133.39,42,Gear Set,Northeast
2026-08-04,6229.42,19,Sensor Module,Texas
2026-08-04,3744.88,39,Gear Set,Midwest
2026-08-05,1371.92,33,Bearing Assembly,Southeast
2026-08-05,6267.37,33,Hydraulic Valve,Northeast
2026-08-05,10023.01,33,Sensor Module,Midwest
2026-08-05,5425.84,29,Hydraulic Valve,Northeast
2026-08-05,2017.5,21,Gear Set,Texas
2026-08-05,3799.5,39,Gear Set,Midwest
2026-08-05,11422.82,39,Sensor Module,Southeast
2026-08-05,7249.34,39,Hydraulic Valve,Southeast
2026-08-05,8407.05,46,Hydraulic Valve,Northeast
2026-08-05,2725.73,27,Gear Set,Southeast
2026-08-05,3413.93,36,Gear Set,Southeast
2026-08-05,4098.35,41,Gear Set,Midwest
2026-08-05,6053.29,34,Hydraulic Valve,Texas
2026-08-05,1702.11,40,Bearing Assembly,Midwest
2026-08-05,1154.18,28,Bearing Assembly,Midwest
2026-08-05,10602.49,33,Sensor Module,Midwest
2026-08-05,1246.95,30,Bearing Assembly,Texas
2026-08-05,2168.99,52,Bearing Assembly,Midwest
2026-08-05,2021.38,51,Bearing Assembly,Midwest
2026-08-05,1658.48,41,Bearing Assembly,Midwest
2026-08-05,3878.06,37,Gear Set,Northeast
2026-08-06,4730.98,25,Hydraulic Valve,Midwest
2026-08-06,14527.19,45,Sensor Module,Southeast
2026-08-06,1354.43,32,Bearing Assembly,Northeast
2026-08-06,6498.31,34,Hydraulic Valve,Southeast
2026-08-06,6337.77,36,Hydraulic Valve,Midwest
2026-08-06,2817.32,30,Gear Set,Southeast
2026-08-06,2917.69,32,Gear Set,Southeast
2026-08-06,5171.98,27,Hydraulic Valve,Southeast
2026-08-06,1177.91,30,Bearing Assembly,Texas
2026-08-06,1316.56,30,Bearing Assembly,Northeast
2026-08-06,3896.53,41,Gear Set,Texas
2026-08-06,3192.04,34,Gear Set,Southeast
2026-08-06,2151.11,52,Bearing Assembly,Northeast
2026-08-07,7175.32,36,Hydraulic Valve,Midwest
2026-08-07,4922.95,27,Hydraulic Valve,Northeast
2026-08-07,4043.06,22,Hydraulic Valve,Texas
2026-08-07,5684.03,31,Hydraulic Valve,Southeast
2026-08-07,7065.61,37,Hydraulic Valve,Texas
2026-08-07,8270.09,44,Hydraulic Valve,Midwest
2026-08-07,6547.61,36,Hydraulic Valve,Texas
2026-08-07,1624.24,37,Bearing Assembly,Midwest
2026-08-07,3177.3,35,Gear Set,Texas
2026-08-07,10205.66,33,Sensor Module,Midwest
2026-08-07,6215.52,34,Hydraulic Valve,Northeast
2026-08-07,3490.45,37,Gear Set,Texas
2026-08-07,2302.26,25,Gear Set,Southeast
2026-08-07,1723.54,43,Bearing Assembly,Texas
2026-08-07,1796.98,19,Gear Set,Southeast
2026-08-07,1464.72,37,Bearing Assembly,Southeast
2026-08-07,7802.35,44,Hydraulic Valve,Midwest
2026-08-07,12867.08,39,Sensor Module,Midwest
2026-08-07,2258.78,51,Bearing Assembly,Midwest
2026-08-07,3533.41,40,Gear Set,Texas
2026-08-10,2769.64,30,Gear Set,Midwest
2026-08-10,4594.69,25,Hydraulic Valve,Texas
2026-08-10,1134.2,29,Bearing Assembly,Southeast
2026-08-10,11569.74,37,Sensor Module,Midwest
2026-08-10,1461.21,34,Bearing Assembly,Southeast
2026-08-10,2177.19,21,Gear Set,Southeast
2026-08-10,10254.86,33,Sensor Module,Southeast
2026-08-10,3955.71,44,Gear Set,Northeast
2026-08-10,3973.87,42,Gear Set,Northeast
2026-08-10,1119.72,27,Bearing Assembly,Texas
2026-08-10,2644.48,28,Gear Set,Southeast
2026-08-10,4103.81,45,Gear Set,Texas
2026-08-10,9437.95,30,Sensor Module,Texas
2026-08-10,3427.37,35,Gear Set,Southeast
2026-08-11,1648.55,39,Bearing Assembly,Midwest
2026-08-11,749.37,18,Bearing Assembly,Northeast
2026-08-11,3704.08,38,Gear Set,Texas
2026-08-11,5350.12,28,Hydraulic Valve,Northeast
2026-08-11,2295.27,24,Gear Set,Texas
2026-08-11,4954.98,26,Hydraulic Valve,Midwest
2026-08-11,1473.65,39,Bearing Assembly,Southeast
2026-08-11,4221.6,45,Gear Set,Midwest
2026-08-11,1272.38,31,Bearing Assembly,Midwest
2026-08-11,6917.41,38,Hydraulic Valve,Midwest
2026-08-11,2175.26,51,Bearing Assembly,Northeast
2026-08-11,3819.76,39,Gear Set,Midwest
2026-08-11,7826.04,42,Hydraulic Valve,Northeast
2026-08-11,2683.78,28,Gear Set,Midwest
2026-08-11,1633.82,41,Bearing Assembly,Midwest
2026-08-11,11015.03,37,Sensor Module,Southeast
2026-08-11,1588.29,38,Bearing Assembly,Midwest
2026-08-11,1475.05,35,Bearing Assembly,Southeast
2026-08-12,1622.72,36,Bearing Assembly,Southeast
2026-08-12,4776.13,25,Hydraulic Valve,Midwest
2026-08-12,1981.52,47,Bearing Assembly,Southeast
2026-08-12,1804.68,43,Bearing Assembly,Southeast
2026-08-12,1744.64,41,Bearing Assembly,Midwest
2026-08-12,698.44,16,Bearing Assembly,Southeast
2026-08-12,3535.28,36,Gear Set,Northeast
2026-08-12,2431.76,27,Gear Set,Southeast
2026-08-12,3085.6,34,Gear Set,Midwest
2026-08-12,4765.96,51,Gear Set,Northeast
2026-08-13,3455.22,36,Gear Set,Midwest
2026-08-13,7456.7,25,Sensor Module,Midwest
2026-08-13,8167.93,25,Sensor Module,Southeast
2026-08-13,2724.27,28,Gear Set,Midwest
2026-08-13,6499.04,34,Hydraulic Valve,Midwest
2026-08-13,4998.25,25,Hydraulic Valve,Midwest
2026-08-13,10271.15,35,Sensor Module,Midwest
2026-08-13,6165.25,32,Hydraulic Valve,Midwest
2026-08-13,6363.23,37,Hydraulic Valve,Southeast
2026-08-13,1068.99,24,Bearing Assembly,Midwest
2026-08-13,1247.77,28,Bearing Assembly,Northeast
2026-08-13,3505.97,34,Gear Set,Northeast
2026-08-13,5725.49,33,Hydraulic Valve,Midwest
2026-08-13,4334.07,23,Hydraulic Valve,Texas
2026-08-13,3047.36,31,Gear Set,Southeast
2026-08-13,4974.18,29,Hydraulic Valve,Midwest
2026-08-13,972.21,23,Bearing Assembly,Midwest
2026-08-13,3501.6,36,Gear Set,Northeast
2026-08-13,3262.93,39,Gear Set,Midwest
2026-08-13,9200.4,30,Sensor Module,Midwest
2026-08-13,2926.06,30,Gear Set,Northeast
2026-08-13,4113.5,47,Gear Set,Midwest
2026-08-13,11871.32,36,Sensor Module,Southeast
2026-08-14,1366.0,14,Gear Set,Midwest
2026-08-14,15210.15,50,Sensor Module,Midwest
2026-08-14,16397.46,51,Sensor Module,Southeast
2026-08-14,11857.26,39,Sensor Module,Midwest
2026-08-14,3510.29,38,Gear Set,Southeast
2026-08-14,2811.75,30,Gear Set,Northeast
2026-08-14,9488.74,30,Sensor Module,Midwest
2026-08-14,1203.47,30,Bearing Assembly,Southeast
2026-08-14,1469.98,35,Bearing Assembly,Northeast
2026-08-14,1244.76,31,Bearing Assembly,Midwest
2026-08-14,2806.4,28,Gear Set,Midwest
2026-08-14,3420.5,35,Gear Set,Northeast
2026-08-14,8078.54,40,Hydraulic Valve,Southeast
2026-08-17,2925.02,31,Gear Set,Southeast
2026-08-17,1335.44,31,Bearing Assembly,Midwest
2026-08-17,3813.22,38,Gear Set,Texas
2026-08-17,4766.29,26,Hydraulic Valve,Midwest
2026-08-17,4098.48,23,Hydraulic Valve,Midwest
2026-08-17,8575.59,46,Hydraulic Valve,Southeast
2026-08-17,7003.63,39,Hydraulic Valve,Northeast
2026-08-17,1428.37,35,Bearing Assembly,Midwest
2026-08-17,11434.11,39,Sensor Module,Southeast
2026-08-17,8969.0,27,Sensor Module,Midwest
2026-08-17,12864.43,42,Sensor Module,Northeast
2026-08-17,1202.28,28,Bearing Assembly,Midwest
2026-08-17,1075.01,25,Bearing Assembly,Southeast
2026-08-17,3155.28,35,Gear Set,Midwest
2026-08-17,5619.27,32,Hydraulic Valve,Southeast
2026-08-17,9227.5,30,Sensor Module,Texas
2026-08-17,1693.35,41,Bearing Assembly,Northeast
2026-08-17,4529.29,49,Gear Set,Midwest
2026-08-18,2822.15,29,Gear Set,Texas
2026-08-18,1366.22,32,Bearing Assembly,Midwest
2026-08-18,3315.27,37,Gear Set,Texas
2026-08-18,1438.03,36,Bearing Assembly,Southeast
2026-08-18,12337.6,40,Sensor Module,Midwest
2026-08-18,1273.87,29,Bearing Assembly,Southeast
2026-08-18,1596.95,38,Bearing Assembly,Texas
2026-08-18,3332.75,35,Gear Set,Southeast
2026-08-18,1324.99,32,Bearing Assembly,Southeast
2026-08-18,12567.52,39,Sensor Module,Texas
2026-08-18,2019.64,50,Bearing Assembly,Texas
2026-08-18,3559.07,37,Gear Set,Southeast
2026-08-18,7016.64,23,Sensor Module,Southeast
2026-08-18,3650.23,38,Gear Set,Midwest
2026-08-19,7048.86,38,Hydraulic Valve,Texas
2026-08-19,3512.16,35,Gear Set,Northeast
2026-08-19,1085.06,24,Bearing Assembly,Southeast
2026-08-19,5558.96,31,Hydraulic Valve,Midwest
2026-08-19,663.12,16,Bearing Assembly,Northeast
2026-08-19,9844.48,33,Sensor Module,Texas
2026-08-19,2135.86,23,Gear Set,Northeast
2026-08-19,2484.96,56,Bearing Assembly,Texas
2026-08-19,2150.37,53,Bearing Assembly,Southeast
2026-08-19,3695.73,39,Gear Set,Northeast
2026-08-19,7983.76,26,Sensor Module,Northeast
2026-08-19,3121.78,33,Gear Set,Midwest
2026-08-19,1521.42,36,Bearing Assembly,Texas
2026-08-20,12087.34,37,Sensor Module,Southeast
2026-08-20,8053.76,41,Hydraulic Valve,Midwest
2026-08-20,2273.57,53,Bearing Assembly,Midwest
2026-08-20,5062.38,16,Sensor Module,Texas
2026-08-20,3922.49,41,Gear Set,Midwest
2026-08-20,1812.2,45,Bearing Assembly,Northeast
2026-08-20,1359.6,32,Bearing Assembly,Northeast
2026-08-20,2090.74,49,Bearing Assembly,Midwest
2026-08-20,2271.32,24,Gear Set,Northeast
2026-08-20,907.84,21,Bearing Assembly,Northeast
2026-08-20,9423.23,48,Hydraulic Valve,Southeast
2026-08-20,7941.17,41,Hydraulic Valve,Texas
2026-08-20,5251.86,57,Gear Set,Midwest
2026-08-20,1343.77,33,Bearing Assembly,Southeast
2026-08-20,881.82,21,Bearing Assembly,Midwest
2026-08-21,6519.99,32,Hydraulic Valve,Southeast
2026-08-21,4414.32,25,Hydraulic Valve,Midwest
2026-08-21,1124.05,29,Bearing Assembly,Northeast
2026-08-21,4006.08,42,Gear Set,Texas
2026-08-21,1505.02,36,Bearing Assembly,Texas
2026-08-21,3506.27,39,Gear Set,Southeast
2026-08-21,989.76,25,Bearing Assembly,Midwest
2026-08-21,13651.25,43,Sensor Module,Southeast
2026-08-21,12208.94,41,Sensor Module,Midwest
2026-08-21,12325.94,39,Sensor Module,Northeast
2026-08-21,6919.29,23,Sensor Module,Northeast
2026-08-21,2812.83,29,Gear Set,Texas
2026-08-21,4762.11,27,Hydraulic Valve,Southeast
2026-08-21,879.22,22,Bearing Assembly,Northeast
2026-08-24,3525.0,37,Gear Set,Southeast
2026-08-24,1740.69,40,Bearing Assembly,Northeast
2026-08-24,1573.66,38,Bearing Assembly,Southeast
2026-08-24,3413.56,37,Gear Set,Midwest
2026-08-24,3034.09,33,Gear Set,Midwest
2026-08-24,10842.73,36,Sensor Module,Midwest
2026-08-24,10423.62,34,Sensor Module,Northeast
2026-08-24,7689.63,41,Hydraulic Valve,Texas
2026-08-24,2861.75,30,Gear Set,Texas
2026-08-24,5274.3,27,Hydraulic Valve,Midwest
2026-08-24,11075.96,36,Sensor Module,Northeast
2026-08-24,3831.15,38,Gear Set,Northeast
2026-08-24,10853.42,35,Sensor Module,Southeast
2026-08-24,10866.76,34,Sensor Module,Southeast
2026-08-24,1496.3,36,Bearing Assembly,Northeast
2026-08-24,2072.99,22,Gear Set,Southeast
2026-08-24,2957.08,32,Gear Set,Texas
2026-08-24,1342.93,32,Bearing Assembly,Northeast
2026-08-24,11177.14,36,Sensor Module,Midwest
2026-08-24,10931.15,35,Sensor Module,Midwest
2026-08-24,4806.52,27,Hydraulic Valve,Midwest
2026-08-25,2734.22,31,Gear Set,Texas
2026-08-25,1632.87,39,Bearing Assembly,Texas
2026-08-25,3405.88,35,Gear Set,Southeast
2026-08-25,1656.36,39,Bearing Assembly,Midwest
2026-08-25,6291.57,33,Hydraulic Valve,Southeast
2026-08-25,2678.69,28,Gear Set,Northeast
2026-08-25,10095.79,31,Sensor Module,Northeast
2026-08-25,1216.46,30,Bearing Assembly,Northeast
2026-08-25,3326.63,36,Gear Set,Midwest
2026-08-25,1107.13,27,Bearing Assembly,Midwest
2026-08-25,3101.24,32,Gear Set,Southeast
2026-08-25,9089.01,50,Hydraulic Valve,Midwest
2026-08-25,764.73,19,Bearing Assembly,Midwest
2026-08-25,2329.94,24,Gear Set,Southeast
2026-08-25,1728.97,41,Bearing Assembly,Midwest
2026-08-25,1784.9,43,Bearing Assembly,Southeast
2026-08-25,1253.29,28,Bearing Assembly,Southeast
2026-08-26,1519.65,38,Bearing Assembly,Northeast
2026-08-26,9910.27,33,Sensor Module,Midwest
2026-08-26,10697.05,36,Sensor Module,Midwest
2026-08-26,1318.66,30,Bearing Assembly,Southeast
2026-08-26,1437.06,35,Bearing Assembly,Northeast
2026-08-26,9274.24,30,Sensor Module,Texas
2026-08-26,1354.28,32,Bearing Assembly,Midwest
2026-08-26,1323.31,32,Bearing Assembly,Southeast
2026-08-26,2985.21,32,Gear Set,Texas
2026-08-26,7954.28,43,Hydraulic Valve,Midwest
2026-08-26,4648.71,49,Gear Set,Northeast
2026-08-26,1233.21,29,Bearing Assembly,Midwest
2026-08-26,5550.4,30,Hydraulic Valve,Southeast
2026-08-26,641.99,15,Bearing Assembly,Texas
2026-08-26,1348.81,31,Bearing Assembly,Northeast
2026-08-26,4052.84,22,Hydraulic Valve,Midwest
2026-08-26,3768.45,41,Gear Set,Midwest
2026-08-26,1659.91,40,Bearing Assembly,Midwest
2026-08-27,4093.58,43,Gear Set,Midwest
2026-08-27,3297.92,35,Gear Set,Southeast
2026-08-27,9982.58,31,Sensor Module,Texas
2026-08-27,1533.24,38,Bearing Assembly,Midwest
2026-08-27,3193.71,32,Gear Set,Northeast
2026-08-27,2928.07,32,Gear Set,Midwest
2026-08-27,7590.14,41,Hydraulic Valve,Southeast
2026-08-27,957.73,23,Bearing Assembly,Southeast
2026-08-27,7286.78,39,Hydraulic Valve,Southeast
2026-08-27,4214.19,45,Gear Set,Southeast
2026-08-27,10711.47,36,Sensor Module,Midwest
2026-08-27,1335.32,31,Bearing Assembly,Midwest
2026-08-27,1327.42,30,Bearing Assembly,Texas
2026-08-27,3942.67,45,Gear Set,Northeast
2026-08-27,2198.6,50,Bearing Assembly,Texas
2026-08-28,553.8,14,Bearing Assembly,Southeast
2026-08-28,3636.78,38,Gear Set,Midwest
2026-08-28,4379.39,25,Hydraulic Valve,Midwest
2026-08-28,11068.3,36,Sensor Module,Midwest
2026-08-28,4055.63,43,Gear Set,Midwest
2026-08-28,3566.64,37,Gear Set,Southeast
2026-08-28,2074.96,51,Bearing Assembly,Midwest
2026-08-28,1824.1,40,Bearing Assembly,Midwest
2026-08-28,6433.69,35,Hydraulic Valve,Southeast
2026-08-28,1831.38,43,Bearing Assembly,Southeast
2026-08-28,6637.36,36,Hydraulic Valve,Midwest
2026-08-28,3505.0,37,Gear Set,Texas
2026-08-28,1293.15,30,Bearing Assembly,Northeast
2026-08-28,7186.16,36,Hydraulic Valve,Texas
2026-08-28,8316.96,45,Hydraulic Valve,Southeast
2026-08-31,10937.19,37,Sensor Module,Texas
2026-08-31,7003.56,39,Hydraulic Valve,Southeast
2026-08-31,12015.62,38,Sensor Module,Midwest
2026-08-31,1609.07,36,Bearing Assembly,Midwest
2026-08-31,2760.51,28,Gear Set,Midwest
2026-08-31,936.81,22,Bearing Assembly,Midwest
2026-08-31,3151.93,33,Gear Set,Midwest
2026-08-31,2724.18,29,Gear Set,Texas
2026-08-31,2743.78,29,Gear Set,Midwest
2026-08-31,3829.0,44,Gear Set,Midwest
2026-08-31,2343.02,27,Gear Set,Midwest
2026-08-31,5689.09,29,Hydraulic Valve,Midwest
2026-08-31,9871.65,50,Hydraulic Valve,Southeast
