Order Date,Store Location,SKU,Quantity,Sales Amount
2026-03-05,Fort Collins,Burr Grinder,1,134.6
2026-03-05,Boulder,Paper Filters,3,17.81
2026-03-05,Denver,Whole Bean 1kg,3,76.66
2026-03-05,Denver,Burr Grinder,1,125.62
2026-03-05,Denver,Whole Bean 1kg,1,24.14
2026-03-05,Denver,Espresso Machine,2,684.55
2026-03-05,Boulder,Paper Filters,2,11.68
2026-03-05,Boulder,Whole Bean 1kg,1,24.86
2026-03-05,Denver,Paper Filters,3,17.89
2026-03-05,Denver,Burr Grinder,2,260.89
2026-03-05,Fort Collins,Gooseneck Kettle,3,184.98
2026-03-05,Boulder,Whole Bean 1kg,3,76.52
2026-03-05,Boulder,Paper Filters,2,12.2
2026-03-05,Boulder,Paper Filters,1,6.09
2026-03-05,Denver,Whole Bean 1kg,3,69.71
2026-03-05,Boulder,Burr Grinder,1,125.67
2026-03-05,Boulder,Paper Filters,1,6.03
2026-03-05,Boulder,Burr Grinder,3,395.59
2026-03-05,Fort Collins,Paper Filters,1,6.08
2026-03-05,Denver,Whole Bean 1kg,2,48.83
2026-03-05,Boulder,Paper Filters,1,6.26
2026-03-05,Denver,Whole Bean 1kg,2,46.99
2026-03-05,Denver,Burr Grinder,3,389.71
2026-03-05,Fort Collins,Paper Filters,3,17.3
2026-03-05,Denver,Espresso Machine,1,348.98
2026-03-05,Boulder,Whole Bean 1kg,2,47.02
2026-03-05,Boulder,Whole Bean 1kg,2,50.25
2026-03-05,Denver,Paper Filters,4,24.02
2026-03-05,Boulder,Whole Bean 1kg,2,47.11
2026-03-05,Denver,Paper Filters,1,5.82
2026-03-05,Boulder,Whole Bean 1kg,2,47.45
2026-03-05,Denver,Espresso Machine,2,668.65
2026-03-05,Boulder,Whole Bean 1kg,1,23.47
2026-03-05,Denver,Whole Bean 1kg,1,24.13
2026-03-05,Denver,Paper Filters,1,6.21
2026-03-06,Boulder,Espresso Machine,2,732.62
2026-03-06,Denver,Burr Grinder,4,500.61
2026-03-06,Boulder,Burr Grinder,1,132.06
2026-03-06,Fort Collins,Paper Filters,2,11.94
2026-03-06,Denver,Burr Grinder,1,125.3
2026-03-06,Denver,Burr Grinder,1,133.41
2026-03-06,Boulder,Espresso Machine,2,702.26
2026-03-06,Denver,Burr Grinder,2,263.58
2026-03-06,Denver,Whole Bean 1kg,1,23.5
2026-03-06,Boulder,Paper Filters,2,11.88
2026-03-06,Fort Collins,Paper Filters,1,6.1
2026-03-06,Denver,Whole Bean 1kg,2,47.62
2026-03-06,Denver,Paper Filters,2,11.66
2026-03-06,Boulder,Whole Bean 1kg,1,23.95
2026-03-06,Boulder,Whole Bean 1kg,1,24.23
2026-03-06,Denver,Whole Bean 1kg,2,48.45
2026-03-06,Denver,Whole Bean 1kg,1,23.75
2026-03-06,Denver,Espresso Machine,1,340.21
2026-03-06,Denver,Paper Filters,3,17.79
2026-03-06,Denver,Paper Filters,1,6.0
2026-03-06,Denver,Paper Filters,3,18.34
2026-03-06,Boulder,Burr Grinder,1,124.88
2026-03-06,Denver,Espresso Machine,2,676.96
2026-03-06,Denver,Espresso Machine,3,1044.18
2026-03-06,Boulder,Paper Filters,1,5.93
2026-03-06,Denver,Burr Grinder,1,128.39
2026-03-06,Boulder,Whole Bean 1kg,1,23.16
2026-03-06,Boulder,Paper Filters,2,12.0
2026-03-06,Fort Collins,Whole Bean 1kg,2,47.49
2026-03-06,Denver,Whole Bean 1kg,3,70.71
2026-03-06,Boulder,Whole Bean 1kg,2,47.59
2026-03-06,Fort Collins,Paper Filters,1,5.71
2026-03-06,Denver,Paper Filters,4,24.31
2026-03-06,Denver,Paper Filters,1,5.91
2026-03-06,Boulder,Whole Bean 1kg,1,24.56
2026-03-06,Denver,Whole Bean 1kg,2,49.48
2026-03-06,Boulder,Paper Filters,2,11.7
2026-03-06,Fort Collins,Burr Grinder,1,129.04
2026-03-06,Boulder,Burr Grinder,1,126.04
2026-03-06,Fort Collins,Paper Filters,1,5.7
2026-03-06,Fort Collins,Espresso Machine,1,349.5
2026-03-06,Denver,Whole Bean 1kg,1,23.43
2026-03-06,Denver,Espresso Machine,2,688.51
2026-03-07,Denver,Paper Filters,1,6.14
2026-03-07,Boulder,Whole Bean 1kg,1,23.95
2026-03-07,Fort Collins,Whole Bean 1kg,2,48.87
2026-03-07,Denver,Whole Bean 1kg,1,23.41
2026-03-07,Denver,Whole Bean 1kg,1,24.98
2026-03-07,Denver,Paper Filters,1,6.24
2026-03-07,Boulder,Whole Bean 1kg,3,75.76
2026-03-07,Denver,Whole Bean 1kg,1,23.45
2026-03-07,Boulder,Burr Grinder,3,399.17
2026-03-07,Fort Collins,Paper Filters,1,6.16
2026-03-07,Boulder,Whole Bean 1kg,3,74.33
2026-03-07,Fort Collins,Paper Filters,1,6.0
2026-03-07,Denver,Burr Grinder,2,246.57
2026-03-07,Denver,Burr Grinder,1,132.97
2026-03-07,Boulder,Gooseneck Kettle,1,57.37
2026-03-07,Denver,Whole Bean 1kg,1,24.49
2026-03-07,Fort Collins,Espresso Machine,2,715.33
2026-03-07,Denver,Espresso Machine,3,1075.42
2026-03-07,Boulder,Gooseneck Kettle,1,60.01
2026-03-07,Fort Collins,Burr Grinder,1,129.58
2026-03-07,Fort Collins,Whole Bean 1kg,3,71.13
2026-03-07,Denver,Whole Bean 1kg,2,46.97
2026-03-07,Denver,Whole Bean 1kg,2,48.22
2026-03-07,Denver,Espresso Machine,1,351.04
2026-03-07,Denver,Espresso Machine,1,351.49
2026-03-07,Fort Collins,Whole Bean 1kg,2,50.3
2026-03-07,Boulder,Whole Bean 1kg,3,72.23
2026-03-07,Denver,Paper Filters,2,12.1
2026-03-07,Boulder,Whole Bean 1kg,2,47.98
2026-03-07,Boulder,Paper Filters,1,6.17
2026-03-07,Boulder,Whole Bean 1kg,2,47.0
2026-03-07,Denver,Paper Filters,2,12.07
2026-03-07,Boulder,Burr Grinder,1,127.53
2026-03-07,Denver,Whole Bean 1kg,1,22.82
2026-03-07,Fort Collins,Paper Filters,1,5.8
2026-03-07,Boulder,Whole Bean 1kg,1,23.29
2026-03-07,Boulder,Burr Grinder,2,253.01
2026-03-07,Denver,Espresso Machine,2,703.63
2026-03-07,Boulder,Whole Bean 1kg,2,49.12
2026-03-07,Boulder,Whole Bean 1kg,3,71.37
2026-03-07,Fort Collins,Paper Filters,1,5.92
2026-03-07,Boulder,Paper Filters,2,12.56
2026-03-07,Boulder,Burr Grinder,3,383.26
2026-03-07,Denver,Paper Filters,2,11.69
2026-03-07,Boulder,Paper Filters,1,5.97
2026-03-07,Denver,Burr Grinder,2,252.25
2026-03-07,Boulder,Whole Bean 1kg,2,48.06
2026-03-07,Boulder,Paper Filters,2,11.6
2026-03-07,Denver,Whole Bean 1kg,1,24.08
2026-03-07,Boulder,Paper Filters,2,12.22
2026-03-07,Boulder,Espresso Machine,1,351.47
2026-03-07,Boulder,Gooseneck Kettle,3,181.28
2026-03-07,Boulder,Paper Filters,1,6.13
2026-03-07,Boulder,Whole Bean 1kg,2,50.26
2026-03-07,Denver,Whole Bean 1kg,1,23.85
2026-03-07,Boulder,Whole Bean 1kg,1,23.77
2026-03-07,Denver,Whole Bean 1kg,1,23.62
2026-03-07,Denver,Gooseneck Kettle,3,179.38
2026-03-08,Denver,Whole Bean 1kg,1,23.53
2026-03-08,Fort Collins,Gooseneck Kettle,1,58.47
2026-03-08,Boulder,Gooseneck Kettle,2,122.77
2026-03-08,Fort Collins,Burr Grinder,3,389.94
2026-03-08,Fort Collins,Whole Bean 1kg,1,25.61
2026-03-08,Denver,Gooseneck Kettle,2,123.17
2026-03-08,Denver,Paper Filters,2,12.18
2026-03-08,Denver,Burr Grinder,2,263.49
2026-03-08,Boulder,Whole Bean 1kg,1,23.14
2026-03-08,Boulder,Gooseneck Kettle,1,60.63
2026-03-08,Denver,Burr Grinder,2,250.33
2026-03-08,Denver,Whole Bean 1kg,1,22.85
2026-03-08,Boulder,Burr Grinder,2,243.67
2026-03-08,Boulder,Gooseneck Kettle,2,119.41
2026-03-08,Boulder,Burr Grinder,2,258.33
2026-03-08,Fort Collins,Espresso Machine,1,357.73
2026-03-08,Fort Collins,Paper Filters,1,5.82
2026-03-08,Denver,Whole Bean 1kg,2,48.02
2026-03-08,Denver,Whole Bean 1kg,2,46.47
2026-03-08,Boulder,Burr Grinder,2,257.37
2026-03-08,Denver,Whole Bean 1kg,2,48.54
2026-03-08,Boulder,Whole Bean 1kg,2,46.67
2026-03-08,Denver,Espresso Machine,2,731.96
2026-03-08,Denver,Paper Filters,1,5.75
2026-03-08,Denver,Burr Grinder,1,127.98
2026-03-08,Denver,Espresso Machine,1,369.41
2026-03-08,Denver,Whole Bean 1kg,3,72.1
2026-03-08,Boulder,Paper Filters,1,5.88
2026-03-08,Boulder,Paper Filters,3,18.67
2026-03-08,Boulder,Paper Filters,2,12.19
2026-03-08,Boulder,Paper Filters,1,5.87
2026-03-08,Fort Collins,Whole Bean 1kg,2,51.27
2026-03-08,Denver,Burr Grinder,2,257.55
2026-03-08,Fort Collins,Whole Bean 1kg,2,50.96
2026-03-08,Boulder,Paper Filters,1,5.77
2026-03-08,Denver,Espresso Machine,2,721.18
2026-03-08,Denver,Whole Bean 1kg,1,23.5
2026-03-08,Boulder,Whole Bean 1kg,2,49.23
2026-03-08,Fort Collins,Espresso Machine,2,672.23
2026-03-08,Fort Collins,Paper Filters,2,11.79
2026-03-08,Denver,Paper Filters,2,11.51
2026-03-08,Fort Collins,Whole Bean 1kg,2,47.62
2026-03-08,Boulder,Espresso Machine,2,659.84
2026-03-08,Denver,Whole Bean 1kg,1,24.01
2026-03-08,Boulder,Paper Filters,1,5.83
2026-03-08,Denver,Whole Bean 1kg,2,47.69
2026-03-08,Boulder,Gooseneck Kettle,3,170.55
2026-03-08,Boulder,Paper Filters,1,6.03
2026-03-08,Fort Collins,Paper Filters,2,12.1
2026-03-08,Denver,Paper Filters,2,12.42
2026-03-08,Denver,Whole Bean 1kg,1,23.57
2026-03-08,Denver,Gooseneck Kettle,2,125.24
2026-03-08,Boulder,Paper Filters,1,5.53
2026-03-08,Boulder,Whole Bean 1kg,2,48.88
2026-03-08,Boulder,Whole Bean 1kg,1,25.26
2026-03-08,Denver,Burr Grinder,1,135.63
2026-03-08,Denver,Burr Grinder,2,255.81
2026-03-08,Boulder,Gooseneck Kettle,2,118.64
2026-03-08,Denver,Paper Filters,2,11.86
2026-03-08,Denver,Gooseneck Kettle,1,57.07
2026-03-08,Denver,Whole Bean 1kg,1,24.07
2026-03-08,Denver,Gooseneck Kettle,2,119.59
2026-03-08,Fort Collins,Whole Bean 1kg,2,45.88
2026-03-08,Boulder,Paper Filters,2,11.67
2026-03-09,Fort Collins,Burr Grinder,1,129.04
2026-03-09,Fort Collins,Gooseneck Kettle,1,60.29
2026-03-09,Denver,Gooseneck Kettle,2,119.59
2026-03-09,Fort Collins,Burr Grinder,2,266.15
2026-03-09,Boulder,Whole Bean 1kg,1,24.93
2026-03-09,Boulder,Whole Bean 1kg,1,24.75
2026-03-09,Denver,Paper Filters,2,11.93
2026-03-09,Boulder,Whole Bean 1kg,2,50.2
2026-03-09,Denver,Whole Bean 1kg,2,48.3
2026-03-09,Fort Collins,Paper Filters,2,12.08
2026-03-09,Boulder,Whole Bean 1kg,1,24.06
2026-03-09,Boulder,Espresso Machine,1,343.15
2026-03-09,Denver,Whole Bean 1kg,2,51.1
2026-03-09,Boulder,Paper Filters,1,5.94
2026-03-09,Denver,Gooseneck Kettle,2,120.89
2026-03-09,Boulder,Whole Bean 1kg,2,48.82
2026-03-09,Boulder,Whole Bean 1kg,2,50.61
2026-03-09,Denver,Paper Filters,1,6.05
2026-03-09,Denver,Espresso Machine,1,340.5
2026-03-09,Denver,Espresso Machine,1,345.72
2026-03-09,Denver,Whole Bean 1kg,1,23.27
2026-03-09,Denver,Whole Bean 1kg,3,72.08
2026-03-09,Boulder,Paper Filters,2,12.52
2026-03-09,Boulder,Gooseneck Kettle,1,61.41
2026-03-09,Denver,Gooseneck Kettle,2,123.48
2026-03-09,Denver,Burr Grinder,2,257.5
2026-03-10,Denver,Paper Filters,2,12.17
2026-03-10,Boulder,Burr Grinder,2,253.11
2026-03-10,Denver,Espresso Machine,2,703.39
2026-03-10,Denver,Whole Bean 1kg,1,24.81
2026-03-10,Denver,Paper Filters,2,12.22
2026-03-10,Fort Collins,Paper Filters,3,18.62
2026-03-10,Denver,Paper Filters,2,12.03
2026-03-10,Denver,Whole Bean 1kg,2,47.35
2026-03-10,Denver,Whole Bean 1kg,2,50.0
2026-03-10,Boulder,Paper Filters,2,11.6
2026-03-10,Denver,Gooseneck Kettle,1,59.76
2026-03-10,Denver,Espresso Machine,1,339.96
2026-03-10,Boulder,Whole Bean 1kg,2,47.58
2026-03-10,Denver,Paper Filters,1,6.01
2026-03-10,Denver,Whole Bean 1kg,2,47.64
2026-03-10,Boulder,Gooseneck Kettle,1,59.53
2026-03-10,Boulder,Paper Filters,1,5.95
2026-03-10,Boulder,Espresso Machine,1,351.4
2026-03-10,Denver,Whole Bean 1kg,4,94.05
2026-03-10,Boulder,Burr Grinder,3,383.57
2026-03-10,Boulder,Whole Bean 1kg,1,23.92
2026-03-10,Denver,Whole Bean 1kg,2,47.85
2026-03-10,Boulder,Whole Bean 1kg,2,48.51
2026-03-10,Denver,Gooseneck Kettle,2,123.35
2026-03-10,Boulder,Whole Bean 1kg,1,23.26
2026-03-10,Denver,Whole Bean 1kg,2,48.62
2026-03-10,Denver,Whole Bean 1kg,2,47.8
2026-03-10,Denver,Whole Bean 1kg,2,46.71
2026-03-11,Boulder,Whole Bean 1kg,3,71.97
2026-03-11,Boulder,Burr Grinder,2,252.69
2026-03-11,Fort Collins,Whole Bean 1kg,2,47.55
2026-03-11,Fort Collins,Whole Bean 1kg,2,47.65
2026-03-11,Boulder,Paper Filters,2,12.11
2026-03-11,Denver,Espresso Machine,3,1027.81
2026-03-11,Boulder,Gooseneck Kettle,2,121.82
2026-03-11,Denver,Paper Filters,2,12.11
2026-03-11,Fort Collins,Paper Filters,1,5.77
2026-03-11,Fort Collins,Burr Grinder,3,384.97
2026-03-11,Denver,Espresso Machine,2,701.72
2026-03-11,Denver,Gooseneck Kettle,2,122.85
2026-03-11,Fort Collins,Whole Bean 1kg,2,46.54
2026-03-11,Boulder,Whole Bean 1kg,1,24.39
2026-03-11,Boulder,Burr Grinder,2,256.28
2026-03-11,Boulder,Whole Bean 1kg,1,23.03
2026-03-11,Boulder,Paper Filters,2,11.94
2026-03-11,Denver,Gooseneck Kettle,2,117.95
2026-03-11,Boulder,Whole Bean 1kg,1,22.94
2026-03-11,Fort Collins,Paper Filters,2,12.32
2026-03-11,Boulder,Whole Bean 1kg,2,47.69
2026-03-11,Denver,Burr Grinder,2,254.08
2026-03-11,Boulder,Whole Bean 1kg,1,24.18
2026-03-11,Fort Collins,Paper Filters,1,5.91
2026-03-11,Boulder,Whole Bean 1kg,1,23.23
2026-03-11,Boulder,Gooseneck Kettle,1,58.93
2026-03-11,Boulder,Espresso Machine,2,683.8
2026-03-11,Denver,Whole Bean 1kg,1,24.96
2026-03-11,Denver,Whole Bean 1kg,1,24.05
2026-03-12,Boulder,Whole Bean 1kg,1,23.57
2026-03-12,Boulder,Whole Bean 1kg,1,24.22
2026-03-12,Denver,Paper Filters,1,5.87
2026-03-12,Boulder,Gooseneck Kettle,1,59.26
2026-03-12,Fort Collins,Paper Filters,1,5.85
2026-03-12,Boulder,Gooseneck Kettle,2,113.81
2026-03-12,Fort Collins,Burr Grinder,1,132.08
2026-03-12,Boulder,Whole Bean 1kg,1,24.15
2026-03-12,Fort Collins,Gooseneck Kettle,2,115.9
2026-03-12,Denver,Espresso Machine,1,325.59
2026-03-12,Boulder,Burr Grinder,1,128.32
2026-03-12,Boulder,Paper Filters,2,11.51
2026-03-12,Denver,Paper Filters,3,18.05
2026-03-12,Boulder,Whole Bean 1kg,1,24.21
2026-03-12,Denver,Paper Filters,1,6.09
2026-03-12,Boulder,Burr Grinder,2,269.1
2026-03-12,Denver,Whole Bean 1kg,1,24.26
2026-03-12,Denver,Whole Bean 1kg,2,49.31
2026-03-12,Denver,Whole Bean 1kg,2,46.57
2026-03-12,Denver,Whole Bean 1kg,2,47.75
2026-03-12,Fort Collins,Whole Bean 1kg,1,23.5
2026-03-12,Boulder,Whole Bean 1kg,2,45.47
2026-03-12,Boulder,Whole Bean 1kg,2,45.45
2026-03-12,Boulder,Paper Filters,1,5.91
2026-03-12,Fort Collins,Gooseneck Kettle,2,114.91
2026-03-12,Boulder,Burr Grinder,2,253.62
2026-03-12,Fort Collins,Espresso Machine,1,352.12
2026-03-12,Boulder,Whole Bean 1kg,1,23.01
2026-03-12,Denver,Burr Grinder,1,133.8
2026-03-12,Fort Collins,Whole Bean 1kg,1,23.73
2026-03-12,Fort Collins,Espresso Machine,2,698.72
2026-03-12,Boulder,Whole Bean 1kg,2,48.92
2026-03-12,Denver,Whole Bean 1kg,1,24.56
2026-03-12,Boulder,Whole Bean 1kg,1,23.92
2026-03-12,Fort Collins,Paper Filters,2,11.64
2026-03-12,Fort Collins,Paper Filters,1,6.03
2026-03-13,Boulder,Burr Grinder,3,373.27
2026-03-13,Boulder,Paper Filters,2,11.71
2026-03-13,Boulder,Whole Bean 1kg,2,49.04
2026-03-13,Fort Collins,Whole Bean 1kg,2,47.83
2026-03-13,Denver,Espresso Machine,1,343.7
2026-03-13,Boulder,Whole Bean 1kg,4,97.91
2026-03-13,Denver,Gooseneck Kettle,2,114.39
2026-03-13,Boulder,Whole Bean 1kg,1,24.97
2026-03-13,Fort Collins,Paper Filters,2,12.49
2026-03-13,Fort Collins,Espresso Machine,1,342.83
2026-03-13,Boulder,Whole Bean 1kg,1,24.92
2026-03-13,Fort Collins,Whole Bean 1kg,2,47.65
2026-03-13,Denver,Whole Bean 1kg,1,23.36
2026-03-13,Boulder,Whole Bean 1kg,1,23.32
2026-03-13,Denver,Whole Bean 1kg,1,23.95
2026-03-13,Boulder,Burr Grinder,2,249.04
2026-03-13,Denver,Paper Filters,1,5.94
2026-03-13,Fort Collins,Burr Grinder,1,126.82
2026-03-13,Denver,Gooseneck Kettle,1,58.4
2026-03-13,Denver,Whole Bean 1kg,2,46.94
2026-03-13,Boulder,Burr Grinder,2,264.45
2026-03-13,Denver,Whole Bean 1kg,3,73.24
2026-03-13,Denver,Whole Bean 1kg,2,48.6
2026-03-13,Boulder,Burr Grinder,1,131.27
2026-03-13,Boulder,Burr Grinder,1,127.46
2026-03-13,Fort Collins,Paper Filters,2,11.74
2026-03-13,Denver,Whole Bean 1kg,3,70.68
2026-03-13,Boulder,Whole Bean 1kg,3,70.02
2026-03-13,Denver,Paper Filters,1,5.89
2026-03-13,Boulder,Paper Filters,1,6.29
2026-03-13,Fort Collins,Whole Bean 1kg,2,49.92
2026-03-13,Denver,Whole Bean 1kg,1,22.79
2026-03-13,Denver,Burr Grinder,3,387.91
2026-03-13,Denver,Paper Filters,2,12.33
2026-03-13,Denver,Whole Bean 1kg,2,48.48
2026-03-13,Fort Collins,Gooseneck Kettle,3,181.49
2026-03-13,Fort Collins,Whole Bean 1kg,1,25.64
2026-03-13,Denver,Paper Filters,3,17.66
2026-03-13,Boulder,Whole Bean 1kg,2,48.23
2026-03-13,Denver,Burr Grinder,3,388.08
2026-03-13,Fort Collins,Whole Bean 1kg,2,48.66
2026-03-13,Boulder,Whole Bean 1kg,1,23.37
2026-03-13,Boulder,Whole Bean 1kg,1,23.76
2026-03-13,Fort Collins,Whole Bean 1kg,1,25.25
2026-03-13,Boulder,Paper Filters,2,11.82
2026-03-13,Fort Collins,Paper Filters,1,5.86
2026-03-13,Denver,Paper Filters,1,6.04
2026-03-13,Boulder,Whole Bean 1kg,2,47.38
2026-03-13,Boulder,Espresso Machine,1,363.13
2026-03-13,Boulder,Whole Bean 1kg,1,22.75
2026-03-13,Denver,Paper Filters,3,18.86
2026-03-13,Denver,Gooseneck Kettle,2,117.54
2026-03-13,Denver,Burr Grinder,2,264.44
2026-03-13,Denver,Whole Bean 1kg,2,48.06
2026-03-13,Denver,Whole Bean 1kg,2,47.51
2026-03-13,Fort Collins,Whole Bean 1kg,2,48.49
2026-03-13,Fort Collins,Gooseneck Kettle,2,115.92
2026-03-13,Denver,Paper Filters,1,6.21
2026-03-13,Fort Collins,Paper Filters,1,5.34
2026-03-13,Denver,Whole Bean 1kg,2,47.79
2026-03-13,Denver,Gooseneck Kettle,2,126.23
2026-03-13,Denver,Paper Filters,1,6.0
2026-03-13,Denver,Gooseneck Kettle,2,121.86
2026-03-13,Boulder,Paper Filters,1,6.05
2026-03-13,Fort Collins,Whole Bean 1kg,3,72.95
2026-03-14,Boulder,Burr Grinder,2,265.24
2026-03-14,Denver,Paper Filters,2,12.36
2026-03-14,Boulder,Espresso Machine,2,719.03
2026-03-14,Denver,Whole Bean 1kg,2,46.04
2026-03-14,Boulder,Paper Filters,1,6.25
2026-03-14,Denver,Whole Bean 1kg,1,23.43
2026-03-14,Denver,Whole Bean 1kg,2,45.96
2026-03-14,Boulder,Whole Bean 1kg,2,46.66
2026-03-14,Boulder,Whole Bean 1kg,1,24.84
2026-03-14,Boulder,Paper Filters,1,6.05
2026-03-14,Denver,Paper Filters,1,5.83
2026-03-14,Boulder,Whole Bean 1kg,2,49.54
2026-03-14,Fort Collins,Whole Bean 1kg,1,24.48
2026-03-14,Boulder,Burr Grinder,2,252.22
2026-03-14,Denver,Gooseneck Kettle,1,60.7
2026-03-14,Fort Collins,Whole Bean 1kg,1,23.05
2026-03-14,Denver,Burr Grinder,1,124.15
2026-03-14,Boulder,Whole Bean 1kg,1,24.0
2026-03-14,Denver,Burr Grinder,2,251.95
2026-03-14,Boulder,Burr Grinder,3,390.5
2026-03-14,Boulder,Paper Filters,1,5.77
2026-03-14,Denver,Burr Grinder,2,261.5
2026-03-14,Denver,Paper Filters,3,17.84
2026-03-14,Fort Collins,Whole Bean 1kg,1,23.54
2026-03-14,Boulder,Whole Bean 1kg,2,46.72
2026-03-14,Boulder,Paper Filters,1,5.98
2026-03-14,Denver,Whole Bean 1kg,1,24.19
2026-03-14,Fort Collins,Whole Bean 1kg,3,72.43
2026-03-14,Boulder,Espresso Machine,2,706.47
2026-03-14,Fort Collins,Gooseneck Kettle,1,60.84
2026-03-14,Boulder,Whole Bean 1kg,3,73.12
2026-03-14,Fort Collins,Whole Bean 1kg,1,24.67
2026-03-14,Boulder,Whole Bean 1kg,2,46.09
2026-03-14,Boulder,Paper Filters,2,12.81
2026-03-14,Boulder,Gooseneck Kettle,1,57.36
2026-03-14,Denver,Espresso Machine,1,349.49
2026-03-14,Fort Collins,Gooseneck Kettle,1,61.36
2026-03-14,Denver,Whole Bean 1kg,2,47.48
2026-03-14,Boulder,Whole Bean 1kg,1,24.66
2026-03-14,Boulder,Whole Bean 1kg,1,23.59
2026-03-14,Denver,Whole Bean 1kg,2,49.31
2026-03-14,Denver,Paper Filters,3,18.52
2026-03-14,Boulder,Burr Grinder,1,133.33
2026-03-14,Fort Collins,Gooseneck Kettle,1,58.64
2026-03-14,Denver,Whole Bean 1kg,2,48.38
2026-03-14,Denver,Gooseneck Kettle,2,121.88
2026-03-14,Denver,Burr Grinder,3,374.76
2026-03-14,Boulder,Paper Filters,2,12.0
2026-03-14,Denver,Whole Bean 1kg,1,24.38
2026-03-14,Fort Collins,Whole Bean 1kg,2,47.8
2026-03-14,Boulder,Burr Grinder,2,253.55
2026-03-14,Denver,Whole Bean 1kg,2,47.52
2026-03-14,Fort Collins,Espresso Machine,2,699.84
2026-03-14,Fort Collins,Whole Bean 1kg,1,23.55
2026-03-14,Boulder,Gooseneck Kettle,2,122.25
2026-03-14,Fort Collins,Whole Bean 1kg,1,25.4
2026-03-14,Denver,Paper Filters,2,12.58
2026-03-14,Boulder,Burr Grinder,1,126.6
2026-03-14,Fort Collins,Whole Bean 1kg,1,24.7
2026-03-15,Denver,Whole Bean 1kg,1,23.67
2026-03-15,Boulder,Whole Bean 1kg,2,46.76
2026-03-15,Boulder,Whole Bean 1kg,3,71.35
2026-03-15,Boulder,Whole Bean 1kg,1,22.82
2026-03-15,Boulder,Paper Filters,1,6.17
2026-03-15,Denver,Whole Bean 1kg,2,47.42
2026-03-15,Denver,Whole Bean 1kg,1,25.15
2026-03-15,Boulder,Burr Grinder,1,132.75
2026-03-15,Denver,Whole Bean 1kg,1,24.1
2026-03-15,Boulder,Whole Bean 1kg,1,24.72
2026-03-15,Denver,Burr Grinder,1,129.79
2026-03-15,Denver,Espresso Machine,2,699.07
2026-03-15,Boulder,Paper Filters,3,18.54
2026-03-15,Denver,Espresso Machine,1,340.07
2026-03-15,Boulder,Gooseneck Kettle,1,58.41
2026-03-15,Fort Collins,Espresso Machine,2,709.25
2026-03-15,Denver,Whole Bean 1kg,2,47.57
2026-03-15,Denver,Whole Bean 1kg,3,69.27
2026-03-15,Fort Collins,Whole Bean 1kg,1,24.34
2026-03-15,Denver,Whole Bean 1kg,1,24.54
2026-03-15,Fort Collins,Espresso Machine,1,346.79
2026-03-15,Denver,Burr Grinder,1,128.49
2026-03-15,Boulder,Burr Grinder,1,128.37
2026-03-15,Denver,Whole Bean 1kg,2,48.35
2026-03-15,Denver,Espresso Machine,4,1383.65
2026-03-15,Boulder,Paper Filters,2,11.61
2026-03-15,Boulder,Paper Filters,1,6.17
2026-03-15,Denver,Whole Bean 1kg,1,24.77
2026-03-15,Boulder,Whole Bean 1kg,2,46.79
2026-03-15,Boulder,Whole Bean 1kg,1,24.37
2026-03-15,Fort Collins,Paper Filters,2,11.73
2026-03-15,Denver,Paper Filters,2,11.7
2026-03-15,Boulder,Burr Grinder,1,124.87
2026-03-15,Denver,Paper Filters,1,5.94
2026-03-15,Denver,Whole Bean 1kg,3,73.56
2026-03-15,Boulder,Whole Bean 1kg,1,24.93
2026-03-15,Denver,Whole Bean 1kg,1,24.32
2026-03-15,Boulder,Paper Filters,3,18.17
2026-03-15,Fort Collins,Whole Bean 1kg,1,23.25
2026-03-15,Boulder,Gooseneck Kettle,2,114.73
2026-03-15,Boulder,Burr Grinder,2,256.46
2026-03-15,Fort Collins,Whole Bean 1kg,1,23.41
2026-03-15,Boulder,Whole Bean 1kg,2,47.26
2026-03-15,Boulder,Espresso Machine,2,700.46
2026-03-15,Fort Collins,Paper Filters,2,11.44
2026-03-15,Fort Collins,Paper Filters,1,6.03
2026-03-15,Boulder,Whole Bean 1kg,2,48.17
2026-03-15,Boulder,Whole Bean 1kg,1,24.27
2026-03-15,Boulder,Burr Grinder,1,137.01
2026-03-15,Fort Collins,Paper Filters,2,12.39
2026-03-15,Fort Collins,Whole Bean 1kg,3,72.4
2026-03-15,Fort Collins,Paper Filters,2,11.57
2026-03-15,Boulder,Gooseneck Kettle,2,116.51
2026-03-15,Boulder,Paper Filters,1,6.08
2026-03-15,Boulder,Whole Bean 1kg,2,47.06
2026-03-15,Fort Collins,Whole Bean 1kg,1,24.02
2026-03-15,Denver,Paper Filters,1,6.09
2026-03-15,Boulder,Whole Bean 1kg,1,23.02
2026-03-15,Denver,Paper Filters,1,5.92
2026-03-16,Denver,Whole Bean 1kg,2,48.61
2026-03-16,Boulder,Burr Grinder,2,265.06
2026-03-16,Fort Collins,Whole Bean 1kg,1,23.32
2026-03-16,Denver,Paper Filters,2,12.44
2026-03-16,Boulder,Burr Grinder,2,248.78
2026-03-16,Denver,Whole Bean 1kg,3,68.84
2026-03-16,Denver,Whole Bean 1kg,2,47.62
2026-03-16,Boulder,Whole Bean 1kg,2,48.21
2026-03-16,Denver,Gooseneck Kettle,2,121.41
2026-03-16,Denver,Burr Grinder,1,130.74
2026-03-16,Boulder,Whole Bean 1kg,3,72.25
2026-03-16,Denver,Whole Bean 1kg,2,48.25
2026-03-16,Boulder,Whole Bean 1kg,2,50.59
2026-03-16,Denver,Paper Filters,3,18.38
2026-03-16,Denver,Gooseneck Kettle,3,178.29
2026-03-16,Boulder,Paper Filters,1,5.79
2026-03-16,Denver,Burr Grinder,2,268.8
2026-03-16,Fort Collins,Gooseneck Kettle,1,58.24
2026-03-16,Fort Collins,Burr Grinder,1,130.72
2026-03-16,Denver,Whole Bean 1kg,2,47.46
2026-03-16,Denver,Whole Bean 1kg,2,49.95
2026-03-16,Denver,Whole Bean 1kg,2,45.88
2026-03-16,Boulder,Burr Grinder,2,265.35
2026-03-16,Boulder,Gooseneck Kettle,1,61.1
2026-03-16,Denver,Paper Filters,2,12.27
2026-03-16,Denver,Burr Grinder,3,414.32
2026-03-16,Fort Collins,Burr Grinder,3,411.78
2026-03-16,Denver,Whole Bean 1kg,2,48.66
2026-03-16,Boulder,Paper Filters,1,5.86
2026-03-16,Boulder,Gooseneck Kettle,2,116.52
2026-03-16,Fort Collins,Paper Filters,1,6.21
2026-03-16,Fort Collins,Whole Bean 1kg,1,24.44
2026-03-16,Boulder,Paper Filters,1,5.82
2026-03-16,Boulder,Espresso Machine,1,336.36
2026-03-16,Boulder,Whole Bean 1kg,1,24.65
2026-03-17,Fort Collins,Whole Bean 1kg,1,22.73
2026-03-17,Denver,Paper Filters,2,12.23
2026-03-17,Denver,Gooseneck Kettle,1,62.28
2026-03-17,Denver,Whole Bean 1kg,2,49.36
2026-03-17,Boulder,Burr Grinder,2,259.86
2026-03-17,Denver,Burr Grinder,1,127.26
2026-03-17,Fort Collins,Whole Bean 1kg,2,47.8
2026-03-17,Denver,Espresso Machine,1,340.07
2026-03-17,Boulder,Burr Grinder,1,133.01
2026-03-17,Boulder,Whole Bean 1kg,1,23.53
2026-03-17,Fort Collins,Whole Bean 1kg,3,71.08
2026-03-17,Boulder,Whole Bean 1kg,1,23.55
2026-03-17,Denver,Paper Filters,1,6.08
2026-03-17,Boulder,Burr Grinder,2,244.45
2026-03-17,Boulder,Paper Filters,2,12.07
2026-03-17,Fort Collins,Whole Bean 1kg,2,50.0
2026-03-17,Denver,Whole Bean 1kg,1,23.35
2026-03-17,Fort Collins,Whole Bean 1kg,4,94.91
2026-03-17,Boulder,Paper Filters,1,5.8
2026-03-17,Fort Collins,Whole Bean 1kg,2,46.69
2026-03-17,Denver,Gooseneck Kettle,2,121.79
2026-03-18,Denver,Whole Bean 1kg,1,24.88
2026-03-18,Boulder,Whole Bean 1kg,1,23.49
2026-03-18,Denver,Burr Grinder,3,392.89
2026-03-18,Boulder,Whole Bean 1kg,3,71.63
2026-03-18,Fort Collins,Whole Bean 1kg,2,50.4
2026-03-18,Fort Collins,Burr Grinder,1,127.57
2026-03-18,Fort Collins,Whole Bean 1kg,1,23.88
2026-03-18,Denver,Whole Bean 1kg,2,48.17
2026-03-18,Boulder,Burr Grinder,2,251.1
2026-03-18,Fort Collins,Whole Bean 1kg,1,24.19
2026-03-18,Fort Collins,Whole Bean 1kg,2,50.72
2026-03-18,Fort Collins,Paper Filters,1,6.02
2026-03-18,Denver,Whole Bean 1kg,3,72.17
2026-03-18,Denver,Whole Bean 1kg,1,23.34
2026-03-18,Denver,Whole Bean 1kg,1,24.87
2026-03-18,Denver,Paper Filters,2,11.47
2026-03-18,Fort Collins,Paper Filters,2,11.64
2026-03-18,Boulder,Whole Bean 1kg,3,73.48
2026-03-18,Denver,Whole Bean 1kg,1,23.43
2026-03-18,Denver,Burr Grinder,2,259.01
2026-03-18,Denver,Gooseneck Kettle,2,121.05
2026-03-18,Denver,Whole Bean 1kg,3,73.29
2026-03-18,Fort Collins,Gooseneck Kettle,1,56.08
2026-03-18,Fort Collins,Whole Bean 1kg,1,23.98
2026-03-18,Fort Collins,Burr Grinder,3,371.03
2026-03-18,Denver,Paper Filters,2,11.58
2026-03-18,Boulder,Gooseneck Kettle,1,59.58
2026-03-18,Boulder,Espresso Machine,2,717.27
2026-03-18,Denver,Burr Grinder,2,256.74
2026-03-18,Fort Collins,Paper Filters,2,11.95
2026-03-18,Denver,Burr Grinder,2,266.5
2026-03-19,Boulder,Gooseneck Kettle,2,115.02
2026-03-19,Boulder,Whole Bean 1kg,2,49.38
2026-03-19,Denver,Paper Filters,1,5.75
2026-03-19,Boulder,Whole Bean 1kg,1,23.85
2026-03-19,Boulder,Gooseneck Kettle,1,59.63
2026-03-19,Denver,Burr Grinder,1,130.03
2026-03-19,Denver,Burr Grinder,2,249.56
2026-03-19,Denver,Whole Bean 1kg,1,23.85
2026-03-19,Boulder,Gooseneck Kettle,1,60.27
2026-03-19,Boulder,Paper Filters,1,5.98
2026-03-19,Denver,Whole Bean 1kg,1,24.49
2026-03-19,Boulder,Whole Bean 1kg,1,24.75
2026-03-19,Denver,Whole Bean 1kg,1,23.44
2026-03-19,Denver,Whole Bean 1kg,2,46.6
2026-03-19,Denver,Paper Filters,2,11.29
2026-03-19,Boulder,Espresso Machine,1,351.98
2026-03-19,Boulder,Paper Filters,2,12.06
2026-03-19,Boulder,Paper Filters,3,18.05
2026-03-19,Denver,Espresso Machine,1,350.8
2026-03-19,Denver,Burr Grinder,1,121.26
2026-03-19,Boulder,Whole Bean 1kg,1,24.21
2026-03-19,Boulder,Whole Bean 1kg,3,71.39
2026-03-19,Boulder,Paper Filters,2,12.1
2026-03-19,Denver,Whole Bean 1kg,1,23.52
2026-03-19,Denver,Whole Bean 1kg,1,23.71
2026-03-19,Denver,Whole Bean 1kg,2,48.66
2026-03-20,Boulder,Whole Bean 1kg,1,24.26
2026-03-20,Denver,Whole Bean 1kg,1,24.0
2026-03-20,Boulder,Whole Bean 1kg,3,72.71
2026-03-20,Fort Collins,Burr Grinder,3,395.21
2026-03-20,Denver,Whole Bean 1kg,1,22.85
2026-03-20,Denver,Paper Filters,1,5.78
2026-03-20,Denver,Whole Bean 1kg,2,46.69
2026-03-20,Boulder,Paper Filters,1,5.73
2026-03-20,Denver,Paper Filters,2,11.57
2026-03-20,Fort Collins,Whole Bean 1kg,1,23.65
2026-03-20,Boulder,Paper Filters,1,5.96
2026-03-20,Denver,Gooseneck Kettle,3,168.95
2026-03-20,Denver,Whole Bean 1kg,2,46.63
2026-03-20,Denver,Burr Grinder,1,128.65
2026-03-20,Denver,Burr Grinder,2,254.43
2026-03-20,Boulder,Burr Grinder,3,402.23
2026-03-20,Denver,Espresso Machine,3,1065.98
2026-03-20,Denver,Paper Filters,1,5.96
2026-03-20,Denver,Whole Bean 1kg,4,96.39
2026-03-20,Boulder,Gooseneck Kettle,2,115.75
2026-03-20,Denver,Whole Bean 1kg,1,23.53
2026-03-20,Boulder,Whole Bean 1kg,2,48.29
2026-03-20,Denver,Paper Filters,1,6.21
2026-03-20,Denver,Whole Bean 1kg,1,22.92
2026-03-20,Fort Collins,Whole Bean 1kg,1,25.0
2026-03-20,Boulder,Espresso Machine,3,1058.5
2026-03-20,Denver,Whole Bean 1kg,1,23.94
2026-03-20,Denver,Whole Bean 1kg,3,70.09
2026-03-20,Denver,Burr Grinder,1,131.56
2026-03-20,Fort Collins,Espresso Machine,4,1382.68
2026-03-20,Denver,Burr Grinder,3,392.06
2026-03-20,Boulder,Whole Bean 1kg,1,25.36
2026-03-20,Denver,Paper Filters,1,5.91
2026-03-20,Denver,Paper Filters,3,17.98
2026-03-20,Denver,Gooseneck Kettle,3,169.35
2026-03-20,Denver,Espresso Machine,1,339.7
2026-03-20,Boulder,Burr Grinder,1,128.71
2026-03-20,Denver,Whole Bean 1kg,2,46.53
2026-03-20,Denver,Paper Filters,1,6.18
2026-03-20,Denver,Whole Bean 1kg,2,48.23
2026-03-20,Fort Collins,Paper Filters,1,5.94
2026-03-20,Boulder,Whole Bean 1kg,3,71.69
2026-03-20,Denver,Gooseneck Kettle,1,57.03
2026-03-20,Denver,Burr Grinder,3,403.14
2026-03-20,Denver,Whole Bean 1kg,1,24.7
2026-03-20,Denver,Whole Bean 1kg,2,46.93
2026-03-20,Fort Collins,Whole Bean 1kg,1,24.49
2026-03-20,Boulder,Paper Filters,2,12.04
2026-03-20,Denver,Whole Bean 1kg,3,73.6
2026-03-21,Boulder,Paper Filters,2,11.91
2026-03-21,Boulder,Whole Bean 1kg,3,69.42
2026-03-21,Fort Collins,Paper Filters,2,11.46
2026-03-21,Fort Collins,Paper Filters,2,11.53
2026-03-21,Fort Collins,Espresso Machine,1,336.78
2026-03-21,Denver,Whole Bean 1kg,2,47.81
2026-03-21,Fort Collins,Espresso Machine,1,365.0
2026-03-21,Denver,Whole Bean 1kg,1,24.05
2026-03-21,Denver,Espresso Machine,2,691.83
2026-03-21,Fort Collins,Whole Bean 1kg,3,71.49
2026-03-21,Boulder,Whole Bean 1kg,2,47.72
2026-03-21,Boulder,Espresso Machine,1,339.32
2026-03-21,Boulder,Whole Bean 1kg,1,22.95
2026-03-21,Fort Collins,Whole Bean 1kg,1,23.87
2026-03-21,Denver,Burr Grinder,2,244.14
2026-03-21,Fort Collins,Whole Bean 1kg,1,23.84
2026-03-21,Boulder,Whole Bean 1kg,1,25.93
2026-03-21,Denver,Whole Bean 1kg,2,49.28
2026-03-21,Boulder,Burr Grinder,1,123.55
2026-03-21,Boulder,Gooseneck Kettle,2,116.76
2026-03-21,Boulder,Whole Bean 1kg,3,70.9
2026-03-21,Fort Collins,Gooseneck Kettle,2,118.28
2026-03-21,Boulder,Whole Bean 1kg,3,68.26
2026-03-21,Boulder,Burr Grinder,1,132.23
2026-03-21,Boulder,Paper Filters,1,5.97
2026-03-21,Denver,Gooseneck Kettle,2,114.66
2026-03-21,Denver,Paper Filters,2,11.75
2026-03-21,Boulder,Gooseneck Kettle,1,58.26
2026-03-21,Boulder,Whole Bean 1kg,2,48.14
2026-03-21,Denver,Burr Grinder,2,245.18
2026-03-21,Fort Collins,Whole Bean 1kg,3,70.95
2026-03-21,Boulder,Whole Bean 1kg,2,49.59
2026-03-21,Boulder,Whole Bean 1kg,1,24.44
2026-03-21,Boulder,Gooseneck Kettle,2,121.04
2026-03-21,Boulder,Whole Bean 1kg,1,24.67
2026-03-21,Boulder,Paper Filters,3,17.29
2026-03-21,Fort Collins,Whole Bean 1kg,2,51.3
2026-03-21,Boulder,Paper Filters,1,6.0
2026-03-21,Boulder,Espresso Machine,2,702.07
2026-03-21,Boulder,Espresso Machine,1,325.97
2026-03-21,Boulder,Gooseneck Kettle,2,118.87
2026-03-21,Fort Collins,Whole Bean 1kg,2,46.98
2026-03-21,Denver,Whole Bean 1kg,1,23.79
2026-03-21,Denver,Burr Grinder,1,135.24
2026-03-21,Denver,Paper Filters,1,6.03
2026-03-21,Boulder,Paper Filters,1,5.94
2026-03-21,Fort Collins,Whole Bean 1kg,2,48.95
2026-03-21,Denver,Burr Grinder,2,243.67
2026-03-21,Boulder,Burr Grinder,1,129.32
2026-03-21,Denver,Whole Bean 1kg,1,23.85
2026-03-21,Boulder,Gooseneck Kettle,2,114.45
2026-03-21,Fort Collins,Whole Bean 1kg,2,48.71
2026-03-21,Boulder,Espresso Machine,1,366.08
2026-03-21,Denver,Whole Bean 1kg,1,24.57
2026-03-21,Boulder,Whole Bean 1kg,2,47.92
2026-03-21,Boulder,Whole Bean 1kg,1,23.33
2026-03-21,Denver,Espresso Machine,2,706.2
2026-03-21,Denver,Burr Grinder,1,128.97
2026-03-22,Fort Collins,Whole Bean 1kg,2,48.42
2026-03-22,Denver,Whole Bean 1kg,2,47.4
2026-03-22,Boulder,Paper Filters,1,6.1
2026-03-22,Denver,Whole Bean 1kg,1,24.29
2026-03-22,Denver,Whole Bean 1kg,1,23.59
2026-03-22,Fort Collins,Whole Bean 1kg,1,22.92
2026-03-22,Denver,Whole Bean 1kg,1,24.46
2026-03-22,Denver,Paper Filters,2,11.8
2026-03-22,Fort Collins,Paper Filters,1,5.87
2026-03-22,Boulder,Whole Bean 1kg,1,22.73
2026-03-22,Boulder,Whole Bean 1kg,2,46.95
2026-03-22,Fort Collins,Gooseneck Kettle,2,116.57
2026-03-22,Boulder,Paper Filters,2,12.44
2026-03-22,Denver,Paper Filters,2,11.57
2026-03-22,Fort Collins,Whole Bean 1kg,2,47.61
2026-03-22,Boulder,Whole Bean 1kg,2,48.73
2026-03-22,Boulder,Gooseneck Kettle,2,116.0
2026-03-22,Boulder,Whole Bean 1kg,2,45.54
2026-03-22,Boulder,Gooseneck Kettle,3,179.5
2026-03-22,Denver,Paper Filters,3,17.17
2026-03-22,Fort Collins,Whole Bean 1kg,1,21.86
2026-03-22,Boulder,Gooseneck Kettle,2,117.14
2026-03-22,Boulder,Espresso Machine,2,710.11
2026-03-22,Boulder,Espresso Machine,2,695.97
2026-03-22,Denver,Gooseneck Kettle,1,56.63
2026-03-22,Boulder,Whole Bean 1kg,1,23.6
2026-03-22,Boulder,Gooseneck Kettle,3,169.82
2026-03-22,Fort Collins,Whole Bean 1kg,1,23.66
2026-03-22,Boulder,Whole Bean 1kg,3,70.95
2026-03-22,Denver,Whole Bean 1kg,2,46.99
2026-03-22,Denver,Whole Bean 1kg,2,49.19
2026-03-22,Fort Collins,Whole Bean 1kg,2,46.11
2026-03-22,Fort Collins,Espresso Machine,1,358.28
2026-03-22,Fort Collins,Burr Grinder,3,370.39
2026-03-22,Fort Collins,Espresso Machine,2,706.68
2026-03-22,Denver,Whole Bean 1kg,2,49.3
2026-03-22,Fort Collins,Gooseneck Kettle,2,115.51
2026-03-22,Boulder,Paper Filters,3,18.17
2026-03-22,Boulder,Whole Bean 1kg,1,24.37
2026-03-22,Fort Collins,Whole Bean 1kg,2,47.43
2026-03-22,Fort Collins,Burr Grinder,3,386.37
2026-03-22,Fort Collins,Paper Filters,3,18.02
2026-03-22,Denver,Paper Filters,2,11.77
2026-03-22,Denver,Espresso Machine,2,700.28
2026-03-22,Denver,Paper Filters,1,5.84
2026-03-22,Denver,Whole Bean 1kg,1,24.32
2026-03-22,Fort Collins,Whole Bean 1kg,2,49.82
2026-03-23,Denver,Burr Grinder,1,125.36
2026-03-23,Denver,Burr Grinder,3,396.06
2026-03-23,Denver,Whole Bean 1kg,2,47.23
2026-03-23,Denver,Whole Bean 1kg,1,23.12
2026-03-23,Fort Collins,Paper Filters,2,11.75
2026-03-23,Boulder,Paper Filters,2,12.19
2026-03-23,Denver,Whole Bean 1kg,2,46.98
2026-03-23,Fort Collins,Whole Bean 1kg,1,23.03
2026-03-23,Denver,Espresso Machine,3,1025.33
2026-03-23,Denver,Burr Grinder,1,126.09
2026-03-23,Denver,Whole Bean 1kg,2,48.38
2026-03-23,Denver,Burr Grinder,1,133.56
2026-03-23,Denver,Whole Bean 1kg,2,48.56
2026-03-23,Fort Collins,Burr Grinder,2,256.09
2026-03-23,Boulder,Burr Grinder,3,390.17
2026-03-23,Fort Collins,Whole Bean 1kg,2,49.47
2026-03-23,Denver,Burr Grinder,2,254.46
2026-03-23,Denver,Paper Filters,1,6.23
2026-03-23,Denver,Whole Bean 1kg,1,24.19
2026-03-23,Fort Collins,Whole Bean 1kg,1,24.76
2026-03-23,Fort Collins,Espresso Machine,1,348.69
2026-03-23,Denver,Espresso Machine,1,356.27
2026-03-23,Fort Collins,Paper Filters,2,12.24
2026-03-23,Boulder,Gooseneck Kettle,1,60.58
2026-03-23,Boulder,Espresso Machine,1,358.5
2026-03-23,Boulder,Paper Filters,2,11.6
2026-03-23,Denver,Burr Grinder,2,254.24
2026-03-23,Denver,Burr Grinder,1,131.87
2026-03-23,Denver,Whole Bean 1kg,2,46.9
2026-03-23,Fort Collins,Whole Bean 1kg,2,49.38
2026-03-23,Denver,Whole Bean 1kg,2,47.38
2026-03-23,Denver,Whole Bean 1kg,2,46.29
2026-03-23,Fort Collins,Whole Bean 1kg,1,24.24
2026-03-24,Denver,Burr Grinder,1,131.3
2026-03-24,Fort Collins,Whole Bean 1kg,1,24.21
2026-03-24,Fort Collins,Paper Filters,1,5.9
2026-03-24,Denver,Gooseneck Kettle,2,114.57
2026-03-24,Denver,Burr Grinder,1,128.36
2026-03-24,Boulder,Gooseneck Kettle,3,177.78
2026-03-24,Fort Collins,Whole Bean 1kg,2,47.32
2026-03-24,Boulder,Paper Filters,2,12.37
2026-03-24,Fort Collins,Gooseneck Kettle,2,116.84
2026-03-24,Boulder,Whole Bean 1kg,2,46.3
2026-03-24,Fort Collins,Whole Bean 1kg,1,23.86
2026-03-24,Denver,Burr Grinder,2,253.33
2026-03-24,Denver,Burr Grinder,2,257.44
2026-03-24,Boulder,Paper Filters,1,5.95
2026-03-24,Fort Collins,Whole Bean 1kg,2,47.78
2026-03-24,Denver,Whole Bean 1kg,1,23.51
2026-03-24,Denver,Whole Bean 1kg,2,48.19
2026-03-24,Denver,Paper Filters,2,12.18
2026-03-24,Denver,Paper Filters,1,6.14
2026-03-24,Boulder,Burr Grinder,1,138.34
2026-03-24,Denver,Gooseneck Kettle,1,58.32
2026-03-24,Denver,Paper Filters,2,11.86
2026-03-24,Boulder,Paper Filters,2,12.19
2026-03-24,Denver,Whole Bean 1kg,1,25.03
2026-03-24,Boulder,Whole Bean 1kg,2,47.87
2026-03-24,Fort Collins,Whole Bean 1kg,1,23.5
2026-03-24,Fort Collins,Gooseneck Kettle,2,119.97
2026-03-24,Fort Collins,Burr Grinder,2,265.42
2026-03-24,Fort Collins,Burr Grinder,2,257.64
2026-03-24,Boulder,Espresso Machine,1,339.41
2026-03-24,Denver,Gooseneck Kettle,2,122.7
2026-03-24,Boulder,Paper Filters,4,24.5
2026-03-24,Denver,Whole Bean 1kg,2,46.69
2026-03-24,Denver,Paper Filters,2,11.81
2026-03-24,Boulder,Whole Bean 1kg,1,23.83
2026-03-24,Denver,Whole Bean 1kg,1,24.0
2026-03-24,Fort Collins,Gooseneck Kettle,1,60.27
2026-03-24,Denver,Whole Bean 1kg,1,24.35
2026-03-24,Boulder,Whole Bean 1kg,1,23.11
2026-03-24,Fort Collins,Whole Bean 1kg,3,68.52
2026-03-24,Fort Collins,Whole Bean 1kg,1,21.88
2026-03-24,Boulder,Paper Filters,1,6.04
2026-03-25,Boulder,Burr Grinder,2,258.77
2026-03-25,Denver,Paper Filters,2,12.09
2026-03-25,Denver,Espresso Machine,2,730.07
2026-03-25,Denver,Gooseneck Kettle,3,168.5
2026-03-25,Boulder,Burr Grinder,1,132.77
2026-03-25,Boulder,Espresso Machine,1,352.53
2026-03-25,Boulder,Burr Grinder,1,126.58
2026-03-25,Boulder,Paper Filters,1,6.07
2026-03-25,Denver,Whole Bean 1kg,3,72.41
2026-03-25,Denver,Whole Bean 1kg,2,49.61
2026-03-25,Denver,Burr Grinder,1,127.29
2026-03-25,Fort Collins,Gooseneck Kettle,2,112.57
2026-03-25,Fort Collins,Gooseneck Kettle,2,118.27
2026-03-25,Boulder,Espresso Machine,2,686.8
2026-03-25,Boulder,Paper Filters,2,12.35
2026-03-25,Fort Collins,Whole Bean 1kg,3,76.3
2026-03-25,Boulder,Paper Filters,3,17.77
2026-03-25,Denver,Whole Bean 1kg,2,49.04
2026-03-25,Boulder,Espresso Machine,3,997.59
2026-03-25,Boulder,Whole Bean 1kg,1,24.02
2026-03-25,Denver,Gooseneck Kettle,1,58.13
2026-03-25,Denver,Whole Bean 1kg,2,48.26
2026-03-25,Denver,Whole Bean 1kg,1,24.12
2026-03-25,Denver,Whole Bean 1kg,1,23.54
2026-03-25,Boulder,Burr Grinder,2,252.28
2026-03-25,Fort Collins,Espresso Machine,2,691.87
2026-03-25,Denver,Gooseneck Kettle,1,58.2
2026-03-25,Fort Collins,Paper Filters,2,11.87
2026-03-25,Fort Collins,Burr Grinder,2,252.71
2026-03-25,Boulder,Gooseneck Kettle,1,58.38
2026-03-25,Denver,Whole Bean 1kg,1,23.78
2026-03-25,Boulder,Gooseneck Kettle,1,59.57
2026-03-25,Fort Collins,Whole Bean 1kg,2,46.78
2026-03-26,Denver,Espresso Machine,1,352.67
2026-03-26,Boulder,Espresso Machine,1,348.92
2026-03-26,Boulder,Whole Bean 1kg,1,25.38
2026-03-26,Denver,Espresso Machine,1,361.49
2026-03-26,Fort Collins,Gooseneck Kettle,2,124.08
2026-03-26,Fort Collins,Paper Filters,2,12.11
2026-03-26,Denver,Whole Bean 1kg,2,48.33
2026-03-26,Boulder,Whole Bean 1kg,3,71.57
2026-03-26,Denver,Paper Filters,2,11.84
2026-03-26,Boulder,Whole Bean 1kg,1,23.67
2026-03-26,Denver,Gooseneck Kettle,1,59.93
2026-03-26,Denver,Whole Bean 1kg,3,73.59
2026-03-26,Boulder,Whole Bean 1kg,1,22.09
2026-03-26,Boulder,Whole Bean 1kg,3,69.02
2026-03-26,Denver,Gooseneck Kettle,2,116.94
2026-03-26,Denver,Paper Filters,1,6.07
2026-03-26,Fort Collins,Espresso Machine,4,1323.54
2026-03-26,Denver,Burr Grinder,1,132.87
2026-03-26,Denver,Whole Bean 1kg,2,47.26
2026-03-26,Denver,Whole Bean 1kg,1,25.14
2026-03-26,Denver,Whole Bean 1kg,1,24.08
2026-03-26,Fort Collins,Paper Filters,1,6.1
2026-03-26,Denver,Gooseneck Kettle,1,59.93
2026-03-26,Boulder,Paper Filters,2,12.65
2026-03-26,Boulder,Paper Filters,2,12.55
2026-03-26,Boulder,Paper Filters,2,11.8
2026-03-26,Boulder,Gooseneck Kettle,1,58.96
2026-03-26,Fort Collins,Paper Filters,2,11.58
2026-03-26,Denver,Whole Bean 1kg,1,25.24
2026-03-26,Denver,Gooseneck Kettle,2,119.26
2026-03-26,Denver,Whole Bean 1kg,1,24.3
2026-03-26,Boulder,Paper Filters,1,5.87
2026-03-26,Boulder,Whole Bean 1kg,2,46.08
2026-03-26,Boulder,Burr Grinder,2,252.0
2026-03-26,Boulder,Whole Bean 1kg,1,24.56
2026-03-26,Boulder,Whole Bean 1kg,1,22.66
2026-03-26,Boulder,Paper Filters,1,5.95
2026-03-26,Boulder,Whole Bean 1kg,3,74.9
2026-03-26,Denver,Gooseneck Kettle,1,59.66
2026-03-26,Boulder,Paper Filters,1,6.24
2026-03-26,Boulder,Burr Grinder,2,247.12
2026-03-26,Boulder,Burr Grinder,1,123.8
2026-03-26,Boulder,Whole Bean 1kg,1,25.03
2026-03-26,Boulder,Paper Filters,2,11.46
2026-03-27,Boulder,Whole Bean 1kg,1,23.8
2026-03-27,Boulder,Whole Bean 1kg,1,24.71
2026-03-27,Denver,Paper Filters,2,12.1
2026-03-27,Boulder,Burr Grinder,2,254.95
2026-03-27,Denver,Whole Bean 1kg,2,48.44
2026-03-27,Boulder,Whole Bean 1kg,2,46.49
2026-03-27,Denver,Whole Bean 1kg,2,49.13
2026-03-27,Boulder,Whole Bean 1kg,1,25.09
2026-03-27,Fort Collins,Paper Filters,1,5.97
2026-03-27,Boulder,Whole Bean 1kg,3,72.14
2026-03-27,Denver,Paper Filters,2,12.73
2026-03-27,Boulder,Burr Grinder,2,257.75
2026-03-27,Denver,Burr Grinder,2,257.59
2026-03-27,Boulder,Burr Grinder,2,258.46
2026-03-27,Fort Collins,Paper Filters,1,6.11
2026-03-27,Boulder,Paper Filters,2,11.56
2026-03-27,Denver,Paper Filters,2,11.83
2026-03-27,Fort Collins,Gooseneck Kettle,2,118.25
2026-03-27,Fort Collins,Burr Grinder,1,137.18
2026-03-27,Fort Collins,Gooseneck Kettle,1,59.51
2026-03-27,Fort Collins,Whole Bean 1kg,2,46.33
2026-03-27,Fort Collins,Paper Filters,1,6.02
2026-03-27,Denver,Whole Bean 1kg,2,47.28
2026-03-27,Boulder,Whole Bean 1kg,1,24.37
2026-03-27,Boulder,Whole Bean 1kg,1,24.54
2026-03-27,Denver,Burr Grinder,1,133.93
2026-03-27,Fort Collins,Whole Bean 1kg,2,50.47
2026-03-27,Denver,Paper Filters,2,12.01
2026-03-27,Denver,Whole Bean 1kg,1,24.11
2026-03-27,Boulder,Gooseneck Kettle,2,118.45
2026-03-27,Denver,Paper Filters,1,5.97
2026-03-27,Boulder,Whole Bean 1kg,2,49.58
2026-03-27,Denver,Paper Filters,2,12.18
2026-03-27,Denver,Burr Grinder,4,521.12
2026-03-27,Boulder,Gooseneck Kettle,2,119.9
2026-03-27,Boulder,Paper Filters,1,6.3
2026-03-27,Denver,Paper Filters,1,6.17
2026-03-27,Boulder,Paper Filters,3,19.23
2026-03-27,Denver,Paper Filters,3,17.51
2026-03-27,Denver,Whole Bean 1kg,2,46.77
2026-03-27,Fort Collins,Whole Bean 1kg,2,47.49
2026-03-27,Denver,Whole Bean 1kg,1,24.16
2026-03-27,Fort Collins,Paper Filters,2,11.31
2026-03-27,Denver,Burr Grinder,3,415.61
2026-03-27,Boulder,Whole Bean 1kg,1,24.6
2026-03-27,Denver,Whole Bean 1kg,2,46.09
2026-03-27,Denver,Gooseneck Kettle,3,178.99
2026-03-27,Boulder,Espresso Machine,1,345.25
2026-03-27,Denver,Burr Grinder,2,259.76
2026-03-27,Fort Collins,Gooseneck Kettle,2,115.95
2026-03-28,Boulder,Gooseneck Kettle,1,60.25
2026-03-28,Denver,Whole Bean 1kg,2,48.89
2026-03-28,Denver,Paper Filters,2,12.36
2026-03-28,Denver,Whole Bean 1kg,1,22.59
2026-03-28,Fort Collins,Paper Filters,2,11.78
2026-03-28,Denver,Whole Bean 1kg,2,48.97
2026-03-28,Denver,Burr Grinder,3,365.14
2026-03-28,Boulder,Whole Bean 1kg,1,23.37
2026-03-28,Denver,Gooseneck Kettle,2,115.96
2026-03-28,Boulder,Gooseneck Kettle,1,56.53
2026-03-28,Denver,Whole Bean 1kg,2,50.47
2026-03-28,Denver,Burr Grinder,2,261.04
2026-03-28,Fort Collins,Paper Filters,3,17.69
2026-03-28,Boulder,Gooseneck Kettle,1,60.87
2026-03-28,Denver,Whole Bean 1kg,3,72.44
2026-03-28,Denver,Paper Filters,2,11.75
2026-03-28,Boulder,Paper Filters,1,6.44
2026-03-28,Fort Collins,Paper Filters,2,11.73
2026-03-28,Fort Collins,Burr Grinder,1,123.15
2026-03-28,Denver,Burr Grinder,2,247.69
2026-03-28,Denver,Whole Bean 1kg,1,22.95
2026-03-28,Denver,Burr Grinder,3,387.94
2026-03-28,Boulder,Whole Bean 1kg,3,71.18
2026-03-28,Boulder,Whole Bean 1kg,1,23.58
2026-03-28,Denver,Gooseneck Kettle,1,61.1
2026-03-28,Boulder,Espresso Machine,1,344.87
2026-03-28,Denver,Whole Bean 1kg,3,73.61
2026-03-28,Boulder,Whole Bean 1kg,2,47.41
2026-03-28,Boulder,Whole Bean 1kg,2,48.51
2026-03-28,Boulder,Paper Filters,1,5.75
2026-03-28,Denver,Whole Bean 1kg,2,45.8
2026-03-28,Denver,Burr Grinder,1,136.56
2026-03-28,Boulder,Whole Bean 1kg,2,49.33
2026-03-28,Denver,Paper Filters,1,5.51
2026-03-28,Denver,Paper Filters,1,5.98
2026-03-28,Boulder,Gooseneck Kettle,1,58.91
2026-03-28,Denver,Whole Bean 1kg,2,46.88
2026-03-28,Denver,Whole Bean 1kg,1,22.85
2026-03-28,Boulder,Whole Bean 1kg,1,23.53
2026-03-28,Denver,Whole Bean 1kg,3,72.42
2026-03-28,Boulder,Whole Bean 1kg,2,46.47
2026-03-28,Denver,Paper Filters,2,12.07
2026-03-28,Denver,Burr Grinder,1,124.16
2026-03-28,Denver,Whole Bean 1kg,2,46.71
2026-03-28,Boulder,Whole Bean 1kg,2,46.06
2026-03-28,Denver,Burr Grinder,2,255.48
2026-03-28,Boulder,Paper Filters,2,12.52
2026-03-28,Boulder,Whole Bean 1kg,1,23.8
2026-03-28,Denver,Whole Bean 1kg,3,70.13
2026-03-28,Fort Collins,Whole Bean 1kg,1,26.04
2026-03-28,Denver,Whole Bean 1kg,2,48.18
2026-03-28,Denver,Whole Bean 1kg,2,47.12
2026-03-28,Boulder,Paper Filters,2,11.22
2026-03-28,Fort Collins,Burr Grinder,2,249.34
2026-03-28,Denver,Paper Filters,2,12.09
2026-03-28,Denver,Paper Filters,2,12.02
2026-03-28,Denver,Whole Bean 1kg,1,24.55
2026-03-28,Boulder,Whole Bean 1kg,1,24.16
2026-03-28,Boulder,Gooseneck Kettle,2,115.3
2026-03-28,Boulder,Whole Bean 1kg,1,25.01
2026-03-28,Fort Collins,Whole Bean 1kg,1,24.49
2026-03-28,Fort Collins,Burr Grinder,1,130.7
2026-03-28,Denver,Burr Grinder,1,136.05
2026-03-28,Boulder,Whole Bean 1kg,1,23.81
2026-03-28,Denver,Gooseneck Kettle,1,59.11
2026-03-28,Boulder,Paper Filters,1,5.88
2026-03-28,Boulder,Espresso Machine,1,351.66
2026-03-28,Denver,Whole Bean 1kg,1,24.27
2026-03-28,Denver,Whole Bean 1kg,1,23.49
2026-03-28,Denver,Espresso Machine,2,668.93
2026-03-28,Boulder,Whole Bean 1kg,1,23.15
2026-03-28,Boulder,Whole Bean 1kg,2,44.72
2026-03-29,Fort Collins,Whole Bean 1kg,2,47.75
2026-03-29,Boulder,Whole Bean 1kg,3,70.4
2026-03-29,Fort Collins,Gooseneck Kettle,2,121.46
2026-03-29,Boulder,Whole Bean 1kg,1,24.2
2026-03-29,Boulder,Gooseneck Kettle,2,118.16
2026-03-29,Denver,Whole Bean 1kg,3,76.56
2026-03-29,Boulder,Whole Bean 1kg,2,47.81
2026-03-29,Boulder,Whole Bean 1kg,1,24.41
2026-03-29,Boulder,Paper Filters,1,6.33
2026-03-29,Denver,Paper Filters,3,18.34
2026-03-29,Denver,Whole Bean 1kg,2,47.12
2026-03-29,Denver,Whole Bean 1kg,1,23.84
2026-03-29,Denver,Burr Grinder,2,262.07
2026-03-29,Boulder,Whole Bean 1kg,3,69.16
2026-03-29,Denver,Burr Grinder,1,133.66
2026-03-29,Boulder,Whole Bean 1kg,1,24.75
2026-03-29,Denver,Gooseneck Kettle,1,58.35
2026-03-29,Boulder,Whole Bean 1kg,2,46.47
2026-03-29,Denver,Espresso Machine,2,664.75
2026-03-29,Denver,Burr Grinder,1,130.43
2026-03-29,Boulder,Paper Filters,2,13.22
2026-03-29,Fort Collins,Whole Bean 1kg,1,24.16
2026-03-29,Boulder,Burr Grinder,3,403.14
2026-03-29,Boulder,Whole Bean 1kg,2,51.06
2026-03-29,Denver,Burr Grinder,2,265.09
2026-03-29,Denver,Espresso Machine,2,674.13
2026-03-29,Boulder,Burr Grinder,1,130.36
2026-03-29,Denver,Whole Bean 1kg,1,23.82
2026-03-29,Denver,Whole Bean 1kg,2,47.8
2026-03-29,Denver,Whole Bean 1kg,2,49.39
2026-03-29,Fort Collins,Burr Grinder,1,123.27
2026-03-29,Boulder,Espresso Machine,1,345.5
2026-03-29,Denver,Whole Bean 1kg,1,25.28
2026-03-29,Denver,Paper Filters,2,11.68
2026-03-29,Denver,Gooseneck Kettle,1,58.06
2026-03-29,Denver,Whole Bean 1kg,2,45.04
2026-03-29,Boulder,Burr Grinder,1,127.92
2026-03-29,Fort Collins,Whole Bean 1kg,2,47.09
2026-03-29,Fort Collins,Whole Bean 1kg,1,23.07
2026-03-29,Boulder,Espresso Machine,1,345.53
2026-03-29,Fort Collins,Whole Bean 1kg,2,49.06
2026-03-29,Boulder,Whole Bean 1kg,2,48.42
2026-03-29,Boulder,Espresso Machine,1,364.96
2026-03-29,Boulder,Whole Bean 1kg,1,24.19
2026-03-29,Boulder,Whole Bean 1kg,2,47.97
2026-03-29,Boulder,Whole Bean 1kg,2,46.02
2026-03-29,Boulder,Paper Filters,1,5.7
2026-03-29,Boulder,Paper Filters,3,17.76
2026-03-29,Denver,Paper Filters,2,11.75
2026-03-29,Boulder,Gooseneck Kettle,2,116.53
2026-03-29,Fort Collins,Whole Bean 1kg,1,23.76
2026-03-29,Boulder,Whole Bean 1kg,2,49.95
2026-03-29,Fort Collins,Whole Bean 1kg,2,50.96
2026-03-29,Denver,Whole Bean 1kg,2,46.01
2026-03-29,Fort Collins,Whole Bean 1kg,2,46.95
2026-03-29,Denver,Whole Bean 1kg,1,24.15
2026-03-29,Boulder,Whole Bean 1kg,1,24.53
2026-03-29,Fort Collins,Burr Grinder,1,130.59
2026-03-29,Fort Collins,Paper Filters,1,6.17
2026-03-29,Denver,Paper Filters,2,11.5
2026-03-30,Denver,Paper Filters,2,11.36
2026-03-30,Denver,Whole Bean 1kg,1,24.53
2026-03-30,Boulder,Paper Filters,1,6.08
2026-03-30,Boulder,Whole Bean 1kg,2,48.93
2026-03-30,Boulder,Gooseneck Kettle,2,113.92
2026-03-30,Denver,Gooseneck Kettle,1,61.58
2026-03-30,Fort Collins,Gooseneck Kettle,1,59.27
2026-03-30,Fort Collins,Whole Bean 1kg,1,24.52
2026-03-30,Fort Collins,Whole Bean 1kg,1,24.84
2026-03-30,Denver,Paper Filters,2,12.15
2026-03-30,Denver,Paper Filters,1,5.75
2026-03-30,Denver,Whole Bean 1kg,2,48.56
2026-03-30,Denver,Paper Filters,1,6.15
2026-03-30,Denver,Whole Bean 1kg,1,23.8
2026-03-30,Boulder,Paper Filters,2,12.23
2026-03-30,Boulder,Whole Bean 1kg,1,24.3
2026-03-30,Boulder,Gooseneck Kettle,1,56.65
2026-03-30,Fort Collins,Whole Bean 1kg,1,23.93
2026-03-30,Fort Collins,Whole Bean 1kg,1,24.01
2026-03-30,Boulder,Whole Bean 1kg,2,48.18
2026-03-30,Denver,Burr Grinder,3,391.01
2026-03-31,Denver,Gooseneck Kettle,2,118.96
2026-03-31,Fort Collins,Whole Bean 1kg,2,47.68
2026-03-31,Boulder,Espresso Machine,1,378.87
2026-03-31,Denver,Burr Grinder,1,136.33
2026-03-31,Denver,Paper Filters,2,12.12
2026-03-31,Fort Collins,Whole Bean 1kg,1,24.39
2026-03-31,Boulder,Whole Bean 1kg,1,23.25
2026-03-31,Denver,Whole Bean 1kg,1,26.02
2026-03-31,Denver,Whole Bean 1kg,4,94.7
2026-03-31,Boulder,Gooseneck Kettle,3,189.12
2026-03-31,Denver,Whole Bean 1kg,2,46.3
2026-03-31,Fort Collins,Whole Bean 1kg,2,47.84
2026-03-31,Denver,Whole Bean 1kg,2,48.59
2026-03-31,Denver,Whole Bean 1kg,1,23.29
2026-03-31,Denver,Whole Bean 1kg,1,24.51
2026-03-31,Boulder,Gooseneck Kettle,2,118.37
2026-03-31,Denver,Whole Bean 1kg,1,24.6
2026-03-31,Denver,Burr Grinder,1,131.7
2026-03-31,Boulder,Paper Filters,1,6.06
2026-03-31,Fort Collins,Burr Grinder,2,268.46
2026-03-31,Fort Collins,Gooseneck Kettle,3,176.62
2026-03-31,Boulder,Whole Bean 1kg,1,24.94
2026-03-31,Boulder,Whole Bean 1kg,2,47.24
2026-03-31,Denver,Espresso Machine,2,691.34
2026-03-31,Denver,Whole Bean 1kg,1,23.96
2026-03-31,Denver,Paper Filters,2,11.55
2026-04-01,Fort Collins,Whole Bean 1kg,1,23.73
2026-04-01,Fort Collins,Whole Bean 1kg,1,24.21
2026-04-01,Denver,Whole Bean 1kg,2,47.36
2026-04-01,Boulder,Whole Bean 1kg,2,47.67
2026-04-01,Boulder,Whole Bean 1kg,2,49.01
2026-04-01,Boulder,Burr Grinder,1,131.3
2026-04-01,Denver,Espresso Machine,1,331.77
2026-04-01,Fort Collins,Whole Bean 1kg,2,47.51
2026-04-01,Denver,Whole Bean 1kg,1,24.08
2026-04-01,Denver,Whole Bean 1kg,2,47.99
2026-04-01,Fort Collins,Paper Filters,2,11.69
2026-04-01,Denver,Whole Bean 1kg,2,46.03
2026-04-01,Boulder,Gooseneck Kettle,2,116.2
2026-04-01,Fort Collins,Paper Filters,3,18.74
2026-04-01,Boulder,Whole Bean 1kg,2,46.42
2026-04-01,Denver,Gooseneck Kettle,1,60.47
2026-04-01,Denver,Espresso Machine,2,706.83
2026-04-01,Denver,Burr Grinder,1,133.09
2026-04-01,Denver,Espresso Machine,1,334.2
2026-04-01,Denver,Whole Bean 1kg,1,22.73
2026-04-01,Boulder,Burr Grinder,2,255.92
2026-04-01,Denver,Espresso Machine,1,352.43
2026-04-01,Denver,Burr Grinder,3,382.79
2026-04-01,Denver,Whole Bean 1kg,3,68.18
2026-04-01,Denver,Paper Filters,2,12.75
2026-04-01,Denver,Whole Bean 1kg,1,23.73
2026-04-01,Denver,Burr Grinder,2,255.28
2026-04-01,Fort Collins,Paper Filters,2,11.85
2026-04-01,Denver,Paper Filters,1,5.91
2026-04-01,Boulder,Whole Bean 1kg,3,72.95
2026-04-01,Denver,Burr Grinder,2,247.38
2026-04-02,Boulder,Whole Bean 1kg,1,23.58
2026-04-02,Fort Collins,Paper Filters,3,18.06
2026-04-02,Denver,Paper Filters,1,6.03
2026-04-02,Boulder,Gooseneck Kettle,1,59.63
2026-04-02,Boulder,Gooseneck Kettle,2,115.78
2026-04-02,Denver,Paper Filters,3,17.7
2026-04-02,Denver,Whole Bean 1kg,1,23.11
2026-04-02,Boulder,Whole Bean 1kg,2,48.46
2026-04-02,Boulder,Whole Bean 1kg,3,72.81
2026-04-02,Boulder,Whole Bean 1kg,1,24.52
2026-04-02,Denver,Whole Bean 1kg,1,24.56
2026-04-02,Boulder,Burr Grinder,2,253.64
2026-04-02,Boulder,Burr Grinder,1,131.55
2026-04-02,Boulder,Whole Bean 1kg,3,72.48
2026-04-02,Denver,Espresso Machine,2,653.7
2026-04-02,Boulder,Espresso Machine,2,671.42
2026-04-02,Denver,Paper Filters,1,6.04
2026-04-02,Boulder,Whole Bean 1kg,2,46.43
2026-04-02,Denver,Whole Bean 1kg,3,72.39
2026-04-02,Denver,Burr Grinder,2,260.93
2026-04-02,Denver,Whole Bean 1kg,1,22.67
2026-04-02,Denver,Espresso Machine,2,707.06
2026-04-02,Denver,Paper Filters,2,12.03
2026-04-02,Denver,Paper Filters,3,18.77
2026-04-02,Denver,Whole Bean 1kg,1,24.36
2026-04-02,Boulder,Paper Filters,3,18.75
2026-04-02,Boulder,Whole Bean 1kg,1,23.71
2026-04-02,Fort Collins,Whole Bean 1kg,1,25.34
2026-04-02,Denver,Paper Filters,1,5.99
2026-04-02,Boulder,Paper Filters,1,5.81
2026-04-02,Boulder,Paper Filters,1,5.86
2026-04-02,Denver,Gooseneck Kettle,1,58.21
2026-04-02,Boulder,Espresso Machine,1,350.23
2026-04-02,Boulder,Whole Bean 1kg,2,49.21
2026-04-02,Fort Collins,Gooseneck Kettle,1,57.69
2026-04-02,Boulder,Whole Bean 1kg,1,24.8
2026-04-02,Fort Collins,Whole Bean 1kg,1,23.42
2026-04-02,Denver,Gooseneck Kettle,1,60.5
2026-04-02,Boulder,Whole Bean 1kg,2,47.8
2026-04-02,Boulder,Whole Bean 1kg,4,94.18
2026-04-02,Boulder,Whole Bean 1kg,2,48.01
2026-04-03,Boulder,Paper Filters,2,11.95
2026-04-03,Denver,Whole Bean 1kg,1,23.89
2026-04-03,Boulder,Burr Grinder,2,257.59
2026-04-03,Fort Collins,Burr Grinder,2,257.32
2026-04-03,Denver,Whole Bean 1kg,1,23.7
2026-04-03,Boulder,Whole Bean 1kg,1,24.11
2026-04-03,Boulder,Whole Bean 1kg,1,22.02
2026-04-03,Denver,Paper Filters,3,18.33
2026-04-03,Fort Collins,Paper Filters,3,18.23
2026-04-03,Boulder,Espresso Machine,1,355.14
2026-04-03,Boulder,Whole Bean 1kg,2,46.5
2026-04-03,Fort Collins,Gooseneck Kettle,1,60.62
2026-04-03,Boulder,Espresso Machine,1,348.01
2026-04-03,Denver,Whole Bean 1kg,2,49.84
2026-04-03,Denver,Espresso Machine,1,337.99
2026-04-03,Denver,Whole Bean 1kg,1,24.69
2026-04-03,Boulder,Whole Bean 1kg,1,23.68
2026-04-03,Boulder,Gooseneck Kettle,1,55.43
2026-04-03,Boulder,Whole Bean 1kg,2,48.86
2026-04-03,Denver,Whole Bean 1kg,1,24.85
2026-04-03,Boulder,Paper Filters,2,11.97
2026-04-03,Fort Collins,Paper Filters,1,6.03
2026-04-03,Boulder,Whole Bean 1kg,1,22.4
2026-04-03,Boulder,Burr Grinder,3,411.07
2026-04-03,Boulder,Gooseneck Kettle,1,61.66
2026-04-03,Boulder,Burr Grinder,1,134.22
2026-04-03,Boulder,Paper Filters,1,5.99
2026-04-03,Boulder,Whole Bean 1kg,2,45.9
2026-04-03,Boulder,Burr Grinder,2,262.34
2026-04-03,Boulder,Gooseneck Kettle,2,108.63
2026-04-03,Denver,Paper Filters,2,12.27
2026-04-03,Denver,Whole Bean 1kg,1,24.09
2026-04-03,Boulder,Paper Filters,2,12.41
2026-04-03,Denver,Whole Bean 1kg,2,45.58
2026-04-03,Fort Collins,Paper Filters,3,17.53
2026-04-03,Denver,Whole Bean 1kg,2,48.98
2026-04-03,Boulder,Whole Bean 1kg,2,49.15
2026-04-03,Fort Collins,Paper Filters,2,11.22
2026-04-03,Boulder,Whole Bean 1kg,1,23.85
2026-04-03,Boulder,Gooseneck Kettle,3,172.62
2026-04-03,Fort Collins,Burr Grinder,1,131.37
2026-04-03,Denver,Whole Bean 1kg,2,48.02
2026-04-03,Fort Collins,Gooseneck Kettle,1,61.84
2026-04-04,Denver,Paper Filters,1,5.85
2026-04-04,Fort Collins,Whole Bean 1kg,2,50.06
2026-04-04,Denver,Whole Bean 1kg,3,71.87
2026-04-04,Boulder,Paper Filters,2,12.03
2026-04-04,Denver,Paper Filters,1,6.31
2026-04-04,Boulder,Burr Grinder,2,258.36
2026-04-04,Boulder,Gooseneck Kettle,3,169.88
2026-04-04,Fort Collins,Gooseneck Kettle,2,118.81
2026-04-04,Boulder,Burr Grinder,2,245.75
2026-04-04,Boulder,Whole Bean 1kg,2,47.06
2026-04-04,Boulder,Whole Bean 1kg,2,47.42
2026-04-04,Boulder,Whole Bean 1kg,1,23.84
2026-04-04,Boulder,Gooseneck Kettle,1,59.21
2026-04-04,Denver,Paper Filters,2,12.4
2026-04-04,Boulder,Burr Grinder,1,126.2
2026-04-04,Denver,Whole Bean 1kg,2,49.05
2026-04-04,Denver,Whole Bean 1kg,3,73.91
2026-04-04,Boulder,Paper Filters,1,6.33
2026-04-04,Fort Collins,Paper Filters,3,17.79
2026-04-04,Boulder,Paper Filters,1,6.36
2026-04-04,Boulder,Gooseneck Kettle,2,116.79
2026-04-04,Denver,Espresso Machine,2,699.31
2026-04-04,Boulder,Whole Bean 1kg,3,74.11
2026-04-04,Denver,Burr Grinder,1,124.61
2026-04-04,Boulder,Paper Filters,2,12.25
2026-04-04,Boulder,Whole Bean 1kg,2,47.56
2026-04-04,Denver,Paper Filters,2,11.87
2026-04-04,Denver,Gooseneck Kettle,1,54.48
2026-04-04,Denver,Burr Grinder,1,127.61
2026-04-04,Denver,Espresso Machine,2,710.52
2026-04-04,Denver,Paper Filters,2,11.5
2026-04-04,Fort Collins,Gooseneck Kettle,1,60.87
2026-04-04,Fort Collins,Paper Filters,2,12.15
2026-04-04,Denver,Gooseneck Kettle,2,118.93
2026-04-04,Fort Collins,Burr Grinder,2,262.43
2026-04-04,Fort Collins,Whole Bean 1kg,1,24.74
2026-04-04,Denver,Espresso Machine,2,715.95
2026-04-04,Denver,Gooseneck Kettle,2,115.38
2026-04-04,Denver,Burr Grinder,1,136.17
2026-04-04,Boulder,Espresso Machine,1,352.22
2026-04-04,Fort Collins,Burr Grinder,1,136.37
2026-04-04,Denver,Whole Bean 1kg,1,24.14
2026-04-04,Boulder,Espresso Machine,1,344.41
2026-04-04,Denver,Gooseneck Kettle,1,59.91
2026-04-04,Denver,Whole Bean 1kg,2,48.54
2026-04-04,Denver,Gooseneck Kettle,1,57.4
2026-04-04,Denver,Whole Bean 1kg,2,48.51
2026-04-04,Denver,Espresso Machine,1,350.76
2026-04-04,Denver,Espresso Machine,1,341.8
2026-04-04,Boulder,Paper Filters,2,11.52
2026-04-04,Denver,Paper Filters,2,12.05
2026-04-04,Boulder,Whole Bean 1kg,1,23.78
2026-04-04,Denver,Gooseneck Kettle,3,176.9
2026-04-04,Fort Collins,Paper Filters,2,11.72
2026-04-04,Boulder,Whole Bean 1kg,2,49.08
2026-04-04,Boulder,Whole Bean 1kg,2,46.68
2026-04-04,Fort Collins,Burr Grinder,1,127.85
2026-04-04,Denver,Whole Bean 1kg,2,46.76
2026-04-04,Boulder,Burr Grinder,1,128.23
2026-04-04,Boulder,Paper Filters,2,11.48
2026-04-04,Denver,Espresso Machine,1,351.29
2026-04-04,Denver,Gooseneck Kettle,1,58.56
2026-04-04,Boulder,Paper Filters,3,17.44
2026-04-05,Fort Collins,Whole Bean 1kg,2,48.42
2026-04-05,Boulder,Paper Filters,2,11.79
2026-04-05,Fort Collins,Whole Bean 1kg,1,24.37
2026-04-05,Boulder,Paper Filters,2,12.32
2026-04-05,Fort Collins,Espresso Machine,2,718.92
2026-04-05,Boulder,Whole Bean 1kg,2,48.43
2026-04-05,Boulder,Paper Filters,2,11.92
2026-04-05,Fort Collins,Whole Bean 1kg,1,24.53
2026-04-05,Boulder,Whole Bean 1kg,1,24.51
2026-04-05,Fort Collins,Whole Bean 1kg,1,24.05
2026-04-05,Denver,Whole Bean 1kg,2,50.41
2026-04-05,Boulder,Burr Grinder,2,264.51
2026-04-05,Denver,Whole Bean 1kg,2,48.55
2026-04-05,Fort Collins,Gooseneck Kettle,2,118.29
2026-04-05,Denver,Espresso Machine,3,1031.67
2026-04-05,Boulder,Whole Bean 1kg,2,47.14
2026-04-05,Fort Collins,Burr Grinder,2,253.52
2026-04-05,Boulder,Whole Bean 1kg,3,70.01
2026-04-05,Denver,Paper Filters,1,6.01
2026-04-05,Boulder,Whole Bean 1kg,1,24.42
2026-04-05,Boulder,Burr Grinder,2,261.61
2026-04-05,Boulder,Whole Bean 1kg,2,49.51
2026-04-05,Fort Collins,Whole Bean 1kg,3,72.44
2026-04-05,Fort Collins,Paper Filters,1,6.2
2026-04-05,Boulder,Whole Bean 1kg,1,23.98
2026-04-05,Denver,Burr Grinder,1,134.08
2026-04-05,Boulder,Paper Filters,1,6.33
2026-04-05,Boulder,Burr Grinder,1,126.08
2026-04-05,Fort Collins,Gooseneck Kettle,3,180.73
2026-04-05,Denver,Espresso Machine,2,678.9
2026-04-05,Boulder,Whole Bean 1kg,2,45.9
2026-04-05,Boulder,Whole Bean 1kg,2,45.61
2026-04-05,Denver,Whole Bean 1kg,1,24.19
2026-04-05,Denver,Espresso Machine,4,1422.21
2026-04-05,Boulder,Whole Bean 1kg,2,48.61
2026-04-05,Denver,Espresso Machine,2,686.79
2026-04-05,Denver,Whole Bean 1kg,2,49.11
2026-04-05,Denver,Paper Filters,1,6.06
2026-04-05,Boulder,Burr Grinder,2,246.63
2026-04-05,Boulder,Whole Bean 1kg,2,45.67
2026-04-05,Boulder,Burr Grinder,2,266.38
2026-04-05,Denver,Whole Bean 1kg,2,47.89
2026-04-05,Fort Collins,Whole Bean 1kg,2,50.62
2026-04-05,Denver,Whole Bean 1kg,1,23.98
2026-04-05,Denver,Gooseneck Kettle,1,59.99
2026-04-05,Boulder,Burr Grinder,3,407.09
2026-04-05,Boulder,Paper Filters,3,18.72
2026-04-05,Boulder,Whole Bean 1kg,2,48.15
2026-04-05,Boulder,Gooseneck Kettle,2,120.55
2026-04-05,Fort Collins,Paper Filters,1,6.07
2026-04-05,Boulder,Gooseneck Kettle,1,59.4
2026-04-05,Boulder,Paper Filters,2,12.07
2026-04-05,Fort Collins,Whole Bean 1kg,2,46.91
2026-04-05,Boulder,Whole Bean 1kg,2,48.03
2026-04-05,Denver,Whole Bean 1kg,1,24.34
2026-04-05,Boulder,Paper Filters,1,6.44
2026-04-06,Boulder,Whole Bean 1kg,1,23.41
2026-04-06,Fort Collins,Whole Bean 1kg,2,49.41
2026-04-06,Denver,Whole Bean 1kg,2,45.84
2026-04-06,Boulder,Whole Bean 1kg,2,49.11
2026-04-06,Denver,Burr Grinder,1,122.04
2026-04-06,Denver,Paper Filters,1,5.91
2026-04-06,Denver,Burr Grinder,1,130.6
2026-04-06,Boulder,Burr Grinder,3,373.39
2026-04-06,Boulder,Burr Grinder,1,129.96
2026-04-06,Boulder,Espresso Machine,2,695.81
2026-04-06,Boulder,Whole Bean 1kg,1,23.64
2026-04-06,Boulder,Whole Bean 1kg,1,23.99
2026-04-06,Denver,Whole Bean 1kg,2,47.45
2026-04-06,Boulder,Burr Grinder,3,386.27
2026-04-06,Boulder,Espresso Machine,2,691.87
2026-04-06,Fort Collins,Paper Filters,3,18.61
2026-04-06,Boulder,Whole Bean 1kg,2,48.72
2026-04-06,Boulder,Paper Filters,2,12.11
2026-04-06,Boulder,Paper Filters,2,12.39
2026-04-06,Boulder,Whole Bean 1kg,2,45.85
2026-04-06,Denver,Whole Bean 1kg,2,46.17
2026-04-06,Boulder,Paper Filters,2,12.02
2026-04-07,Fort Collins,Whole Bean 1kg,1,24.35
2026-04-07,Denver,Gooseneck Kettle,1,58.02
2026-04-07,Denver,Gooseneck Kettle,1,59.01
2026-04-07,Boulder,Whole Bean 1kg,1,24.32
2026-04-07,Fort Collins,Gooseneck Kettle,1,59.89
2026-04-07,Denver,Whole Bean 1kg,2,47.09
2026-04-07,Denver,Whole Bean 1kg,1,24.47
2026-04-07,Boulder,Whole Bean 1kg,1,24.45
2026-04-07,Boulder,Whole Bean 1kg,1,22.93
2026-04-07,Denver,Paper Filters,1,5.95
2026-04-07,Denver,Whole Bean 1kg,1,24.09
2026-04-07,Denver,Paper Filters,2,11.71
2026-04-07,Boulder,Whole Bean 1kg,1,23.14
2026-04-07,Boulder,Burr Grinder,1,130.24
2026-04-07,Boulder,Espresso Machine,3,1066.31
2026-04-07,Fort Collins,Paper Filters,1,5.8
2026-04-07,Fort Collins,Espresso Machine,1,341.5
2026-04-07,Denver,Espresso Machine,2,717.11
2026-04-07,Denver,Whole Bean 1kg,1,24.39
2026-04-07,Boulder,Gooseneck Kettle,1,57.82
2026-04-07,Denver,Gooseneck Kettle,3,173.29
2026-04-07,Boulder,Espresso Machine,1,358.15
2026-04-07,Fort Collins,Whole Bean 1kg,2,47.29
2026-04-07,Boulder,Whole Bean 1kg,2,49.57
2026-04-07,Denver,Paper Filters,1,5.97
2026-04-07,Fort Collins,Espresso Machine,1,328.94
2026-04-07,Denver,Burr Grinder,1,129.63
2026-04-07,Denver,Whole Bean 1kg,1,23.41
2026-04-07,Denver,Whole Bean 1kg,3,69.91
2026-04-07,Boulder,Espresso Machine,4,1343.71
2026-04-08,Denver,Espresso Machine,2,693.62
2026-04-08,Fort Collins,Whole Bean 1kg,2,47.01
2026-04-08,Denver,Paper Filters,1,6.05
2026-04-08,Denver,Burr Grinder,2,253.86
2026-04-08,Denver,Whole Bean 1kg,2,48.75
2026-04-08,Denver,Whole Bean 1kg,2,48.63
2026-04-08,Denver,Whole Bean 1kg,3,72.6
2026-04-08,Boulder,Whole Bean 1kg,1,23.58
2026-04-08,Denver,Paper Filters,1,5.77
2026-04-08,Boulder,Burr Grinder,1,136.0
2026-04-08,Boulder,Whole Bean 1kg,3,70.73
2026-04-08,Denver,Paper Filters,3,18.11
2026-04-08,Boulder,Whole Bean 1kg,2,47.92
2026-04-08,Denver,Paper Filters,1,5.72
2026-04-08,Denver,Whole Bean 1kg,1,24.01
2026-04-08,Boulder,Whole Bean 1kg,2,48.53
2026-04-08,Boulder,Whole Bean 1kg,2,49.03
2026-04-08,Denver,Whole Bean 1kg,1,23.92
2026-04-08,Boulder,Paper Filters,1,6.19
2026-04-08,Boulder,Whole Bean 1kg,1,23.45
2026-04-08,Boulder,Whole Bean 1kg,3,72.92
2026-04-08,Fort Collins,Whole Bean 1kg,1,24.32
2026-04-08,Denver,Whole Bean 1kg,2,48.81
2026-04-08,Denver,Burr Grinder,2,262.49
2026-04-08,Denver,Burr Grinder,1,128.96
2026-04-08,Denver,Burr Grinder,2,248.03
2026-04-08,Boulder,Espresso Machine,2,674.65
2026-04-08,Fort Collins,Burr Grinder,1,127.87
2026-04-08,Denver,Gooseneck Kettle,2,112.38
2026-04-08,Boulder,Espresso Machine,1,357.32
2026-04-08,Fort Collins,Burr Grinder,2,253.33
2026-04-08,Denver,Whole Bean 1kg,2,47.94
2026-04-08,Denver,Paper Filters,2,11.94
2026-04-08,Boulder,Whole Bean 1kg,3,72.37
2026-04-08,Denver,Paper Filters,1,6.02
2026-04-08,Denver,Burr Grinder,2,252.01
2026-04-08,Denver,Paper Filters,1,6.09
2026-04-09,Denver,Gooseneck Kettle,3,186.15
2026-04-09,Boulder,Gooseneck Kettle,1,56.11
2026-04-09,Fort Collins,Espresso Machine,2,717.47
2026-04-09,Boulder,Espresso Machine,1,355.67
2026-04-09,Denver,Paper Filters,3,18.75
2026-04-09,Boulder,Whole Bean 1kg,1,23.3
2026-04-09,Boulder,Paper Filters,1,6.39
2026-04-09,Fort Collins,Burr Grinder,2,248.64
2026-04-09,Boulder,Paper Filters,3,18.47
2026-04-09,Fort Collins,Paper Filters,2,11.72
2026-04-09,Boulder,Paper Filters,1,5.93
2026-04-09,Denver,Espresso Machine,2,689.49
2026-04-09,Fort Collins,Whole Bean 1kg,1,24.16
2026-04-09,Boulder,Burr Grinder,1,130.91
2026-04-09,Denver,Burr Grinder,1,126.5
2026-04-09,Denver,Paper Filters,2,11.69
2026-04-09,Denver,Gooseneck Kettle,3,182.75
2026-04-09,Denver,Paper Filters,3,18.06
2026-04-09,Denver,Paper Filters,1,6.04
2026-04-09,Denver,Whole Bean 1kg,1,23.22
2026-04-09,Denver,Paper Filters,1,5.61
2026-04-09,Boulder,Espresso Machine,1,346.78
2026-04-09,Denver,Whole Bean 1kg,2,45.94
2026-04-09,Boulder,Paper Filters,1,5.86
2026-04-09,Boulder,Whole Bean 1kg,3,71.72
2026-04-09,Boulder,Whole Bean 1kg,2,48.8
2026-04-09,Boulder,Paper Filters,1,5.89
2026-04-09,Denver,Espresso Machine,1,345.1
2026-04-09,Denver,Paper Filters,1,5.8
2026-04-09,Denver,Burr Grinder,2,251.62
2026-04-09,Denver,Whole Bean 1kg,2,49.11
2026-04-09,Denver,Paper Filters,2,11.9
2026-04-09,Boulder,Burr Grinder,2,248.52
2026-04-09,Fort Collins,Whole Bean 1kg,1,23.74
2026-04-09,Boulder,Burr Grinder,2,261.98
2026-04-09,Denver,Paper Filters,2,12.36
2026-04-09,Denver,Paper Filters,1,6.33
2026-04-09,Denver,Paper Filters,2,12.45
2026-04-10,Boulder,Whole Bean 1kg,1,23.22
2026-04-10,Denver,Burr Grinder,1,130.51
2026-04-10,Denver,Paper Filters,1,5.89
2026-04-10,Denver,Gooseneck Kettle,1,60.75
2026-04-10,Denver,Whole Bean 1kg,1,23.37
2026-04-10,Boulder,Whole Bean 1kg,1,22.45
2026-04-10,Fort Collins,Paper Filters,1,5.94
2026-04-10,Fort Collins,Whole Bean 1kg,3,73.26
2026-04-10,Denver,Whole Bean 1kg,2,50.3
2026-04-10,Fort Collins,Whole Bean 1kg,1,23.76
2026-04-10,Boulder,Espresso Machine,3,1043.01
2026-04-10,Denver,Burr Grinder,1,125.7
2026-04-10,Denver,Gooseneck Kettle,3,175.71
2026-04-10,Denver,Espresso Machine,2,677.86
2026-04-10,Boulder,Whole Bean 1kg,1,23.57
2026-04-10,Boulder,Whole Bean 1kg,1,23.74
2026-04-10,Denver,Whole Bean 1kg,2,46.23
2026-04-10,Boulder,Burr Grinder,3,381.64
2026-04-10,Boulder,Burr Grinder,3,389.41
2026-04-10,Denver,Whole Bean 1kg,2,49.58
2026-04-10,Fort Collins,Whole Bean 1kg,2,49.74
2026-04-10,Denver,Whole Bean 1kg,1,24.57
2026-04-10,Boulder,Whole Bean 1kg,2,47.24
2026-04-10,Boulder,Whole Bean 1kg,2,49.2
2026-04-10,Fort Collins,Espresso Machine,1,347.52
2026-04-10,Denver,Paper Filters,3,17.49
2026-04-10,Denver,Paper Filters,3,18.25
2026-04-10,Boulder,Whole Bean 1kg,1,25.18
2026-04-10,Denver,Whole Bean 1kg,1,22.46
2026-04-10,Denver,Espresso Machine,1,357.16
2026-04-10,Boulder,Whole Bean 1kg,1,23.21
2026-04-10,Denver,Whole Bean 1kg,2,44.83
2026-04-10,Boulder,Gooseneck Kettle,2,118.47
2026-04-10,Denver,Burr Grinder,2,262.2
2026-04-10,Fort Collins,Whole Bean 1kg,2,49.74
2026-04-10,Boulder,Burr Grinder,1,125.39
2026-04-10,Denver,Whole Bean 1kg,1,24.71
2026-04-10,Denver,Paper Filters,1,6.15
2026-04-10,Fort Collins,Burr Grinder,1,134.48
2026-04-10,Denver,Burr Grinder,3,370.68
2026-04-10,Denver,Espresso Machine,1,353.06
2026-04-10,Fort Collins,Whole Bean 1kg,1,24.27
2026-04-10,Boulder,Whole Bean 1kg,1,24.32
2026-04-10,Fort Collins,Whole Bean 1kg,1,23.84
2026-04-10,Denver,Whole Bean 1kg,1,23.63
2026-04-10,Boulder,Espresso Machine,1,346.95
2026-04-10,Denver,Paper Filters,2,12.81
2026-04-10,Fort Collins,Whole Bean 1kg,2,49.21
2026-04-10,Boulder,Burr Grinder,1,131.8
2026-04-10,Fort Collins,Whole Bean 1kg,1,23.34
2026-04-10,Fort Collins,Paper Filters,1,6.18
2026-04-10,Fort Collins,Gooseneck Kettle,2,114.54
2026-04-10,Fort Collins,Whole Bean 1kg,2,48.67
2026-04-10,Denver,Whole Bean 1kg,2,45.24
2026-04-10,Denver,Paper Filters,2,11.52
2026-04-11,Denver,Gooseneck Kettle,1,58.09
2026-04-11,Boulder,Paper Filters,2,12.09
2026-04-11,Denver,Burr Grinder,2,249.72
2026-04-11,Denver,Whole Bean 1kg,2,47.29
2026-04-11,Fort Collins,Whole Bean 1kg,1,24.23
2026-04-11,Boulder,Burr Grinder,2,253.88
2026-04-11,Denver,Burr Grinder,2,247.64
2026-04-11,Denver,Burr Grinder,1,130.75
2026-04-11,Boulder,Paper Filters,1,5.86
2026-04-11,Denver,Espresso Machine,1,352.84
2026-04-11,Boulder,Whole Bean 1kg,1,24.64
2026-04-11,Denver,Espresso Machine,1,356.45
2026-04-11,Boulder,Whole Bean 1kg,1,24.31
2026-04-11,Fort Collins,Whole Bean 1kg,2,45.51
2026-04-11,Denver,Burr Grinder,1,133.74
2026-04-11,Denver,Paper Filters,1,5.79
2026-04-11,Fort Collins,Espresso Machine,1,355.1
2026-04-11,Boulder,Paper Filters,2,12.19
2026-04-11,Boulder,Espresso Machine,2,707.16
2026-04-11,Boulder,Paper Filters,1,5.96
2026-04-11,Boulder,Burr Grinder,2,259.9
2026-04-11,Fort Collins,Whole Bean 1kg,2,47.05
2026-04-11,Denver,Espresso Machine,1,344.54
2026-04-11,Fort Collins,Burr Grinder,3,385.08
2026-04-11,Boulder,Burr Grinder,2,258.76
2026-04-11,Denver,Whole Bean 1kg,2,48.18
2026-04-11,Denver,Whole Bean 1kg,1,24.24
2026-04-11,Boulder,Burr Grinder,1,127.19
2026-04-11,Denver,Burr Grinder,1,130.19
2026-04-11,Denver,Whole Bean 1kg,3,69.79
2026-04-11,Boulder,Paper Filters,1,5.79
2026-04-11,Fort Collins,Whole Bean 1kg,1,24.22
2026-04-11,Fort Collins,Espresso Machine,2,701.48
2026-04-11,Denver,Paper Filters,2,11.76
2026-04-11,Boulder,Whole Bean 1kg,1,23.97
2026-04-11,Denver,Paper Filters,1,6.05
2026-04-11,Denver,Whole Bean 1kg,1,23.12
2026-04-11,Denver,Whole Bean 1kg,3,76.66
2026-04-11,Denver,Espresso Machine,2,718.57
2026-04-11,Boulder,Espresso Machine,3,1019.01
2026-04-11,Boulder,Whole Bean 1kg,1,23.77
2026-04-11,Denver,Whole Bean 1kg,2,46.17
2026-04-11,Denver,Whole Bean 1kg,2,50.16
2026-04-11,Fort Collins,Whole Bean 1kg,1,24.55
2026-04-11,Boulder,Paper Filters,2,12.31
2026-04-11,Boulder,Burr Grinder,2,260.92
2026-04-11,Denver,Whole Bean 1kg,2,47.73
2026-04-11,Fort Collins,Whole Bean 1kg,3,72.36
2026-04-11,Boulder,Paper Filters,1,6.01
2026-04-11,Boulder,Whole Bean 1kg,2,48.2
2026-04-11,Denver,Paper Filters,1,5.97
2026-04-11,Denver,Espresso Machine,2,711.49
2026-04-11,Denver,Whole Bean 1kg,2,49.4
2026-04-11,Denver,Whole Bean 1kg,2,49.82
2026-04-11,Fort Collins,Paper Filters,1,6.19
2026-04-11,Boulder,Whole Bean 1kg,1,23.87
2026-04-11,Boulder,Burr Grinder,2,248.43
2026-04-11,Denver,Espresso Machine,1,338.73
2026-04-11,Denver,Paper Filters,1,6.13
2026-04-11,Denver,Paper Filters,1,5.77
2026-04-11,Denver,Gooseneck Kettle,1,61.15
2026-04-11,Fort Collins,Paper Filters,1,6.01
2026-04-11,Boulder,Whole Bean 1kg,1,24.46
2026-04-11,Denver,Whole Bean 1kg,2,47.38
2026-04-11,Denver,Whole Bean 1kg,1,23.33
2026-04-11,Boulder,Paper Filters,1,6.1
2026-04-11,Fort Collins,Whole Bean 1kg,2,49.56
2026-04-11,Denver,Gooseneck Kettle,2,115.25
2026-04-11,Denver,Gooseneck Kettle,2,122.69
2026-04-11,Boulder,Paper Filters,1,5.92
2026-04-11,Boulder,Paper Filters,1,6.14
2026-04-11,Fort Collins,Espresso Machine,2,700.07
2026-04-11,Denver,Espresso Machine,2,686.28
2026-04-11,Boulder,Paper Filters,2,11.65
2026-04-11,Denver,Whole Bean 1kg,1,24.32
2026-04-11,Denver,Whole Bean 1kg,1,24.49
2026-04-11,Boulder,Whole Bean 1kg,1,23.39
2026-04-11,Denver,Whole Bean 1kg,2,50.59
2026-04-11,Boulder,Paper Filters,3,18.24
2026-04-12,Denver,Whole Bean 1kg,2,48.65
2026-04-12,Boulder,Whole Bean 1kg,1,23.28
2026-04-12,Boulder,Paper Filters,1,5.92
2026-04-12,Boulder,Whole Bean 1kg,2,51.82
2026-04-12,Denver,Gooseneck Kettle,1,58.43
2026-04-12,Boulder,Whole Bean 1kg,1,24.52
2026-04-12,Fort Collins,Espresso Machine,3,1026.87
2026-04-12,Denver,Whole Bean 1kg,1,23.69
2026-04-12,Boulder,Paper Filters,1,5.9
2026-04-12,Denver,Paper Filters,1,5.87
2026-04-12,Fort Collins,Gooseneck Kettle,2,112.06
2026-04-12,Boulder,Burr Grinder,1,130.28
2026-04-12,Fort Collins,Whole Bean 1kg,1,25.32
2026-04-12,Boulder,Burr Grinder,1,129.64
2026-04-12,Boulder,Gooseneck Kettle,1,56.19
2026-04-12,Fort Collins,Whole Bean 1kg,1,24.49
2026-04-12,Fort Collins,Whole Bean 1kg,2,47.19
2026-04-12,Boulder,Paper Filters,2,12.48
2026-04-12,Boulder,Paper Filters,3,18.2
2026-04-12,Denver,Gooseneck Kettle,2,118.74
2026-04-12,Denver,Whole Bean 1kg,1,23.63
2026-04-12,Boulder,Gooseneck Kettle,1,60.94
2026-04-12,Boulder,Whole Bean 1kg,2,49.76
2026-04-12,Denver,Burr Grinder,2,241.46
2026-04-12,Fort Collins,Whole Bean 1kg,2,47.98
2026-04-12,Boulder,Whole Bean 1kg,2,48.55
2026-04-12,Denver,Whole Bean 1kg,2,47.96
2026-04-12,Denver,Paper Filters,2,12.76
2026-04-12,Denver,Paper Filters,1,6.2
2026-04-12,Denver,Whole Bean 1kg,1,23.49
2026-04-12,Denver,Burr Grinder,1,133.39
2026-04-12,Denver,Paper Filters,1,6.13
2026-04-12,Boulder,Whole Bean 1kg,2,48.7
2026-04-12,Boulder,Whole Bean 1kg,2,49.22
2026-04-12,Denver,Whole Bean 1kg,1,23.32
2026-04-12,Denver,Whole Bean 1kg,2,49.25
2026-04-12,Boulder,Whole Bean 1kg,2,49.01
2026-04-12,Denver,Paper Filters,2,11.83
2026-04-12,Boulder,Paper Filters,1,6.16
2026-04-12,Denver,Gooseneck Kettle,2,119.83
2026-04-12,Denver,Whole Bean 1kg,2,49.02
2026-04-12,Denver,Whole Bean 1kg,1,23.92
2026-04-12,Denver,Whole Bean 1kg,2,48.74
2026-04-12,Denver,Whole Bean 1kg,2,47.68
2026-04-12,Denver,Whole Bean 1kg,2,49.2
2026-04-12,Denver,Whole Bean 1kg,1,23.02
2026-04-12,Boulder,Whole Bean 1kg,3,68.95
2026-04-12,Denver,Whole Bean 1kg,1,24.59
2026-04-12,Boulder,Paper Filters,3,17.68
2026-04-13,Denver,Paper Filters,2,12.35
2026-04-13,Denver,Burr Grinder,2,258.98
2026-04-13,Denver,Gooseneck Kettle,1,58.35
2026-04-13,Boulder,Burr Grinder,3,373.77
2026-04-13,Denver,Burr Grinder,2,256.24
2026-04-13,Denver,Paper Filters,2,11.61
2026-04-13,Boulder,Whole Bean 1kg,2,47.77
2026-04-13,Denver,Burr Grinder,1,132.59
2026-04-13,Boulder,Whole Bean 1kg,3,70.51
2026-04-13,Denver,Whole Bean 1kg,2,46.26
2026-04-13,Fort Collins,Espresso Machine,2,689.89
2026-04-13,Denver,Espresso Machine,2,683.2
2026-04-13,Denver,Whole Bean 1kg,1,24.54
2026-04-13,Boulder,Whole Bean 1kg,1,24.94
2026-04-13,Denver,Burr Grinder,1,120.14
2026-04-13,Denver,Burr Grinder,2,261.31
2026-04-13,Denver,Espresso Machine,2,718.02
2026-04-13,Denver,Burr Grinder,1,127.48
2026-04-13,Boulder,Paper Filters,2,11.84
2026-04-13,Denver,Whole Bean 1kg,4,93.61
2026-04-13,Boulder,Whole Bean 1kg,1,23.56
2026-04-13,Denver,Whole Bean 1kg,1,23.48
2026-04-13,Boulder,Gooseneck Kettle,2,110.33
2026-04-13,Denver,Gooseneck Kettle,1,61.66
2026-04-13,Fort Collins,Gooseneck Kettle,1,61.15
2026-04-13,Fort Collins,Paper Filters,3,17.76
2026-04-13,Denver,Paper Filters,2,12.39
2026-04-13,Boulder,Whole Bean 1kg,1,24.28
2026-04-13,Denver,Espresso Machine,2,674.21
2026-04-13,Fort Collins,Whole Bean 1kg,2,48.74
2026-04-13,Denver,Gooseneck Kettle,1,59.41
2026-04-13,Denver,Whole Bean 1kg,1,23.45
2026-04-13,Boulder,Paper Filters,2,12.07
2026-04-13,Denver,Espresso Machine,2,698.48
2026-04-13,Boulder,Whole Bean 1kg,1,24.16
2026-04-13,Denver,Paper Filters,2,11.3
2026-04-13,Fort Collins,Paper Filters,2,12.73
2026-04-13,Fort Collins,Paper Filters,1,5.98
2026-04-13,Boulder,Whole Bean 1kg,3,64.96
2026-04-13,Fort Collins,Whole Bean 1kg,1,22.77
2026-04-13,Fort Collins,Whole Bean 1kg,2,49.97
2026-04-14,Denver,Paper Filters,2,11.61
2026-04-14,Boulder,Whole Bean 1kg,3,70.85
2026-04-14,Boulder,Whole Bean 1kg,1,22.53
2026-04-14,Denver,Paper Filters,1,6.1
2026-04-14,Fort Collins,Whole Bean 1kg,2,48.04
2026-04-14,Denver,Whole Bean 1kg,2,49.2
2026-04-14,Boulder,Burr Grinder,3,387.12
2026-04-14,Boulder,Whole Bean 1kg,2,49.92
2026-04-14,Denver,Paper Filters,1,5.83
2026-04-14,Boulder,Whole Bean 1kg,2,48.71
2026-04-14,Denver,Whole Bean 1kg,2,48.86
2026-04-14,Denver,Gooseneck Kettle,2,112.81
2026-04-14,Denver,Whole Bean 1kg,1,22.98
2026-04-14,Boulder,Espresso Machine,1,365.03
2026-04-14,Boulder,Paper Filters,1,6.11
2026-04-14,Boulder,Whole Bean 1kg,1,23.48
2026-04-14,Fort Collins,Burr Grinder,1,127.76
2026-04-14,Boulder,Whole Bean 1kg,3,72.19
2026-04-14,Denver,Burr Grinder,1,136.23
2026-04-14,Fort Collins,Burr Grinder,1,128.39
2026-04-14,Denver,Paper Filters,1,5.88
2026-04-14,Denver,Gooseneck Kettle,2,114.4
2026-04-14,Denver,Whole Bean 1kg,2,48.29
2026-04-14,Denver,Paper Filters,2,12.62
2026-04-14,Boulder,Whole Bean 1kg,2,47.8
2026-04-14,Denver,Whole Bean 1kg,1,25.17
2026-04-14,Fort Collins,Gooseneck Kettle,1,62.35
2026-04-14,Denver,Whole Bean 1kg,3,73.69
2026-04-14,Boulder,Paper Filters,3,17.74
2026-04-14,Denver,Paper Filters,2,12.63
2026-04-14,Denver,Espresso Machine,2,674.23
2026-04-14,Denver,Burr Grinder,1,130.95
2026-04-14,Denver,Whole Bean 1kg,2,49.55
2026-04-14,Fort Collins,Gooseneck Kettle,1,56.98
2026-04-14,Denver,Gooseneck Kettle,2,120.31
2026-04-14,Denver,Burr Grinder,1,125.63
2026-04-15,Denver,Whole Bean 1kg,1,23.85
2026-04-15,Denver,Gooseneck Kettle,1,56.73
2026-04-15,Fort Collins,Whole Bean 1kg,2,50.3
2026-04-15,Boulder,Paper Filters,1,6.16
2026-04-15,Boulder,Burr Grinder,1,129.35
2026-04-15,Denver,Whole Bean 1kg,2,48.69
2026-04-15,Denver,Whole Bean 1kg,2,48.15
2026-04-15,Denver,Paper Filters,1,6.08
2026-04-15,Boulder,Whole Bean 1kg,3,75.38
2026-04-15,Denver,Burr Grinder,1,131.5
2026-04-15,Fort Collins,Whole Bean 1kg,1,24.76
2026-04-15,Boulder,Whole Bean 1kg,2,48.64
2026-04-15,Fort Collins,Gooseneck Kettle,2,120.28
2026-04-15,Boulder,Paper Filters,3,18.38
2026-04-15,Boulder,Paper Filters,2,11.64
2026-04-15,Denver,Whole Bean 1kg,1,24.27
2026-04-15,Fort Collins,Whole Bean 1kg,4,95.23
2026-04-15,Denver,Gooseneck Kettle,1,56.64
2026-04-15,Boulder,Whole Bean 1kg,2,48.78
2026-04-15,Boulder,Paper Filters,2,11.49
2026-04-15,Denver,Paper Filters,2,11.67
2026-04-15,Boulder,Whole Bean 1kg,2,47.97
2026-04-15,Fort Collins,Whole Bean 1kg,1,23.88
2026-04-15,Fort Collins,Burr Grinder,1,126.56
2026-04-15,Boulder,Paper Filters,2,11.88
2026-04-15,Denver,Whole Bean 1kg,2,48.98
2026-04-15,Denver,Espresso Machine,2,722.19
2026-04-15,Denver,Gooseneck Kettle,2,115.29
2026-04-15,Denver,Paper Filters,2,12.14
2026-04-15,Denver,Whole Bean 1kg,2,50.03
2026-04-15,Fort Collins,Whole Bean 1kg,1,23.66
2026-04-15,Fort Collins,Espresso Machine,3,1004.71
2026-04-15,Boulder,Burr Grinder,2,256.49
2026-04-15,Denver,Whole Bean 1kg,3,72.94
2026-04-15,Fort Collins,Burr Grinder,2,272.15
2026-04-15,Denver,Whole Bean 1kg,1,24.02
2026-04-15,Fort Collins,Whole Bean 1kg,2,47.66
2026-04-15,Denver,Whole Bean 1kg,1,22.77
2026-04-15,Fort Collins,Burr Grinder,1,125.62
2026-04-15,Fort Collins,Espresso Machine,1,337.84
2026-04-16,Boulder,Whole Bean 1kg,2,49.19
2026-04-16,Fort Collins,Whole Bean 1kg,2,46.68
2026-04-16,Boulder,Whole Bean 1kg,1,24.1
2026-04-16,Denver,Espresso Machine,1,328.27
2026-04-16,Fort Collins,Whole Bean 1kg,2,48.64
2026-04-16,Boulder,Paper Filters,3,18.13
2026-04-16,Fort Collins,Whole Bean 1kg,1,24.87
2026-04-16,Denver,Gooseneck Kettle,2,116.11
2026-04-16,Denver,Espresso Machine,1,352.01
2026-04-16,Denver,Burr Grinder,1,126.97
2026-04-16,Fort Collins,Espresso Machine,2,694.8
2026-04-16,Denver,Gooseneck Kettle,1,58.32
2026-04-16,Boulder,Whole Bean 1kg,1,24.36
2026-04-16,Fort Collins,Whole Bean 1kg,3,68.46
2026-04-16,Denver,Whole Bean 1kg,1,23.83
2026-04-16,Denver,Burr Grinder,1,124.2
2026-04-16,Denver,Espresso Machine,3,1062.58
2026-04-16,Fort Collins,Whole Bean 1kg,2,45.71
2026-04-16,Boulder,Gooseneck Kettle,3,168.29
2026-04-16,Denver,Gooseneck Kettle,2,122.0
2026-04-16,Denver,Whole Bean 1kg,1,24.23
2026-04-16,Boulder,Whole Bean 1kg,1,23.63
2026-04-16,Fort Collins,Burr Grinder,2,243.77
2026-04-16,Denver,Whole Bean 1kg,3,75.94
2026-04-16,Denver,Whole Bean 1kg,1,24.6
2026-04-16,Denver,Paper Filters,2,12.54
2026-04-16,Boulder,Gooseneck Kettle,1,56.89
2026-04-16,Denver,Whole Bean 1kg,2,45.89
2026-04-16,Fort Collins,Whole Bean 1kg,1,24.88
2026-04-16,Denver,Whole Bean 1kg,2,46.42
2026-04-16,Boulder,Gooseneck Kettle,2,121.19
2026-04-16,Denver,Gooseneck Kettle,1,61.48
2026-04-16,Denver,Espresso Machine,1,321.29
2026-04-16,Boulder,Paper Filters,1,5.99
2026-04-16,Denver,Whole Bean 1kg,2,48.19
2026-04-16,Boulder,Paper Filters,2,12.6
2026-04-16,Denver,Espresso Machine,1,371.02
2026-04-17,Denver,Paper Filters,2,12.27
2026-04-17,Fort Collins,Paper Filters,2,11.36
2026-04-17,Fort Collins,Burr Grinder,1,129.99
2026-04-17,Denver,Burr Grinder,2,264.27
2026-04-17,Boulder,Whole Bean 1kg,1,23.98
2026-04-17,Boulder,Whole Bean 1kg,2,49.38
2026-04-17,Denver,Whole Bean 1kg,2,47.18
2026-04-17,Denver,Whole Bean 1kg,1,23.65
2026-04-17,Fort Collins,Paper Filters,2,11.78
2026-04-17,Boulder,Whole Bean 1kg,1,24.72
2026-04-17,Boulder,Whole Bean 1kg,1,24.38
2026-04-17,Fort Collins,Paper Filters,2,12.18
2026-04-17,Fort Collins,Espresso Machine,2,697.14
2026-04-17,Denver,Paper Filters,2,11.87
2026-04-17,Denver,Paper Filters,1,5.83
2026-04-17,Boulder,Whole Bean 1kg,2,48.9
2026-04-17,Denver,Paper Filters,3,18.99
2026-04-17,Denver,Whole Bean 1kg,2,49.27
2026-04-17,Denver,Gooseneck Kettle,2,113.33
2026-04-17,Denver,Whole Bean 1kg,3,68.41
2026-04-17,Fort Collins,Paper Filters,2,11.46
2026-04-17,Denver,Whole Bean 1kg,3,70.36
2026-04-17,Denver,Whole Bean 1kg,1,22.96
2026-04-17,Boulder,Paper Filters,2,11.81
2026-04-17,Boulder,Espresso Machine,3,1034.73
2026-04-17,Denver,Gooseneck Kettle,2,122.26
2026-04-17,Fort Collins,Whole Bean 1kg,1,25.35
2026-04-17,Denver,Paper Filters,3,18.86
2026-04-17,Boulder,Espresso Machine,3,1029.58
2026-04-17,Boulder,Whole Bean 1kg,2,46.34
2026-04-17,Denver,Burr Grinder,4,524.5
2026-04-17,Fort Collins,Whole Bean 1kg,1,25.19
2026-04-17,Boulder,Burr Grinder,2,252.39
2026-04-17,Denver,Burr Grinder,2,254.49
2026-04-17,Boulder,Whole Bean 1kg,1,24.22
2026-04-17,Denver,Paper Filters,1,5.97
2026-04-18,Fort Collins,Paper Filters,2,12.21
2026-04-18,Fort Collins,Whole Bean 1kg,1,23.89
2026-04-18,Denver,Whole Bean 1kg,3,72.98
2026-04-18,Denver,Whole Bean 1kg,2,47.92
2026-04-18,Denver,Whole Bean 1kg,2,49.19
2026-04-18,Denver,Paper Filters,2,11.97
2026-04-18,Boulder,Whole Bean 1kg,2,49.48
2026-04-18,Denver,Espresso Machine,3,1044.44
2026-04-18,Fort Collins,Paper Filters,2,12.47
2026-04-18,Denver,Paper Filters,3,17.88
2026-04-18,Fort Collins,Paper Filters,2,12.27
2026-04-18,Boulder,Burr Grinder,1,135.98
2026-04-18,Denver,Whole Bean 1kg,1,23.23
2026-04-18,Fort Collins,Espresso Machine,4,1376.59
2026-04-18,Boulder,Espresso Machine,2,702.55
2026-04-18,Boulder,Paper Filters,1,6.35
2026-04-18,Fort Collins,Espresso Machine,2,656.68
2026-04-18,Boulder,Whole Bean 1kg,1,24.42
2026-04-18,Boulder,Whole Bean 1kg,3,74.24
2026-04-18,Boulder,Burr Grinder,2,247.67
2026-04-18,Denver,Gooseneck Kettle,1,57.64
2026-04-18,Denver,Paper Filters,2,12.61
2026-04-18,Fort Collins,Whole Bean 1kg,2,47.85
2026-04-18,Boulder,Gooseneck Kettle,2,117.88
2026-04-18,Fort Collins,Espresso Machine,2,714.22
2026-04-18,Denver,Whole Bean 1kg,3,69.63
2026-04-18,Denver,Whole Bean 1kg,1,23.62
2026-04-18,Boulder,Burr Grinder,2,261.75
2026-04-18,Boulder,Whole Bean 1kg,2,47.84
2026-04-18,Denver,Whole Bean 1kg,2,49.03
2026-04-18,Boulder,Whole Bean 1kg,1,23.69
2026-04-18,Boulder,Gooseneck Kettle,2,119.72
2026-04-18,Boulder,Whole Bean 1kg,1,23.43
2026-04-18,Denver,Paper Filters,3,16.93
2026-04-18,Denver,Paper Filters,3,19.18
2026-04-18,Denver,Whole Bean 1kg,2,48.44
2026-04-18,Denver,Paper Filters,2,12.22
2026-04-18,Fort Collins,Paper Filters,3,17.49
2026-04-18,Fort Collins,Paper Filters,2,11.91
2026-04-18,Denver,Burr Grinder,2,257.18
2026-04-18,Boulder,Gooseneck Kettle,1,59.5
2026-04-18,Boulder,Burr Grinder,2,271.56
2026-04-18,Denver,Whole Bean 1kg,1,24.3
2026-04-18,Boulder,Whole Bean 1kg,1,23.91
2026-04-18,Denver,Whole Bean 1kg,1,23.95
2026-04-18,Fort Collins,Gooseneck Kettle,1,57.4
2026-04-18,Denver,Whole Bean 1kg,1,24.2
2026-04-18,Boulder,Paper Filters,2,12.54
2026-04-18,Boulder,Whole Bean 1kg,1,25.06
2026-04-18,Denver,Burr Grinder,1,125.57
2026-04-18,Denver,Paper Filters,1,6.06
2026-04-18,Fort Collins,Whole Bean 1kg,2,46.92
2026-04-18,Boulder,Whole Bean 1kg,2,51.11
2026-04-18,Denver,Whole Bean 1kg,1,23.86
2026-04-18,Boulder,Gooseneck Kettle,2,120.6
2026-04-18,Denver,Whole Bean 1kg,1,24.14
2026-04-18,Denver,Burr Grinder,3,396.7
2026-04-18,Denver,Burr Grinder,1,128.03
2026-04-18,Denver,Paper Filters,2,12.6
2026-04-18,Denver,Whole Bean 1kg,1,24.27
2026-04-18,Boulder,Paper Filters,2,12.74
2026-04-18,Denver,Whole Bean 1kg,1,23.53
2026-04-18,Boulder,Burr Grinder,1,129.85
2026-04-18,Boulder,Paper Filters,1,6.1
2026-04-18,Denver,Espresso Machine,2,695.75
2026-04-18,Denver,Espresso Machine,1,338.43
2026-04-18,Denver,Whole Bean 1kg,2,47.69
2026-04-18,Fort Collins,Whole Bean 1kg,1,24.06
2026-04-18,Denver,Whole Bean 1kg,3,67.94
2026-04-18,Denver,Burr Grinder,1,133.79
2026-04-18,Denver,Espresso Machine,2,737.12
2026-04-18,Boulder,Whole Bean 1kg,1,23.03
2026-04-18,Boulder,Espresso Machine,3,1001.54
2026-04-18,Denver,Espresso Machine,2,689.87
2026-04-18,Fort Collins,Whole Bean 1kg,2,48.07
2026-04-18,Boulder,Whole Bean 1kg,1,23.97
2026-04-18,Denver,Burr Grinder,2,256.14
2026-04-18,Denver,Whole Bean 1kg,2,44.5
2026-04-18,Boulder,Burr Grinder,1,128.15
2026-04-19,Denver,Paper Filters,1,5.73
2026-04-19,Denver,Burr Grinder,1,130.52
2026-04-19,Boulder,Paper Filters,3,18.31
2026-04-19,Boulder,Burr Grinder,2,252.25
2026-04-19,Denver,Paper Filters,1,6.17
2026-04-19,Boulder,Paper Filters,2,12.4
2026-04-19,Denver,Whole Bean 1kg,2,49.89
2026-04-19,Boulder,Espresso Machine,2,705.96
2026-04-19,Fort Collins,Espresso Machine,1,330.97
2026-04-19,Denver,Gooseneck Kettle,1,57.41
2026-04-19,Boulder,Whole Bean 1kg,1,24.25
2026-04-19,Denver,Whole Bean 1kg,1,23.66
2026-04-19,Denver,Burr Grinder,3,405.8
2026-04-19,Boulder,Burr Grinder,2,257.24
2026-04-19,Boulder,Gooseneck Kettle,2,120.11
2026-04-19,Boulder,Whole Bean 1kg,1,23.34
2026-04-19,Boulder,Whole Bean 1kg,2,47.38
2026-04-19,Boulder,Whole Bean 1kg,1,23.59
2026-04-19,Boulder,Burr Grinder,1,128.45
2026-04-19,Denver,Whole Bean 1kg,2,48.64
2026-04-19,Boulder,Burr Grinder,2,246.79
2026-04-19,Boulder,Burr Grinder,1,127.03
2026-04-19,Boulder,Paper Filters,2,11.65
2026-04-19,Denver,Whole Bean 1kg,2,48.45
2026-04-19,Denver,Burr Grinder,1,131.72
2026-04-19,Denver,Paper Filters,3,18.04
2026-04-19,Boulder,Whole Bean 1kg,2,48.76
2026-04-19,Fort Collins,Paper Filters,1,6.14
2026-04-19,Fort Collins,Whole Bean 1kg,2,48.89
2026-04-19,Boulder,Burr Grinder,1,125.82
2026-04-19,Boulder,Whole Bean 1kg,3,71.32
2026-04-19,Denver,Gooseneck Kettle,1,59.22
2026-04-19,Boulder,Paper Filters,2,12.52
2026-04-19,Denver,Whole Bean 1kg,2,47.77
2026-04-19,Denver,Paper Filters,2,12.16
2026-04-19,Fort Collins,Paper Filters,2,12.49
2026-04-19,Boulder,Whole Bean 1kg,2,50.12
2026-04-19,Fort Collins,Burr Grinder,1,129.91
2026-04-19,Boulder,Paper Filters,3,18.29
2026-04-19,Boulder,Burr Grinder,1,131.84
2026-04-19,Denver,Whole Bean 1kg,3,72.79
2026-04-19,Fort Collins,Paper Filters,2,12.15
2026-04-19,Denver,Burr Grinder,1,134.47
2026-04-19,Fort Collins,Paper Filters,1,6.02
2026-04-19,Denver,Paper Filters,2,11.75
2026-04-19,Boulder,Espresso Machine,1,334.78
2026-04-19,Boulder,Whole Bean 1kg,2,45.96
2026-04-19,Denver,Burr Grinder,1,128.62
2026-04-19,Fort Collins,Paper Filters,2,12.38
2026-04-19,Boulder,Whole Bean 1kg,2,50.04
2026-04-19,Denver,Whole Bean 1kg,1,24.13
2026-04-19,Boulder,Burr Grinder,3,380.32
2026-04-19,Denver,Burr Grinder,2,257.35
2026-04-19,Boulder,Paper Filters,2,11.67
2026-04-19,Denver,Gooseneck Kettle,1,60.08
2026-04-19,Denver,Paper Filters,2,12.4
2026-04-19,Boulder,Espresso Machine,3,1031.06
2026-04-20,Denver,Burr Grinder,2,271.93
2026-04-20,Denver,Paper Filters,2,11.93
2026-04-20,Denver,Whole Bean 1kg,3,69.69
2026-04-20,Denver,Gooseneck Kettle,1,56.12
2026-04-20,Boulder,Espresso Machine,3,1065.86
2026-04-20,Boulder,Whole Bean 1kg,1,23.74
2026-04-20,Denver,Whole Bean 1kg,2,48.11
2026-04-20,Boulder,Espresso Machine,2,706.51
2026-04-20,Denver,Whole Bean 1kg,2,47.79
2026-04-20,Denver,Paper Filters,2,11.93
2026-04-20,Fort Collins,Whole Bean 1kg,1,22.62
2026-04-20,Boulder,Paper Filters,1,6.13
2026-04-20,Denver,Paper Filters,2,11.94
2026-04-20,Boulder,Paper Filters,1,5.75
2026-04-20,Boulder,Paper Filters,1,5.94
2026-04-20,Fort Collins,Espresso Machine,1,331.65
2026-04-20,Denver,Burr Grinder,2,255.2
2026-04-20,Denver,Whole Bean 1kg,2,48.42
2026-04-20,Boulder,Paper Filters,2,12.24
2026-04-20,Fort Collins,Espresso Machine,1,358.03
2026-04-20,Fort Collins,Paper Filters,1,6.13
2026-04-20,Denver,Whole Bean 1kg,1,23.85
2026-04-20,Fort Collins,Whole Bean 1kg,1,24.98
2026-04-20,Fort Collins,Whole Bean 1kg,1,24.41
2026-04-20,Denver,Whole Bean 1kg,2,48.51
2026-04-20,Denver,Paper Filters,2,12.35
2026-04-20,Denver,Whole Bean 1kg,1,24.17
2026-04-20,Denver,Paper Filters,1,6.13
2026-04-20,Boulder,Whole Bean 1kg,2,49.46
2026-04-20,Boulder,Espresso Machine,1,377.16
2026-04-20,Fort Collins,Gooseneck Kettle,1,59.96
2026-04-21,Boulder,Paper Filters,1,5.83
2026-04-21,Denver,Espresso Machine,2,728.03
2026-04-21,Denver,Espresso Machine,1,348.51
2026-04-21,Fort Collins,Whole Bean 1kg,2,49.72
2026-04-21,Boulder,Paper Filters,2,12.43
2026-04-21,Boulder,Whole Bean 1kg,2,46.79
2026-04-21,Boulder,Paper Filters,2,11.44
2026-04-21,Denver,Whole Bean 1kg,1,23.43
2026-04-21,Boulder,Whole Bean 1kg,1,24.91
2026-04-21,Denver,Paper Filters,3,19.02
2026-04-21,Fort Collins,Paper Filters,2,12.12
2026-04-21,Denver,Paper Filters,3,18.43
2026-04-21,Boulder,Paper Filters,3,18.8
2026-04-21,Fort Collins,Whole Bean 1kg,3,70.49
2026-04-21,Denver,Whole Bean 1kg,3,73.14
2026-04-21,Denver,Whole Bean 1kg,1,23.09
2026-04-21,Denver,Burr Grinder,2,251.04
2026-04-21,Denver,Whole Bean 1kg,2,47.31
2026-04-21,Boulder,Paper Filters,2,12.02
2026-04-21,Boulder,Burr Grinder,1,128.11
2026-04-21,Boulder,Burr Grinder,1,122.09
2026-04-21,Denver,Gooseneck Kettle,2,111.55
2026-04-22,Fort Collins,Paper Filters,2,12.16
2026-04-22,Boulder,Paper Filters,3,18.27
2026-04-22,Boulder,Paper Filters,2,12.01
2026-04-22,Fort Collins,Burr Grinder,2,256.48
2026-04-22,Boulder,Whole Bean 1kg,2,48.35
2026-04-22,Boulder,Gooseneck Kettle,2,112.61
2026-04-22,Boulder,Paper Filters,1,6.12
2026-04-22,Denver,Whole Bean 1kg,2,46.57
2026-04-22,Boulder,Burr Grinder,2,264.01
2026-04-22,Fort Collins,Whole Bean 1kg,2,46.55
2026-04-22,Denver,Whole Bean 1kg,2,48.05
2026-04-22,Denver,Gooseneck Kettle,3,173.88
2026-04-22,Fort Collins,Gooseneck Kettle,2,112.52
2026-04-22,Denver,Whole Bean 1kg,2,48.96
2026-04-22,Boulder,Whole Bean 1kg,1,23.79
2026-04-22,Denver,Whole Bean 1kg,2,47.42
2026-04-22,Denver,Burr Grinder,3,376.28
2026-04-22,Denver,Whole Bean 1kg,2,47.56
2026-04-22,Denver,Whole Bean 1kg,2,47.38
2026-04-22,Fort Collins,Whole Bean 1kg,3,71.46
2026-04-22,Fort Collins,Whole Bean 1kg,1,23.15
2026-04-22,Fort Collins,Whole Bean 1kg,2,48.18
2026-04-22,Denver,Whole Bean 1kg,3,69.65
2026-04-22,Fort Collins,Gooseneck Kettle,1,56.52
2026-04-22,Fort Collins,Whole Bean 1kg,1,24.01
2026-04-22,Boulder,Whole Bean 1kg,2,49.15
2026-04-22,Boulder,Gooseneck Kettle,2,121.48
2026-04-22,Denver,Paper Filters,1,5.9
2026-04-22,Boulder,Whole Bean 1kg,2,45.82
2026-04-22,Denver,Burr Grinder,1,123.2
2026-04-22,Boulder,Whole Bean 1kg,2,49.36
2026-04-22,Denver,Whole Bean 1kg,2,47.59
2026-04-22,Boulder,Gooseneck Kettle,3,171.38
2026-04-22,Denver,Whole Bean 1kg,3,74.36
2026-04-22,Boulder,Whole Bean 1kg,4,92.36
2026-04-22,Denver,Paper Filters,1,5.94
2026-04-22,Fort Collins,Whole Bean 1kg,1,23.06
2026-04-22,Boulder,Paper Filters,1,5.96
2026-04-22,Denver,Burr Grinder,1,137.5
2026-04-22,Fort Collins,Paper Filters,1,6.53
2026-04-22,Boulder,Paper Filters,3,17.34
2026-04-23,Denver,Whole Bean 1kg,2,47.33
2026-04-23,Fort Collins,Whole Bean 1kg,2,50.03
2026-04-23,Fort Collins,Whole Bean 1kg,2,48.01
2026-04-23,Fort Collins,Gooseneck Kettle,2,118.56
2026-04-23,Boulder,Whole Bean 1kg,2,49.52
2026-04-23,Boulder,Gooseneck Kettle,1,59.07
2026-04-23,Fort Collins,Whole Bean 1kg,2,45.96
2026-04-23,Boulder,Espresso Machine,2,717.83
2026-04-23,Denver,Burr Grinder,2,262.93
2026-04-23,Boulder,Whole Bean 1kg,1,24.48
2026-04-23,Fort Collins,Whole Bean 1kg,2,47.6
2026-04-23,Denver,Paper Filters,2,11.88
2026-04-23,Denver,Whole Bean 1kg,2,47.13
2026-04-23,Boulder,Whole Bean 1kg,1,24.28
2026-04-23,Fort Collins,Paper Filters,2,12.28
2026-04-23,Fort Collins,Paper Filters,1,6.18
2026-04-23,Denver,Whole Bean 1kg,2,47.2
2026-04-23,Denver,Whole Bean 1kg,1,24.35
2026-04-23,Boulder,Burr Grinder,1,132.52
2026-04-23,Denver,Espresso Machine,1,338.67
2026-04-23,Fort Collins,Paper Filters,1,6.44
2026-04-23,Boulder,Whole Bean 1kg,2,47.66
2026-04-23,Boulder,Burr Grinder,1,123.57
2026-04-23,Boulder,Burr Grinder,1,126.77
2026-04-23,Denver,Espresso Machine,3,1031.65
2026-04-23,Boulder,Paper Filters,1,6.24
2026-04-23,Denver,Whole Bean 1kg,2,47.96
2026-04-23,Denver,Whole Bean 1kg,3,70.23
2026-04-23,Denver,Burr Grinder,1,128.47
2026-04-23,Boulder,Espresso Machine,2,700.34
2026-04-23,Boulder,Whole Bean 1kg,1,23.89
2026-04-23,Boulder,Gooseneck Kettle,2,118.93
2026-04-23,Fort Collins,Paper Filters,3,17.47
2026-04-23,Denver,Paper Filters,1,6.08
2026-04-23,Denver,Whole Bean 1kg,1,23.28
2026-04-24,Fort Collins,Whole Bean 1kg,1,23.15
2026-04-24,Boulder,Whole Bean 1kg,1,24.55
2026-04-24,Boulder,Whole Bean 1kg,3,73.14
2026-04-24,Boulder,Paper Filters,3,17.32
2026-04-24,Denver,Paper Filters,1,5.69
2026-04-24,Boulder,Whole Bean 1kg,1,24.53
2026-04-24,Boulder,Burr Grinder,2,253.33
2026-04-24,Boulder,Paper Filters,1,6.22
2026-04-24,Fort Collins,Whole Bean 1kg,2,49.49
2026-04-24,Boulder,Paper Filters,2,12.78
2026-04-24,Denver,Espresso Machine,2,705.45
2026-04-24,Denver,Whole Bean 1kg,1,23.09
2026-04-24,Denver,Whole Bean 1kg,2,49.37
2026-04-24,Denver,Whole Bean 1kg,1,23.19
2026-04-24,Boulder,Whole Bean 1kg,1,23.63
2026-04-24,Denver,Whole Bean 1kg,3,72.6
2026-04-24,Denver,Whole Bean 1kg,2,49.25
2026-04-24,Boulder,Whole Bean 1kg,2,47.64
2026-04-24,Boulder,Whole Bean 1kg,2,45.23
2026-04-24,Boulder,Whole Bean 1kg,3,71.85
2026-04-24,Fort Collins,Whole Bean 1kg,2,49.1
2026-04-24,Boulder,Paper Filters,2,12.36
2026-04-24,Denver,Gooseneck Kettle,1,58.87
2026-04-24,Denver,Paper Filters,1,6.05
2026-04-24,Boulder,Whole Bean 1kg,2,46.83
2026-04-24,Boulder,Burr Grinder,2,257.66
2026-04-24,Denver,Paper Filters,1,6.23
2026-04-24,Denver,Whole Bean 1kg,2,51.31
2026-04-24,Fort Collins,Whole Bean 1kg,1,25.01
2026-04-24,Fort Collins,Gooseneck Kettle,1,59.83
2026-04-24,Boulder,Burr Grinder,2,252.78
2026-04-24,Boulder,Espresso Machine,1,351.3
2026-04-24,Denver,Paper Filters,1,5.74
2026-04-24,Denver,Whole Bean 1kg,2,48.43
2026-04-24,Boulder,Paper Filters,1,5.86
2026-04-24,Fort Collins,Whole Bean 1kg,1,23.29
2026-04-24,Denver,Whole Bean 1kg,2,48.09
2026-04-24,Denver,Burr Grinder,2,258.84
2026-04-24,Denver,Whole Bean 1kg,3,74.32
2026-04-24,Denver,Whole Bean 1kg,2,46.41
2026-04-24,Boulder,Whole Bean 1kg,1,24.14
2026-04-24,Denver,Burr Grinder,2,259.4
2026-04-24,Denver,Whole Bean 1kg,1,23.48
2026-04-24,Fort Collins,Whole Bean 1kg,1,23.56
2026-04-24,Denver,Whole Bean 1kg,1,25.0
2026-04-24,Boulder,Whole Bean 1kg,3,71.62
2026-04-24,Boulder,Espresso Machine,2,714.98
2026-04-24,Denver,Whole Bean 1kg,1,24.31
2026-04-24,Denver,Burr Grinder,1,123.93
2026-04-24,Boulder,Gooseneck Kettle,1,60.85
2026-04-24,Denver,Whole Bean 1kg,2,48.0
2026-04-24,Denver,Espresso Machine,2,698.77
2026-04-24,Boulder,Gooseneck Kettle,2,117.87
2026-04-24,Denver,Gooseneck Kettle,1,60.94
2026-04-24,Denver,Whole Bean 1kg,1,23.64
2026-04-24,Fort Collins,Paper Filters,2,12.09
2026-04-24,Denver,Burr Grinder,1,133.93
2026-04-24,Denver,Gooseneck Kettle,1,57.19
2026-04-24,Fort Collins,Whole Bean 1kg,2,45.98
2026-04-24,Denver,Espresso Machine,3,1027.28
2026-04-24,Denver,Burr Grinder,2,265.78
2026-04-24,Denver,Espresso Machine,1,337.89
2026-04-24,Denver,Gooseneck Kettle,3,188.57
2026-04-24,Denver,Paper Filters,2,12.2
2026-04-25,Boulder,Whole Bean 1kg,1,25.85
2026-04-25,Boulder,Gooseneck Kettle,2,118.78
2026-04-25,Denver,Burr Grinder,1,136.87
2026-04-25,Fort Collins,Whole Bean 1kg,2,47.35
2026-04-25,Boulder,Whole Bean 1kg,3,69.32
2026-04-25,Denver,Paper Filters,3,17.89
2026-04-25,Denver,Whole Bean 1kg,2,48.39
2026-04-25,Boulder,Whole Bean 1kg,2,46.59
2026-04-25,Boulder,Burr Grinder,2,257.35
2026-04-25,Denver,Whole Bean 1kg,1,24.03
2026-04-25,Denver,Espresso Machine,2,691.53
2026-04-25,Boulder,Whole Bean 1kg,2,49.56
2026-04-25,Denver,Paper Filters,3,18.02
2026-04-25,Denver,Whole Bean 1kg,1,24.07
2026-04-25,Fort Collins,Whole Bean 1kg,1,23.15
2026-04-25,Denver,Burr Grinder,1,127.51
2026-04-25,Fort Collins,Espresso Machine,2,719.99
2026-04-25,Denver,Paper Filters,1,5.95
2026-04-25,Fort Collins,Whole Bean 1kg,2,48.0
2026-04-25,Denver,Whole Bean 1kg,2,51.74
2026-04-25,Boulder,Gooseneck Kettle,1,57.73
2026-04-25,Boulder,Whole Bean 1kg,2,48.8
2026-04-25,Denver,Whole Bean 1kg,1,25.02
2026-04-25,Denver,Whole Bean 1kg,2,45.99
2026-04-25,Boulder,Whole Bean 1kg,2,47.04
2026-04-25,Boulder,Gooseneck Kettle,1,59.07
2026-04-25,Boulder,Espresso Machine,3,1076.51
2026-04-25,Fort Collins,Burr Grinder,2,274.52
2026-04-25,Denver,Gooseneck Kettle,1,57.94
2026-04-25,Denver,Whole Bean 1kg,2,49.17
2026-04-25,Boulder,Whole Bean 1kg,1,24.33
2026-04-25,Denver,Whole Bean 1kg,2,46.15
2026-04-25,Boulder,Whole Bean 1kg,1,25.24
2026-04-25,Boulder,Espresso Machine,1,341.4
2026-04-25,Denver,Whole Bean 1kg,1,24.8
2026-04-25,Boulder,Burr Grinder,1,129.57
2026-04-25,Denver,Whole Bean 1kg,2,47.22
2026-04-25,Fort Collins,Paper Filters,2,12.13
2026-04-25,Boulder,Whole Bean 1kg,2,46.39
2026-04-25,Denver,Paper Filters,1,5.96
2026-04-25,Denver,Whole Bean 1kg,2,47.43
2026-04-25,Boulder,Whole Bean 1kg,1,23.79
2026-04-25,Fort Collins,Paper Filters,1,6.12
2026-04-25,Boulder,Paper Filters,2,12.5
2026-04-25,Boulder,Espresso Machine,2,706.78
2026-04-25,Denver,Paper Filters,2,12.25
2026-04-25,Denver,Burr Grinder,1,132.14
2026-04-25,Fort Collins,Espresso Machine,1,324.75
2026-04-25,Fort Collins,Whole Bean 1kg,2,46.38
2026-04-25,Denver,Burr Grinder,3,391.11
2026-04-25,Boulder,Gooseneck Kettle,2,120.23
2026-04-25,Fort Collins,Whole Bean 1kg,1,23.09
2026-04-25,Boulder,Paper Filters,2,12.13
2026-04-25,Boulder,Espresso Machine,3,1062.22
2026-04-25,Denver,Paper Filters,2,11.79
2026-04-25,Boulder,Paper Filters,1,5.63
2026-04-25,Denver,Whole Bean 1kg,2,48.56
2026-04-25,Boulder,Gooseneck Kettle,2,117.84
2026-04-25,Boulder,Whole Bean 1kg,3,74.15
2026-04-25,Fort Collins,Whole Bean 1kg,1,23.8
2026-04-25,Denver,Espresso Machine,1,328.55
2026-04-25,Boulder,Paper Filters,2,12.38
2026-04-25,Boulder,Whole Bean 1kg,2,49.52
2026-04-25,Fort Collins,Gooseneck Kettle,1,58.73
2026-04-25,Boulder,Whole Bean 1kg,1,23.71
2026-04-26,Denver,Burr Grinder,2,251.83
2026-04-26,Boulder,Gooseneck Kettle,3,184.59
2026-04-26,Denver,Whole Bean 1kg,3,74.46
2026-04-26,Boulder,Whole Bean 1kg,1,24.44
2026-04-26,Boulder,Whole Bean 1kg,1,23.85
2026-04-26,Fort Collins,Espresso Machine,2,712.94
2026-04-26,Denver,Burr Grinder,1,131.94
2026-04-26,Fort Collins,Burr Grinder,2,238.7
2026-04-26,Boulder,Whole Bean 1kg,1,23.47
2026-04-26,Denver,Paper Filters,2,11.82
2026-04-26,Boulder,Whole Bean 1kg,1,23.87
2026-04-26,Denver,Espresso Machine,1,348.62
2026-04-26,Denver,Espresso Machine,1,353.6
2026-04-26,Fort Collins,Paper Filters,1,5.93
2026-04-26,Boulder,Whole Bean 1kg,2,47.93
2026-04-26,Boulder,Espresso Machine,3,1076.5
2026-04-26,Boulder,Gooseneck Kettle,1,59.01
2026-04-26,Boulder,Gooseneck Kettle,2,116.47
2026-04-26,Boulder,Espresso Machine,4,1403.17
2026-04-26,Boulder,Paper Filters,4,24.55
2026-04-26,Denver,Whole Bean 1kg,1,24.49
2026-04-26,Boulder,Espresso Machine,1,338.1
2026-04-26,Boulder,Gooseneck Kettle,2,117.57
2026-04-26,Boulder,Burr Grinder,2,249.35
2026-04-26,Denver,Burr Grinder,2,256.08
2026-04-26,Boulder,Paper Filters,1,5.71
2026-04-26,Denver,Whole Bean 1kg,2,48.59
2026-04-26,Fort Collins,Whole Bean 1kg,1,24.53
2026-04-26,Boulder,Whole Bean 1kg,1,23.63
2026-04-26,Boulder,Paper Filters,2,12.03
2026-04-26,Denver,Paper Filters,2,12.12
2026-04-26,Boulder,Whole Bean 1kg,1,23.44
2026-04-26,Boulder,Paper Filters,2,11.87
2026-04-26,Boulder,Gooseneck Kettle,1,60.72
2026-04-26,Boulder,Whole Bean 1kg,2,47.56
2026-04-26,Boulder,Whole Bean 1kg,2,49.18
2026-04-26,Denver,Paper Filters,1,6.17
2026-04-26,Fort Collins,Gooseneck Kettle,1,58.02
2026-04-26,Boulder,Whole Bean 1kg,2,47.63
2026-04-26,Fort Collins,Burr Grinder,2,247.19
2026-04-26,Denver,Whole Bean 1kg,2,48.15
2026-04-26,Boulder,Burr Grinder,1,135.86
2026-04-26,Fort Collins,Whole Bean 1kg,2,48.33
2026-04-26,Boulder,Paper Filters,2,12.05
2026-04-26,Boulder,Gooseneck Kettle,1,56.8
2026-04-26,Boulder,Whole Bean 1kg,1,25.44
2026-04-26,Boulder,Paper Filters,1,6.17
2026-04-26,Boulder,Gooseneck Kettle,3,173.9
2026-04-26,Boulder,Paper Filters,2,12.16
2026-04-26,Boulder,Paper Filters,1,5.72
2026-04-26,Boulder,Whole Bean 1kg,3,72.6
2026-04-26,Boulder,Paper Filters,2,11.96
2026-04-26,Boulder,Paper Filters,1,6.17
2026-04-26,Denver,Burr Grinder,1,131.59
2026-04-26,Denver,Espresso Machine,2,707.09
2026-04-26,Denver,Whole Bean 1kg,2,49.17
2026-04-27,Denver,Paper Filters,1,5.97
2026-04-27,Denver,Paper Filters,2,11.87
2026-04-27,Boulder,Paper Filters,2,11.91
2026-04-27,Denver,Gooseneck Kettle,2,119.91
2026-04-27,Boulder,Paper Filters,2,12.28
2026-04-27,Boulder,Paper Filters,2,11.9
2026-04-27,Fort Collins,Burr Grinder,1,124.98
2026-04-27,Boulder,Whole Bean 1kg,2,45.16
2026-04-27,Boulder,Whole Bean 1kg,1,23.62
2026-04-27,Denver,Paper Filters,2,11.71
2026-04-27,Fort Collins,Gooseneck Kettle,1,59.31
2026-04-27,Denver,Espresso Machine,1,354.4
2026-04-27,Denver,Whole Bean 1kg,2,48.62
2026-04-27,Denver,Paper Filters,4,23.56
2026-04-27,Boulder,Whole Bean 1kg,1,24.77
2026-04-27,Denver,Burr Grinder,3,407.14
2026-04-27,Denver,Burr Grinder,2,272.93
2026-04-27,Boulder,Espresso Machine,3,1063.0
2026-04-27,Denver,Whole Bean 1kg,2,48.24
2026-04-27,Denver,Gooseneck Kettle,1,59.35
2026-04-27,Denver,Whole Bean 1kg,2,49.53
2026-04-27,Fort Collins,Whole Bean 1kg,2,45.6
2026-04-27,Boulder,Gooseneck Kettle,1,61.31
2026-04-27,Denver,Whole Bean 1kg,2,48.62
2026-04-27,Denver,Espresso Machine,2,649.05
2026-04-27,Denver,Whole Bean 1kg,1,24.64
2026-04-27,Denver,Burr Grinder,1,130.61
2026-04-27,Boulder,Burr Grinder,1,131.4
2026-04-27,Boulder,Whole Bean 1kg,2,50.98
2026-04-27,Fort Collins,Burr Grinder,1,124.45
2026-04-27,Boulder,Gooseneck Kettle,1,59.35
2026-04-27,Fort Collins,Burr Grinder,2,260.08
2026-04-27,Boulder,Paper Filters,1,6.19
2026-04-27,Denver,Paper Filters,3,18.3
2026-04-27,Fort Collins,Whole Bean 1kg,1,24.27
2026-04-27,Denver,Paper Filters,2,11.71
2026-04-27,Denver,Gooseneck Kettle,3,182.26
2026-04-28,Boulder,Burr Grinder,2,259.56
2026-04-28,Boulder,Gooseneck Kettle,2,116.01
2026-04-28,Boulder,Whole Bean 1kg,2,47.1
2026-04-28,Fort Collins,Whole Bean 1kg,1,23.5
2026-04-28,Denver,Burr Grinder,2,253.89
2026-04-28,Denver,Whole Bean 1kg,1,23.0
2026-04-28,Denver,Espresso Machine,1,359.52
2026-04-28,Fort Collins,Gooseneck Kettle,1,56.99
2026-04-28,Boulder,Gooseneck Kettle,2,121.77
2026-04-28,Denver,Paper Filters,1,6.07
2026-04-28,Boulder,Burr Grinder,3,406.04
2026-04-28,Denver,Whole Bean 1kg,1,23.4
2026-04-28,Fort Collins,Whole Bean 1kg,3,71.92
2026-04-28,Fort Collins,Whole Bean 1kg,1,22.87
2026-04-28,Boulder,Burr Grinder,1,122.32
2026-04-28,Boulder,Whole Bean 1kg,1,24.08
2026-04-28,Denver,Whole Bean 1kg,1,24.21
2026-04-28,Denver,Paper Filters,1,6.08
2026-04-28,Fort Collins,Whole Bean 1kg,1,24.06
2026-04-28,Denver,Whole Bean 1kg,2,49.1
2026-04-28,Boulder,Paper Filters,3,18.23
2026-04-28,Denver,Whole Bean 1kg,1,23.49
2026-04-28,Denver,Paper Filters,1,5.99
2026-04-28,Denver,Whole Bean 1kg,2,47.33
2026-04-28,Denver,Espresso Machine,1,343.77
2026-04-28,Boulder,Paper Filters,1,5.92
2026-04-28,Denver,Whole Bean 1kg,2,44.12
2026-04-28,Denver,Whole Bean 1kg,2,45.63
2026-04-28,Fort Collins,Burr Grinder,2,268.54
2026-04-29,Boulder,Whole Bean 1kg,3,74.68
2026-04-29,Boulder,Paper Filters,1,5.61
2026-04-29,Fort Collins,Whole Bean 1kg,2,48.64
2026-04-29,Denver,Burr Grinder,1,128.24
2026-04-29,Denver,Paper Filters,1,5.88
2026-04-29,Fort Collins,Paper Filters,1,5.96
2026-04-29,Boulder,Burr Grinder,1,136.0
2026-04-29,Boulder,Burr Grinder,2,251.54
2026-04-29,Fort Collins,Whole Bean 1kg,2,46.44
2026-04-29,Boulder,Whole Bean 1kg,1,24.92
2026-04-29,Denver,Paper Filters,1,5.9
2026-04-29,Boulder,Whole Bean 1kg,3,72.36
2026-04-29,Boulder,Burr Grinder,2,264.17
2026-04-29,Fort Collins,Whole Bean 1kg,2,52.02
2026-04-29,Denver,Whole Bean 1kg,2,47.13
2026-04-29,Boulder,Paper Filters,2,11.84
2026-04-29,Denver,Paper Filters,1,6.2
2026-04-29,Boulder,Whole Bean 1kg,2,49.12
2026-04-29,Boulder,Whole Bean 1kg,1,24.76
2026-04-29,Denver,Whole Bean 1kg,1,23.65
2026-04-29,Denver,Espresso Machine,2,695.24
2026-04-29,Denver,Espresso Machine,1,336.56
2026-04-29,Boulder,Paper Filters,1,6.0
2026-04-29,Boulder,Whole Bean 1kg,2,51.28
2026-04-29,Fort Collins,Espresso Machine,1,343.77
2026-04-29,Boulder,Whole Bean 1kg,2,47.73
2026-04-29,Denver,Whole Bean 1kg,1,23.41
2026-04-29,Boulder,Paper Filters,2,11.72
2026-04-29,Denver,Espresso Machine,1,334.1
2026-04-29,Denver,Whole Bean 1kg,2,46.74
2026-04-29,Denver,Whole Bean 1kg,3,71.05
2026-04-29,Denver,Whole Bean 1kg,3,73.73
2026-04-29,Fort Collins,Whole Bean 1kg,3,70.61
2026-04-29,Boulder,Whole Bean 1kg,3,72.95
2026-04-29,Denver,Gooseneck Kettle,1,60.4
2026-04-29,Denver,Whole Bean 1kg,1,24.29
2026-04-30,Boulder,Whole Bean 1kg,1,23.86
2026-04-30,Denver,Espresso Machine,2,715.34
2026-04-30,Boulder,Burr Grinder,2,257.11
2026-04-30,Denver,Whole Bean 1kg,2,47.02
2026-04-30,Boulder,Paper Filters,2,12.56
2026-04-30,Denver,Whole Bean 1kg,1,23.85
2026-04-30,Boulder,Whole Bean 1kg,2,47.38
2026-04-30,Fort Collins,Whole Bean 1kg,1,23.17
2026-04-30,Boulder,Gooseneck Kettle,2,120.09
2026-04-30,Denver,Espresso Machine,2,690.81
2026-04-30,Fort Collins,Espresso Machine,3,1047.46
2026-04-30,Fort Collins,Espresso Machine,2,682.19
2026-04-30,Fort Collins,Paper Filters,1,6.06
2026-04-30,Fort Collins,Whole Bean 1kg,2,48.14
2026-04-30,Denver,Espresso Machine,1,345.26
2026-04-30,Denver,Whole Bean 1kg,2,46.04
2026-04-30,Boulder,Whole Bean 1kg,1,24.44
2026-04-30,Fort Collins,Whole Bean 1kg,3,69.32
2026-04-30,Fort Collins,Burr Grinder,1,130.55
2026-04-30,Boulder,Whole Bean 1kg,1,23.81
2026-04-30,Boulder,Whole Bean 1kg,2,48.96
2026-04-30,Denver,Burr Grinder,2,255.61
2026-04-30,Boulder,Paper Filters,1,6.38
2026-04-30,Denver,Whole Bean 1kg,2,47.47
2026-04-30,Denver,Burr Grinder,2,260.79
2026-04-30,Boulder,Whole Bean 1kg,2,46.25
2026-04-30,Boulder,Paper Filters,1,6.06
2026-04-30,Denver,Whole Bean 1kg,1,23.51
2026-04-30,Denver,Paper Filters,2,12.15
2026-04-30,Boulder,Espresso Machine,1,340.83
2026-04-30,Denver,Burr Grinder,1,131.47
2026-04-30,Boulder,Whole Bean 1kg,1,24.61
2026-04-30,Denver,Whole Bean 1kg,2,47.67
2026-04-30,Denver,Paper Filters,1,5.79
2026-04-30,Denver,Gooseneck Kettle,1,57.33
2026-04-30,Denver,Paper Filters,1,5.83
2026-04-30,Denver,Espresso Machine,2,696.65
2026-04-30,Denver,Gooseneck Kettle,1,57.96
2026-04-30,Denver,Whole Bean 1kg,1,23.02
2026-04-30,Boulder,Whole Bean 1kg,1,24.03
2026-04-30,Boulder,Burr Grinder,2,252.9
2026-04-30,Boulder,Paper Filters,2,12.07
2026-04-30,Boulder,Whole Bean 1kg,1,24.02
2026-04-30,Fort Collins,Whole Bean 1kg,1,23.45
2026-04-30,Denver,Espresso Machine,1,342.97
2026-04-30,Denver,Burr Grinder,2,267.69
2026-04-30,Boulder,Espresso Machine,3,1005.38
2026-04-30,Denver,Whole Bean 1kg,2,47.09
2026-04-30,Fort Collins,Paper Filters,2,12.38
2026-04-30,Denver,Burr Grinder,1,131.03
2026-04-30,Denver,Whole Bean 1kg,1,23.98
2026-04-30,Fort Collins,Paper Filters,3,17.99
2026-05-01,Boulder,Paper Filters,2,12.26
2026-05-01,Boulder,Paper Filters,3,17.49
2026-05-01,Boulder,Burr Grinder,2,255.04
2026-05-01,Denver,Paper Filters,1,5.62
2026-05-01,Fort Collins,Burr Grinder,2,250.56
2026-05-01,Fort Collins,Paper Filters,1,5.99
2026-05-01,Boulder,Whole Bean 1kg,2,48.57
2026-05-01,Fort Collins,Whole Bean 1kg,2,44.87
2026-05-01,Denver,Paper Filters,2,11.98
2026-05-01,Boulder,Gooseneck Kettle,2,114.88
2026-05-01,Boulder,Paper Filters,1,6.06
2026-05-01,Fort Collins,Paper Filters,1,5.75
2026-05-01,Fort Collins,Whole Bean 1kg,1,24.16
2026-05-01,Denver,Espresso Machine,3,1046.65
2026-05-01,Fort Collins,Burr Grinder,2,254.13
2026-05-01,Denver,Paper Filters,2,11.64
2026-05-01,Denver,Gooseneck Kettle,2,114.96
2026-05-01,Denver,Paper Filters,1,6.33
2026-05-01,Fort Collins,Paper Filters,3,17.75
2026-05-01,Fort Collins,Paper Filters,2,12.03
2026-05-01,Boulder,Whole Bean 1kg,3,73.05
2026-05-01,Boulder,Whole Bean 1kg,2,46.71
2026-05-01,Fort Collins,Whole Bean 1kg,2,45.29
2026-05-01,Boulder,Gooseneck Kettle,1,59.69
2026-05-01,Fort Collins,Gooseneck Kettle,2,123.24
2026-05-01,Fort Collins,Whole Bean 1kg,1,23.49
2026-05-01,Denver,Paper Filters,2,12.18
2026-05-01,Boulder,Gooseneck Kettle,3,184.64
2026-05-01,Denver,Whole Bean 1kg,2,47.91
2026-05-01,Boulder,Burr Grinder,2,264.06
2026-05-01,Boulder,Paper Filters,1,5.96
2026-05-01,Fort Collins,Whole Bean 1kg,1,22.92
2026-05-01,Fort Collins,Whole Bean 1kg,2,49.19
2026-05-01,Boulder,Paper Filters,1,5.99
2026-05-01,Denver,Paper Filters,2,11.52
2026-05-01,Denver,Whole Bean 1kg,3,78.98
2026-05-01,Fort Collins,Burr Grinder,2,267.72
2026-05-01,Denver,Whole Bean 1kg,2,47.5
2026-05-01,Fort Collins,Paper Filters,1,5.91
2026-05-01,Boulder,Whole Bean 1kg,2,47.45
2026-05-01,Denver,Whole Bean 1kg,1,23.1
2026-05-01,Denver,Paper Filters,1,6.31
2026-05-01,Fort Collins,Whole Bean 1kg,1,24.28
2026-05-01,Fort Collins,Espresso Machine,2,666.14
2026-05-01,Denver,Whole Bean 1kg,2,46.89
2026-05-01,Boulder,Whole Bean 1kg,2,48.81
2026-05-01,Denver,Whole Bean 1kg,2,45.68
2026-05-01,Fort Collins,Gooseneck Kettle,2,125.07
2026-05-01,Boulder,Espresso Machine,4,1385.01
2026-05-01,Denver,Paper Filters,2,11.95
2026-05-01,Fort Collins,Whole Bean 1kg,3,71.02
2026-05-01,Denver,Espresso Machine,1,339.66
2026-05-01,Boulder,Whole Bean 1kg,1,24.19
2026-05-01,Boulder,Paper Filters,1,5.87
2026-05-01,Denver,Whole Bean 1kg,2,48.25
2026-05-02,Denver,Whole Bean 1kg,1,25.01
2026-05-02,Denver,Espresso Machine,2,672.49
2026-05-02,Fort Collins,Whole Bean 1kg,2,46.91
2026-05-02,Denver,Espresso Machine,2,749.95
2026-05-02,Fort Collins,Whole Bean 1kg,1,22.44
2026-05-02,Denver,Gooseneck Kettle,3,184.16
2026-05-02,Fort Collins,Gooseneck Kettle,2,118.08
2026-05-02,Denver,Espresso Machine,1,363.29
2026-05-02,Denver,Burr Grinder,2,260.23
2026-05-02,Boulder,Gooseneck Kettle,2,121.45
2026-05-02,Boulder,Whole Bean 1kg,2,47.81
2026-05-02,Denver,Paper Filters,1,5.98
2026-05-02,Fort Collins,Paper Filters,1,6.09
2026-05-02,Denver,Gooseneck Kettle,2,115.66
2026-05-02,Boulder,Paper Filters,1,6.26
2026-05-02,Denver,Whole Bean 1kg,1,25.16
2026-05-02,Denver,Paper Filters,2,12.81
2026-05-02,Boulder,Gooseneck Kettle,2,120.94
2026-05-02,Denver,Whole Bean 1kg,3,69.74
2026-05-02,Boulder,Espresso Machine,2,723.16
2026-05-02,Boulder,Gooseneck Kettle,1,56.61
2026-05-02,Boulder,Gooseneck Kettle,2,118.32
2026-05-02,Denver,Burr Grinder,2,246.33
2026-05-02,Fort Collins,Burr Grinder,3,367.12
2026-05-02,Boulder,Whole Bean 1kg,1,24.18
2026-05-02,Denver,Whole Bean 1kg,1,23.79
2026-05-02,Boulder,Whole Bean 1kg,1,24.03
2026-05-02,Boulder,Paper Filters,2,12.47
2026-05-02,Boulder,Burr Grinder,2,252.59
2026-05-02,Boulder,Burr Grinder,1,125.42
2026-05-02,Denver,Paper Filters,3,18.12
2026-05-02,Boulder,Whole Bean 1kg,1,23.94
2026-05-02,Boulder,Paper Filters,1,6.31
2026-05-02,Boulder,Burr Grinder,2,269.93
2026-05-02,Boulder,Paper Filters,2,11.71
2026-05-02,Boulder,Gooseneck Kettle,2,117.13
2026-05-02,Boulder,Whole Bean 1kg,2,47.87
2026-05-02,Denver,Whole Bean 1kg,1,23.36
2026-05-02,Denver,Whole Bean 1kg,2,48.6
2026-05-02,Boulder,Burr Grinder,1,121.44
2026-05-02,Boulder,Paper Filters,1,5.76
2026-05-02,Denver,Espresso Machine,2,684.0
2026-05-02,Denver,Whole Bean 1kg,1,23.55
2026-05-02,Fort Collins,Whole Bean 1kg,1,24.03
2026-05-02,Boulder,Paper Filters,2,11.23
2026-05-02,Denver,Whole Bean 1kg,1,25.4
2026-05-02,Boulder,Espresso Machine,1,362.65
2026-05-02,Denver,Whole Bean 1kg,3,70.85
2026-05-02,Fort Collins,Espresso Machine,3,999.09
2026-05-02,Denver,Whole Bean 1kg,3,76.76
2026-05-02,Denver,Burr Grinder,1,133.2
2026-05-02,Denver,Whole Bean 1kg,1,24.42
2026-05-02,Denver,Whole Bean 1kg,2,48.15
2026-05-02,Denver,Whole Bean 1kg,1,24.15
2026-05-02,Boulder,Burr Grinder,2,262.82
2026-05-02,Fort Collins,Whole Bean 1kg,2,46.77
2026-05-02,Boulder,Whole Bean 1kg,2,47.01
2026-05-02,Denver,Paper Filters,1,6.24
2026-05-02,Boulder,Whole Bean 1kg,3,75.13
2026-05-02,Boulder,Burr Grinder,2,257.8
2026-05-02,Boulder,Paper Filters,3,18.17
2026-05-02,Boulder,Whole Bean 1kg,1,23.9
2026-05-02,Denver,Paper Filters,3,18.53
2026-05-02,Denver,Whole Bean 1kg,2,51.74
2026-05-02,Fort Collins,Whole Bean 1kg,1,22.87
2026-05-02,Boulder,Paper Filters,2,11.95
2026-05-02,Fort Collins,Whole Bean 1kg,1,24.23
2026-05-03,Fort Collins,Gooseneck Kettle,2,121.38
2026-05-03,Fort Collins,Paper Filters,3,18.07
2026-05-03,Boulder,Espresso Machine,1,350.52
2026-05-03,Fort Collins,Whole Bean 1kg,1,24.46
2026-05-03,Fort Collins,Gooseneck Kettle,1,57.61
2026-05-03,Denver,Gooseneck Kettle,2,117.06
2026-05-03,Fort Collins,Paper Filters,2,11.94
2026-05-03,Boulder,Whole Bean 1kg,3,74.1
2026-05-03,Boulder,Whole Bean 1kg,3,74.98
2026-05-03,Boulder,Espresso Machine,1,326.42
2026-05-03,Fort Collins,Whole Bean 1kg,1,24.93
2026-05-03,Denver,Burr Grinder,2,249.08
2026-05-03,Denver,Whole Bean 1kg,2,49.9
2026-05-03,Boulder,Whole Bean 1kg,3,73.05
2026-05-03,Denver,Whole Bean 1kg,1,23.54
2026-05-03,Fort Collins,Whole Bean 1kg,1,23.07
2026-05-03,Boulder,Espresso Machine,2,682.26
2026-05-03,Denver,Espresso Machine,2,719.84
2026-05-03,Boulder,Whole Bean 1kg,1,25.48
2026-05-03,Denver,Espresso Machine,1,377.91
2026-05-03,Fort Collins,Paper Filters,1,6.08
2026-05-03,Fort Collins,Paper Filters,1,5.97
2026-05-03,Fort Collins,Espresso Machine,2,707.84
2026-05-03,Denver,Whole Bean 1kg,1,22.88
2026-05-03,Boulder,Whole Bean 1kg,4,96.51
2026-05-03,Denver,Paper Filters,2,11.77
2026-05-03,Denver,Gooseneck Kettle,2,117.36
2026-05-03,Fort Collins,Whole Bean 1kg,3,71.99
2026-05-03,Boulder,Paper Filters,2,12.13
2026-05-03,Boulder,Whole Bean 1kg,1,23.56
2026-05-03,Boulder,Espresso Machine,2,693.13
2026-05-03,Fort Collins,Burr Grinder,2,266.38
2026-05-03,Boulder,Paper Filters,2,12.04
2026-05-03,Denver,Whole Bean 1kg,1,22.9
2026-05-03,Denver,Gooseneck Kettle,1,60.72
2026-05-03,Boulder,Espresso Machine,1,330.07
2026-05-03,Boulder,Burr Grinder,2,258.77
2026-05-03,Denver,Gooseneck Kettle,2,114.29
2026-05-03,Denver,Burr Grinder,2,264.41
2026-05-03,Denver,Whole Bean 1kg,2,46.82
2026-05-03,Boulder,Espresso Machine,5,1661.87
2026-05-03,Denver,Whole Bean 1kg,2,50.72
2026-05-03,Boulder,Whole Bean 1kg,2,44.44
2026-05-03,Fort Collins,Burr Grinder,1,130.59
2026-05-03,Fort Collins,Burr Grinder,1,126.16
2026-05-03,Fort Collins,Espresso Machine,1,348.87
2026-05-03,Fort Collins,Gooseneck Kettle,2,115.07
2026-05-03,Denver,Whole Bean 1kg,2,49.43
2026-05-03,Boulder,Whole Bean 1kg,2,48.09
2026-05-03,Denver,Burr Grinder,2,252.19
2026-05-03,Denver,Whole Bean 1kg,1,23.71
2026-05-03,Fort Collins,Paper Filters,2,11.13
2026-05-03,Fort Collins,Whole Bean 1kg,2,48.46
2026-05-03,Denver,Whole Bean 1kg,2,51.8
2026-05-03,Denver,Whole Bean 1kg,1,22.98
2026-05-03,Denver,Gooseneck Kettle,1,61.03
2026-05-03,Denver,Burr Grinder,2,265.2
2026-05-03,Boulder,Paper Filters,2,12.01
2026-05-03,Boulder,Whole Bean 1kg,1,24.3
2026-05-03,Fort Collins,Espresso Machine,2,711.98
2026-05-03,Denver,Whole Bean 1kg,2,48.95
2026-05-03,Fort Collins,Paper Filters,3,18.28
2026-05-03,Fort Collins,Paper Filters,1,5.95
2026-05-04,Boulder,Espresso Machine,3,1020.96
2026-05-04,Denver,Burr Grinder,2,270.14
2026-05-04,Denver,Burr Grinder,2,244.6
2026-05-04,Boulder,Burr Grinder,2,239.52
2026-05-04,Fort Collins,Paper Filters,2,11.57
2026-05-04,Denver,Espresso Machine,1,352.56
2026-05-04,Boulder,Burr Grinder,1,131.93
2026-05-04,Denver,Burr Grinder,2,251.78
2026-05-04,Denver,Whole Bean 1kg,3,71.93
2026-05-04,Fort Collins,Whole Bean 1kg,2,47.97
2026-05-04,Denver,Paper Filters,2,11.01
2026-05-04,Denver,Paper Filters,2,11.96
2026-05-04,Denver,Burr Grinder,1,126.85
2026-05-04,Boulder,Whole Bean 1kg,2,47.81
2026-05-04,Boulder,Whole Bean 1kg,1,24.01
2026-05-04,Boulder,Whole Bean 1kg,2,48.97
2026-05-04,Fort Collins,Paper Filters,2,11.75
2026-05-04,Denver,Gooseneck Kettle,1,61.06
2026-05-04,Denver,Paper Filters,3,17.84
2026-05-05,Fort Collins,Paper Filters,4,22.82
2026-05-05,Denver,Burr Grinder,2,256.22
2026-05-05,Denver,Paper Filters,2,12.44
2026-05-05,Boulder,Whole Bean 1kg,1,25.23
2026-05-05,Boulder,Whole Bean 1kg,2,48.59
2026-05-05,Denver,Burr Grinder,2,256.53
2026-05-05,Denver,Paper Filters,1,5.97
2026-05-05,Denver,Espresso Machine,2,711.68
2026-05-05,Denver,Espresso Machine,3,991.26
2026-05-05,Fort Collins,Gooseneck Kettle,4,242.08
2026-05-05,Boulder,Paper Filters,4,23.28
2026-05-05,Denver,Whole Bean 1kg,1,26.06
2026-05-05,Fort Collins,Paper Filters,2,12.64
2026-05-05,Boulder,Whole Bean 1kg,3,71.85
2026-05-05,Denver,Whole Bean 1kg,2,49.36
2026-05-05,Denver,Whole Bean 1kg,3,70.15
2026-05-05,Denver,Burr Grinder,2,262.45
2026-05-05,Fort Collins,Whole Bean 1kg,1,23.51
2026-05-05,Fort Collins,Whole Bean 1kg,1,23.46
2026-05-05,Boulder,Paper Filters,3,18.62
2026-05-05,Fort Collins,Gooseneck Kettle,1,61.08
2026-05-05,Boulder,Paper Filters,1,6.45
2026-05-06,Boulder,Paper Filters,1,5.64
2026-05-06,Boulder,Whole Bean 1kg,2,47.3
2026-05-06,Fort Collins,Gooseneck Kettle,4,225.74
2026-05-06,Boulder,Burr Grinder,1,127.65
2026-05-06,Boulder,Burr Grinder,3,388.08
2026-05-06,Boulder,Whole Bean 1kg,2,48.26
2026-05-06,Denver,Gooseneck Kettle,2,115.23
2026-05-06,Denver,Paper Filters,3,18.45
2026-05-06,Fort Collins,Burr Grinder,1,126.12
2026-05-06,Fort Collins,Espresso Machine,1,333.69
2026-05-06,Fort Collins,Whole Bean 1kg,1,24.54
2026-05-06,Boulder,Espresso Machine,3,1009.58
2026-05-06,Denver,Burr Grinder,1,130.63
2026-05-06,Boulder,Burr Grinder,2,253.07
2026-05-06,Fort Collins,Whole Bean 1kg,1,24.8
2026-05-06,Denver,Whole Bean 1kg,3,70.96
2026-05-06,Denver,Paper Filters,3,17.29
2026-05-06,Denver,Espresso Machine,3,1072.58
2026-05-06,Denver,Whole Bean 1kg,2,49.91
2026-05-06,Boulder,Gooseneck Kettle,1,63.29
2026-05-06,Boulder,Whole Bean 1kg,1,23.44
2026-05-06,Denver,Whole Bean 1kg,2,47.58
2026-05-06,Fort Collins,Whole Bean 1kg,1,22.84
2026-05-06,Fort Collins,Whole Bean 1kg,1,24.79
2026-05-06,Fort Collins,Whole Bean 1kg,1,23.73
2026-05-06,Denver,Whole Bean 1kg,2,47.28
2026-05-06,Boulder,Whole Bean 1kg,1,24.25
2026-05-06,Denver,Paper Filters,1,6.0
2026-05-06,Boulder,Paper Filters,3,18.0
2026-05-06,Boulder,Whole Bean 1kg,1,24.01
2026-05-06,Denver,Whole Bean 1kg,1,22.61
2026-05-07,Boulder,Gooseneck Kettle,1,60.93
2026-05-07,Denver,Whole Bean 1kg,3,71.5
2026-05-07,Denver,Paper Filters,1,6.09
2026-05-07,Boulder,Espresso Machine,2,674.81
2026-05-07,Denver,Whole Bean 1kg,1,23.59
2026-05-07,Denver,Whole Bean 1kg,1,22.99
2026-05-07,Denver,Whole Bean 1kg,3,72.29
2026-05-07,Denver,Whole Bean 1kg,2,51.8
2026-05-07,Denver,Whole Bean 1kg,2,46.51
2026-05-07,Denver,Whole Bean 1kg,2,48.5
2026-05-07,Boulder,Espresso Machine,3,1007.07
2026-05-07,Boulder,Burr Grinder,2,270.99
2026-05-07,Denver,Whole Bean 1kg,2,45.11
2026-05-07,Boulder,Whole Bean 1kg,2,50.75
2026-05-07,Denver,Paper Filters,2,12.1
2026-05-07,Boulder,Paper Filters,1,5.73
2026-05-07,Denver,Burr Grinder,2,255.67
2026-05-07,Fort Collins,Whole Bean 1kg,2,49.06
2026-05-07,Boulder,Paper Filters,2,11.74
2026-05-07,Boulder,Whole Bean 1kg,2,48.29
2026-05-07,Fort Collins,Whole Bean 1kg,1,23.56
2026-05-07,Fort Collins,Whole Bean 1kg,3,70.74
2026-05-07,Denver,Whole Bean 1kg,4,96.34
2026-05-07,Denver,Whole Bean 1kg,3,74.0
2026-05-07,Boulder,Whole Bean 1kg,2,44.81
2026-05-07,Boulder,Whole Bean 1kg,1,22.85
2026-05-07,Boulder,Burr Grinder,1,137.92
2026-05-07,Fort Collins,Paper Filters,2,11.28
2026-05-07,Denver,Espresso Machine,2,706.24
2026-05-07,Boulder,Espresso Machine,2,702.44
2026-05-07,Boulder,Whole Bean 1kg,2,47.47
2026-05-07,Denver,Paper Filters,2,11.87
2026-05-07,Fort Collins,Gooseneck Kettle,2,117.05
2026-05-07,Boulder,Whole Bean 1kg,2,44.57
2026-05-07,Denver,Whole Bean 1kg,2,45.86
2026-05-07,Denver,Whole Bean 1kg,2,48.85
2026-05-07,Denver,Burr Grinder,2,254.96
2026-05-08,Boulder,Paper Filters,1,5.92
2026-05-08,Boulder,Whole Bean 1kg,1,25.08
2026-05-08,Boulder,Gooseneck Kettle,1,56.84
2026-05-08,Denver,Whole Bean 1kg,2,46.84
2026-05-08,Denver,Burr Grinder,1,126.03
2026-05-08,Denver,Burr Grinder,1,135.15
2026-05-08,Boulder,Whole Bean 1kg,1,24.91
2026-05-08,Denver,Paper Filters,2,12.17
2026-05-08,Boulder,Burr Grinder,1,132.84
2026-05-08,Denver,Paper Filters,2,12.23
2026-05-08,Fort Collins,Paper Filters,1,5.87
2026-05-08,Boulder,Whole Bean 1kg,2,48.08
2026-05-08,Boulder,Burr Grinder,3,384.08
2026-05-08,Denver,Whole Bean 1kg,1,24.5
2026-05-08,Boulder,Gooseneck Kettle,2,118.62
2026-05-08,Denver,Paper Filters,2,12.23
2026-05-08,Denver,Espresso Machine,1,344.03
2026-05-08,Denver,Whole Bean 1kg,3,71.75
2026-05-08,Boulder,Whole Bean 1kg,2,45.34
2026-05-08,Denver,Whole Bean 1kg,3,73.37
2026-05-08,Boulder,Paper Filters,2,11.84
2026-05-08,Denver,Gooseneck Kettle,2,116.98
2026-05-08,Fort Collins,Paper Filters,2,11.9
2026-05-08,Boulder,Paper Filters,2,12.28
2026-05-08,Boulder,Whole Bean 1kg,1,26.11
2026-05-08,Denver,Paper Filters,3,17.95
2026-05-08,Boulder,Whole Bean 1kg,2,46.48
2026-05-08,Boulder,Paper Filters,3,18.91
2026-05-08,Boulder,Burr Grinder,1,132.51
2026-05-08,Fort Collins,Whole Bean 1kg,1,23.73
2026-05-08,Denver,Whole Bean 1kg,2,47.29
2026-05-08,Fort Collins,Paper Filters,2,11.66
2026-05-08,Boulder,Whole Bean 1kg,1,23.49
2026-05-08,Denver,Whole Bean 1kg,1,24.2
2026-05-08,Boulder,Gooseneck Kettle,1,57.37
2026-05-08,Denver,Burr Grinder,1,133.68
2026-05-08,Fort Collins,Whole Bean 1kg,2,48.93
2026-05-08,Denver,Espresso Machine,3,1109.7
2026-05-08,Fort Collins,Whole Bean 1kg,2,46.11
2026-05-08,Denver,Gooseneck Kettle,2,112.6
2026-05-08,Fort Collins,Espresso Machine,1,343.57
2026-05-08,Denver,Paper Filters,1,6.14
2026-05-08,Boulder,Paper Filters,1,5.99
2026-05-08,Denver,Whole Bean 1kg,2,49.36
2026-05-08,Denver,Paper Filters,1,5.9
2026-05-09,Boulder,Burr Grinder,2,259.25
2026-05-09,Denver,Whole Bean 1kg,1,24.54
2026-05-09,Boulder,Paper Filters,1,5.87
2026-05-09,Boulder,Espresso Machine,1,351.23
2026-05-09,Denver,Paper Filters,1,6.15
2026-05-09,Denver,Whole Bean 1kg,1,23.55
2026-05-09,Fort Collins,Whole Bean 1kg,2,48.07
2026-05-09,Fort Collins,Whole Bean 1kg,3,74.27
2026-05-09,Denver,Gooseneck Kettle,1,57.66
2026-05-09,Boulder,Paper Filters,1,5.71
2026-05-09,Boulder,Paper Filters,1,5.7
2026-05-09,Fort Collins,Whole Bean 1kg,1,22.95
2026-05-09,Denver,Paper Filters,1,5.9
2026-05-09,Boulder,Burr Grinder,1,127.7
2026-05-09,Denver,Whole Bean 1kg,2,48.81
2026-05-09,Boulder,Burr Grinder,2,242.71
2026-05-09,Denver,Whole Bean 1kg,1,24.2
2026-05-09,Denver,Whole Bean 1kg,2,46.44
2026-05-09,Denver,Espresso Machine,1,338.77
2026-05-09,Fort Collins,Whole Bean 1kg,1,24.53
2026-05-09,Fort Collins,Paper Filters,1,6.01
2026-05-09,Denver,Paper Filters,1,6.23
2026-05-09,Fort Collins,Burr Grinder,2,257.87
2026-05-09,Boulder,Whole Bean 1kg,1,23.77
2026-05-09,Boulder,Burr Grinder,2,259.96
2026-05-09,Denver,Espresso Machine,2,678.16
2026-05-09,Denver,Whole Bean 1kg,2,47.96
2026-05-09,Fort Collins,Whole Bean 1kg,1,22.89
2026-05-09,Fort Collins,Burr Grinder,1,128.27
2026-05-09,Fort Collins,Burr Grinder,3,380.83
2026-05-09,Denver,Burr Grinder,1,128.65
2026-05-09,Boulder,Paper Filters,1,5.97
2026-05-09,Denver,Whole Bean 1kg,1,24.31
2026-05-09,Denver,Whole Bean 1kg,1,23.66
2026-05-09,Fort Collins,Whole Bean 1kg,2,46.87
2026-05-09,Denver,Paper Filters,1,5.86
2026-05-09,Boulder,Burr Grinder,2,246.66
2026-05-09,Boulder,Whole Bean 1kg,1,25.76
2026-05-09,Fort Collins,Whole Bean 1kg,1,24.73
2026-05-09,Boulder,Paper Filters,1,5.9
2026-05-09,Boulder,Whole Bean 1kg,1,22.98
2026-05-09,Boulder,Paper Filters,3,18.2
2026-05-09,Denver,Whole Bean 1kg,3,72.45
2026-05-09,Boulder,Paper Filters,1,6.44
2026-05-09,Boulder,Paper Filters,2,11.67
2026-05-09,Denver,Whole Bean 1kg,2,46.27
2026-05-09,Denver,Whole Bean 1kg,2,47.89
2026-05-09,Boulder,Whole Bean 1kg,2,48.79
2026-05-09,Denver,Whole Bean 1kg,2,46.0
2026-05-09,Denver,Whole Bean 1kg,3,72.98
2026-05-09,Boulder,Burr Grinder,1,124.63
2026-05-09,Boulder,Burr Grinder,1,132.02
2026-05-09,Denver,Whole Bean 1kg,1,23.79
2026-05-09,Fort Collins,Gooseneck Kettle,2,118.11
2026-05-09,Denver,Whole Bean 1kg,2,47.35
2026-05-09,Denver,Paper Filters,1,5.86
2026-05-09,Fort Collins,Gooseneck Kettle,1,59.86
2026-05-09,Boulder,Paper Filters,2,11.57
2026-05-09,Fort Collins,Whole Bean 1kg,2,45.39
2026-05-09,Denver,Burr Grinder,2,259.93
2026-05-09,Denver,Gooseneck Kettle,1,58.14
2026-05-09,Fort Collins,Whole Bean 1kg,2,48.65
2026-05-09,Denver,Espresso Machine,3,1044.82
2026-05-09,Boulder,Espresso Machine,1,365.74
2026-05-09,Denver,Paper Filters,1,5.81
2026-05-09,Boulder,Paper Filters,1,5.64
2026-05-09,Boulder,Paper Filters,2,12.06
2026-05-09,Fort Collins,Burr Grinder,2,260.51
2026-05-09,Fort Collins,Whole Bean 1kg,1,24.14
2026-05-09,Denver,Whole Bean 1kg,1,24.66
2026-05-09,Fort Collins,Espresso Machine,2,716.73
2026-05-10,Denver,Gooseneck Kettle,2,117.28
2026-05-10,Boulder,Whole Bean 1kg,1,24.28
2026-05-10,Denver,Whole Bean 1kg,2,46.22
2026-05-10,Denver,Espresso Machine,1,356.97
2026-05-10,Boulder,Gooseneck Kettle,2,121.28
2026-05-10,Denver,Paper Filters,2,11.85
2026-05-10,Boulder,Whole Bean 1kg,3,67.12
2026-05-10,Boulder,Burr Grinder,2,265.67
2026-05-10,Boulder,Burr Grinder,1,125.75
2026-05-10,Fort Collins,Espresso Machine,2,695.43
2026-05-10,Fort Collins,Gooseneck Kettle,1,59.18
2026-05-10,Denver,Whole Bean 1kg,3,72.92
2026-05-10,Boulder,Gooseneck Kettle,1,57.86
2026-05-10,Denver,Whole Bean 1kg,2,49.92
2026-05-10,Fort Collins,Whole Bean 1kg,1,24.62
2026-05-10,Denver,Gooseneck Kettle,1,61.91
2026-05-10,Fort Collins,Burr Grinder,3,384.3
2026-05-10,Denver,Whole Bean 1kg,1,23.11
2026-05-10,Boulder,Whole Bean 1kg,1,23.86
2026-05-10,Boulder,Paper Filters,1,5.99
2026-05-10,Denver,Whole Bean 1kg,1,25.26
2026-05-10,Boulder,Gooseneck Kettle,2,116.6
2026-05-10,Denver,Whole Bean 1kg,2,46.89
2026-05-10,Denver,Gooseneck Kettle,2,121.74
2026-05-10,Boulder,Whole Bean 1kg,2,49.09
2026-05-10,Denver,Whole Bean 1kg,1,23.74
2026-05-10,Denver,Paper Filters,1,5.93
2026-05-10,Fort Collins,Espresso Machine,2,695.52
2026-05-10,Boulder,Whole Bean 1kg,1,23.83
2026-05-10,Fort Collins,Whole Bean 1kg,3,70.22
2026-05-10,Denver,Burr Grinder,3,406.23
2026-05-10,Fort Collins,Whole Bean 1kg,2,46.1
2026-05-10,Boulder,Whole Bean 1kg,2,47.37
2026-05-10,Fort Collins,Gooseneck Kettle,1,58.42
2026-05-10,Denver,Gooseneck Kettle,2,119.45
2026-05-10,Denver,Whole Bean 1kg,1,24.18
2026-05-10,Denver,Whole Bean 1kg,2,46.83
2026-05-10,Denver,Paper Filters,1,6.18
2026-05-10,Fort Collins,Whole Bean 1kg,1,23.62
2026-05-10,Fort Collins,Paper Filters,1,5.98
2026-05-10,Boulder,Whole Bean 1kg,2,47.46
2026-05-10,Fort Collins,Whole Bean 1kg,2,49.0
2026-05-10,Denver,Whole Bean 1kg,4,95.37
2026-05-10,Boulder,Paper Filters,2,12.28
2026-05-10,Boulder,Paper Filters,3,19.69
2026-05-10,Denver,Whole Bean 1kg,1,24.24
2026-05-10,Denver,Paper Filters,1,6.01
2026-05-10,Denver,Gooseneck Kettle,3,182.65
2026-05-10,Boulder,Whole Bean 1kg,1,23.01
2026-05-10,Boulder,Burr Grinder,1,134.7
2026-05-10,Denver,Paper Filters,3,17.46
2026-05-10,Denver,Gooseneck Kettle,1,55.36
2026-05-10,Boulder,Whole Bean 1kg,2,49.33
2026-05-10,Denver,Paper Filters,2,12.12
2026-05-10,Denver,Whole Bean 1kg,1,24.83
2026-05-10,Boulder,Gooseneck Kettle,1,61.07
2026-05-10,Boulder,Whole Bean 1kg,2,47.98
2026-05-10,Denver,Whole Bean 1kg,1,23.39
2026-05-10,Denver,Espresso Machine,2,687.39
2026-05-10,Denver,Burr Grinder,1,132.36
2026-05-11,Fort Collins,Whole Bean 1kg,1,23.98
2026-05-11,Boulder,Burr Grinder,2,260.57
2026-05-11,Denver,Whole Bean 1kg,3,70.0
2026-05-11,Boulder,Whole Bean 1kg,1,23.67
2026-05-11,Denver,Espresso Machine,1,354.96
2026-05-11,Denver,Whole Bean 1kg,1,23.81
2026-05-11,Boulder,Paper Filters,2,12.42
2026-05-11,Denver,Burr Grinder,3,386.67
2026-05-11,Boulder,Espresso Machine,1,334.83
2026-05-11,Denver,Burr Grinder,2,256.88
2026-05-11,Fort Collins,Gooseneck Kettle,4,232.66
2026-05-11,Fort Collins,Whole Bean 1kg,2,49.91
2026-05-11,Fort Collins,Gooseneck Kettle,2,120.79
2026-05-11,Denver,Paper Filters,1,5.89
2026-05-11,Boulder,Espresso Machine,1,349.79
2026-05-11,Denver,Whole Bean 1kg,2,45.46
2026-05-11,Denver,Burr Grinder,1,129.81
2026-05-11,Denver,Burr Grinder,1,129.91
2026-05-11,Denver,Whole Bean 1kg,3,70.23
2026-05-11,Denver,Whole Bean 1kg,3,73.25
2026-05-11,Denver,Whole Bean 1kg,2,45.46
2026-05-11,Fort Collins,Gooseneck Kettle,1,60.86
2026-05-11,Boulder,Paper Filters,1,6.28
2026-05-11,Boulder,Whole Bean 1kg,1,24.16
2026-05-11,Fort Collins,Whole Bean 1kg,2,47.85
2026-05-11,Boulder,Paper Filters,2,11.62
2026-05-11,Denver,Paper Filters,3,18.63
2026-05-11,Denver,Gooseneck Kettle,1,58.65
2026-05-11,Fort Collins,Whole Bean 1kg,1,23.63
2026-05-11,Fort Collins,Paper Filters,1,6.17
2026-05-12,Denver,Whole Bean 1kg,2,45.78
2026-05-12,Boulder,Whole Bean 1kg,1,24.49
2026-05-12,Boulder,Burr Grinder,1,129.67
2026-05-12,Boulder,Whole Bean 1kg,1,23.82
2026-05-12,Denver,Burr Grinder,1,128.51
2026-05-12,Boulder,Paper Filters,1,6.01
2026-05-12,Boulder,Paper Filters,2,11.47
2026-05-12,Boulder,Whole Bean 1kg,1,24.28
2026-05-12,Denver,Whole Bean 1kg,2,50.22
2026-05-12,Boulder,Burr Grinder,1,130.22
2026-05-12,Fort Collins,Whole Bean 1kg,1,24.75
2026-05-12,Boulder,Espresso Machine,3,1058.42
2026-05-12,Denver,Whole Bean 1kg,2,51.47
2026-05-12,Denver,Whole Bean 1kg,2,47.9
2026-05-12,Denver,Gooseneck Kettle,2,110.93
2026-05-12,Fort Collins,Espresso Machine,1,348.91
2026-05-12,Boulder,Whole Bean 1kg,4,96.86
2026-05-12,Fort Collins,Paper Filters,1,5.96
2026-05-12,Denver,Paper Filters,2,12.31
2026-05-12,Denver,Espresso Machine,2,742.26
2026-05-12,Denver,Whole Bean 1kg,1,23.11
2026-05-12,Denver,Whole Bean 1kg,2,47.29
2026-05-12,Boulder,Burr Grinder,2,250.46
2026-05-12,Fort Collins,Gooseneck Kettle,2,116.63
2026-05-12,Fort Collins,Paper Filters,2,12.56
2026-05-12,Fort Collins,Burr Grinder,2,274.16
2026-05-12,Boulder,Burr Grinder,2,253.22
2026-05-12,Fort Collins,Burr Grinder,1,127.29
2026-05-13,Boulder,Paper Filters,2,12.06
2026-05-13,Denver,Paper Filters,2,12.21
2026-05-13,Denver,Paper Filters,2,12.04
2026-05-13,Denver,Espresso Machine,2,706.94
2026-05-13,Denver,Whole Bean 1kg,2,51.78
2026-05-13,Denver,Paper Filters,1,6.05
2026-05-13,Denver,Paper Filters,1,5.91
2026-05-13,Denver,Paper Filters,1,6.11
2026-05-13,Boulder,Paper Filters,2,11.59
2026-05-13,Boulder,Whole Bean 1kg,2,49.19
2026-05-13,Fort Collins,Burr Grinder,2,263.39
2026-05-13,Denver,Whole Bean 1kg,2,47.66
2026-05-13,Denver,Whole Bean 1kg,2,47.73
2026-05-13,Fort Collins,Gooseneck Kettle,1,61.19
2026-05-13,Boulder,Paper Filters,2,12.32
2026-05-13,Denver,Whole Bean 1kg,1,23.08
2026-05-13,Fort Collins,Paper Filters,2,11.82
2026-05-13,Denver,Paper Filters,2,11.7
2026-05-13,Fort Collins,Burr Grinder,2,265.12
2026-05-13,Fort Collins,Whole Bean 1kg,3,70.47
2026-05-13,Fort Collins,Whole Bean 1kg,3,76.36
2026-05-13,Denver,Whole Bean 1kg,1,24.56
2026-05-13,Denver,Whole Bean 1kg,3,72.5
2026-05-13,Fort Collins,Whole Bean 1kg,1,24.5
2026-05-13,Boulder,Burr Grinder,2,258.28
2026-05-13,Fort Collins,Whole Bean 1kg,1,23.0
2026-05-13,Boulder,Paper Filters,3,17.6
2026-05-13,Denver,Espresso Machine,2,712.13
2026-05-13,Boulder,Whole Bean 1kg,1,25.19
2026-05-13,Boulder,Whole Bean 1kg,1,22.86
2026-05-13,Boulder,Gooseneck Kettle,2,119.22
2026-05-14,Denver,Whole Bean 1kg,1,22.99
2026-05-14,Boulder,Whole Bean 1kg,1,22.36
2026-05-14,Denver,Paper Filters,1,6.19
2026-05-14,Boulder,Espresso Machine,2,702.76
2026-05-14,Denver,Paper Filters,1,5.89
2026-05-14,Denver,Whole Bean 1kg,2,47.64
2026-05-14,Fort Collins,Espresso Machine,1,338.96
2026-05-14,Boulder,Paper Filters,2,12.44
2026-05-14,Boulder,Whole Bean 1kg,1,23.02
2026-05-14,Fort Collins,Espresso Machine,1,352.1
2026-05-14,Fort Collins,Whole Bean 1kg,1,23.15
2026-05-14,Boulder,Whole Bean 1kg,2,46.8
2026-05-14,Fort Collins,Burr Grinder,2,263.21
2026-05-14,Boulder,Paper Filters,2,12.28
2026-05-14,Boulder,Burr Grinder,3,389.73
2026-05-14,Denver,Whole Bean 1kg,2,49.07
2026-05-14,Denver,Gooseneck Kettle,1,59.38
2026-05-14,Denver,Espresso Machine,3,978.46
2026-05-14,Denver,Whole Bean 1kg,1,24.55
2026-05-14,Boulder,Gooseneck Kettle,1,59.06
2026-05-14,Denver,Paper Filters,1,6.15
2026-05-14,Fort Collins,Paper Filters,1,6.06
2026-05-14,Fort Collins,Whole Bean 1kg,2,48.36
2026-05-14,Boulder,Paper Filters,3,17.82
2026-05-14,Denver,Burr Grinder,2,255.56
2026-05-14,Boulder,Burr Grinder,1,133.33
2026-05-14,Boulder,Burr Grinder,1,121.24
2026-05-14,Boulder,Paper Filters,2,11.39
2026-05-14,Boulder,Whole Bean 1kg,2,48.92
2026-05-14,Denver,Whole Bean 1kg,2,51.97
2026-05-14,Boulder,Whole Bean 1kg,4,93.67
2026-05-14,Boulder,Gooseneck Kettle,2,122.17
2026-05-14,Denver,Whole Bean 1kg,2,48.24
2026-05-14,Denver,Espresso Machine,1,346.13
2026-05-14,Fort Collins,Whole Bean 1kg,2,48.26
2026-05-14,Denver,Burr Grinder,3,391.42
2026-05-14,Denver,Gooseneck Kettle,2,117.08
2026-05-14,Denver,Whole Bean 1kg,3,72.23
2026-05-14,Boulder,Espresso Machine,2,705.25
2026-05-14,Boulder,Whole Bean 1kg,1,23.77
2026-05-14,Denver,Gooseneck Kettle,2,118.15
2026-05-14,Boulder,Espresso Machine,2,694.13
2026-05-14,Boulder,Burr Grinder,1,121.54
2026-05-15,Fort Collins,Paper Filters,2,12.25
2026-05-15,Denver,Espresso Machine,2,733.33
2026-05-15,Boulder,Whole Bean 1kg,1,23.6
2026-05-15,Denver,Paper Filters,1,6.07
2026-05-15,Denver,Paper Filters,1,6.15
2026-05-15,Denver,Espresso Machine,3,1104.26
2026-05-15,Denver,Whole Bean 1kg,3,70.93
2026-05-15,Denver,Gooseneck Kettle,2,119.33
2026-05-15,Fort Collins,Whole Bean 1kg,2,47.9
2026-05-15,Fort Collins,Paper Filters,1,6.04
2026-05-15,Boulder,Whole Bean 1kg,1,25.06
2026-05-15,Fort Collins,Whole Bean 1kg,3,72.34
2026-05-15,Denver,Whole Bean 1kg,2,45.96
2026-05-15,Denver,Whole Bean 1kg,1,23.35
2026-05-15,Denver,Paper Filters,1,6.21
2026-05-15,Boulder,Whole Bean 1kg,2,47.09
2026-05-15,Fort Collins,Gooseneck Kettle,2,120.41
2026-05-15,Boulder,Whole Bean 1kg,2,47.79
2026-05-15,Boulder,Whole Bean 1kg,2,44.88
2026-05-15,Boulder,Whole Bean 1kg,3,71.23
2026-05-15,Boulder,Whole Bean 1kg,2,49.26
2026-05-15,Fort Collins,Gooseneck Kettle,1,63.22
2026-05-15,Denver,Paper Filters,2,12.53
2026-05-15,Denver,Espresso Machine,2,699.25
2026-05-15,Boulder,Whole Bean 1kg,2,46.61
2026-05-15,Boulder,Gooseneck Kettle,1,63.74
2026-05-15,Boulder,Whole Bean 1kg,1,25.57
2026-05-15,Boulder,Espresso Machine,2,692.68
2026-05-15,Boulder,Whole Bean 1kg,2,47.96
2026-05-15,Fort Collins,Gooseneck Kettle,1,60.53
2026-05-15,Boulder,Paper Filters,2,12.58
2026-05-15,Fort Collins,Whole Bean 1kg,3,72.28
2026-05-15,Boulder,Espresso Machine,2,692.44
2026-05-15,Fort Collins,Whole Bean 1kg,2,48.93
2026-05-15,Boulder,Whole Bean 1kg,3,69.81
2026-05-15,Boulder,Whole Bean 1kg,1,24.01
2026-05-15,Boulder,Whole Bean 1kg,2,49.56
2026-05-15,Fort Collins,Paper Filters,2,12.0
2026-05-15,Fort Collins,Espresso Machine,1,370.01
2026-05-15,Fort Collins,Espresso Machine,1,338.29
2026-05-15,Denver,Espresso Machine,2,703.58
2026-05-15,Boulder,Paper Filters,2,12.53
2026-05-15,Denver,Whole Bean 1kg,3,70.85
2026-05-15,Boulder,Whole Bean 1kg,2,47.94
2026-05-15,Denver,Paper Filters,2,11.74
2026-05-16,Denver,Whole Bean 1kg,3,71.46
2026-05-16,Fort Collins,Whole Bean 1kg,1,24.38
2026-05-16,Fort Collins,Burr Grinder,2,266.02
2026-05-16,Denver,Whole Bean 1kg,2,47.11
2026-05-16,Fort Collins,Paper Filters,1,5.99
2026-05-16,Denver,Whole Bean 1kg,1,22.6
2026-05-16,Denver,Whole Bean 1kg,3,72.1
2026-05-16,Denver,Whole Bean 1kg,2,47.94
2026-05-16,Boulder,Paper Filters,1,5.89
2026-05-16,Denver,Whole Bean 1kg,1,23.88
2026-05-16,Boulder,Paper Filters,1,5.71
2026-05-16,Denver,Gooseneck Kettle,2,124.62
2026-05-16,Denver,Whole Bean 1kg,2,47.37
2026-05-16,Boulder,Whole Bean 1kg,1,23.28
2026-05-16,Boulder,Whole Bean 1kg,2,49.9
2026-05-16,Boulder,Paper Filters,1,5.85
2026-05-16,Boulder,Burr Grinder,2,262.86
2026-05-16,Fort Collins,Whole Bean 1kg,2,49.07
2026-05-16,Boulder,Whole Bean 1kg,1,25.98
2026-05-16,Boulder,Paper Filters,2,12.14
2026-05-16,Denver,Burr Grinder,2,251.81
2026-05-16,Boulder,Paper Filters,1,6.05
2026-05-16,Denver,Whole Bean 1kg,2,46.85
2026-05-16,Fort Collins,Paper Filters,1,6.27
2026-05-16,Boulder,Espresso Machine,1,364.89
2026-05-16,Denver,Whole Bean 1kg,2,48.08
2026-05-16,Boulder,Whole Bean 1kg,1,24.17
2026-05-16,Boulder,Gooseneck Kettle,3,178.61
2026-05-16,Boulder,Paper Filters,2,11.66
2026-05-16,Boulder,Whole Bean 1kg,1,24.17
2026-05-16,Fort Collins,Gooseneck Kettle,1,60.53
2026-05-16,Denver,Paper Filters,1,5.98
2026-05-16,Boulder,Espresso Machine,1,346.65
2026-05-16,Denver,Burr Grinder,1,127.16
2026-05-16,Denver,Whole Bean 1kg,2,49.8
2026-05-16,Fort Collins,Whole Bean 1kg,1,23.27
2026-05-16,Denver,Whole Bean 1kg,1,25.43
2026-05-16,Boulder,Paper Filters,2,11.12
2026-05-16,Denver,Whole Bean 1kg,2,48.88
2026-05-16,Fort Collins,Whole Bean 1kg,1,23.93
2026-05-16,Fort Collins,Burr Grinder,2,262.07
2026-05-16,Denver,Whole Bean 1kg,3,72.89
2026-05-16,Boulder,Burr Grinder,1,129.61
2026-05-16,Denver,Whole Bean 1kg,2,48.36
2026-05-16,Fort Collins,Whole Bean 1kg,1,23.77
2026-05-16,Denver,Whole Bean 1kg,2,49.23
2026-05-16,Boulder,Whole Bean 1kg,1,23.37
2026-05-16,Denver,Gooseneck Kettle,1,54.38
2026-05-16,Boulder,Gooseneck Kettle,1,61.24
2026-05-16,Denver,Gooseneck Kettle,2,119.49
2026-05-16,Boulder,Burr Grinder,1,128.91
2026-05-16,Fort Collins,Gooseneck Kettle,1,60.1
2026-05-16,Fort Collins,Paper Filters,1,6.21
2026-05-16,Denver,Paper Filters,1,6.14
2026-05-16,Denver,Whole Bean 1kg,1,25.16
2026-05-16,Fort Collins,Whole Bean 1kg,2,48.6
2026-05-16,Fort Collins,Whole Bean 1kg,3,74.35
2026-05-16,Denver,Whole Bean 1kg,1,23.88
2026-05-16,Denver,Whole Bean 1kg,1,24.57
2026-05-16,Denver,Whole Bean 1kg,1,24.11
2026-05-16,Denver,Whole Bean 1kg,2,46.59
2026-05-16,Fort Collins,Whole Bean 1kg,2,49.07
2026-05-16,Denver,Whole Bean 1kg,2,49.14
2026-05-16,Boulder,Whole Bean 1kg,2,50.46
2026-05-16,Boulder,Whole Bean 1kg,1,23.84
2026-05-16,Denver,Whole Bean 1kg,1,23.78
2026-05-16,Denver,Espresso Machine,1,341.66
2026-05-16,Denver,Paper Filters,1,6.17
2026-05-17,Boulder,Whole Bean 1kg,3,74.81
2026-05-17,Boulder,Paper Filters,1,6.23
2026-05-17,Boulder,Paper Filters,1,6.25
2026-05-17,Boulder,Whole Bean 1kg,2,48.87
2026-05-17,Boulder,Burr Grinder,2,245.47
2026-05-17,Denver,Burr Grinder,2,268.86
2026-05-17,Boulder,Espresso Machine,1,356.12
2026-05-17,Boulder,Whole Bean 1kg,3,68.35
2026-05-17,Boulder,Paper Filters,1,6.05
2026-05-17,Denver,Paper Filters,1,5.78
2026-05-17,Denver,Whole Bean 1kg,1,24.91
2026-05-17,Boulder,Paper Filters,3,18.16
2026-05-17,Boulder,Burr Grinder,3,401.49
2026-05-17,Boulder,Burr Grinder,2,264.63
2026-05-17,Denver,Paper Filters,1,5.92
2026-05-17,Boulder,Whole Bean 1kg,1,22.21
2026-05-17,Denver,Whole Bean 1kg,2,47.57
2026-05-17,Boulder,Paper Filters,2,11.84
2026-05-17,Denver,Whole Bean 1kg,2,45.48
2026-05-17,Denver,Burr Grinder,3,371.55
2026-05-17,Denver,Whole Bean 1kg,2,45.37
2026-05-17,Denver,Whole Bean 1kg,1,22.54
2026-05-17,Fort Collins,Whole Bean 1kg,1,24.62
2026-05-17,Denver,Burr Grinder,2,253.41
2026-05-17,Fort Collins,Espresso Machine,2,727.47
2026-05-17,Fort Collins,Espresso Machine,2,682.39
2026-05-17,Boulder,Gooseneck Kettle,1,61.98
2026-05-17,Denver,Whole Bean 1kg,3,71.19
2026-05-17,Denver,Whole Bean 1kg,2,46.7
2026-05-17,Denver,Whole Bean 1kg,2,48.02
2026-05-17,Fort Collins,Whole Bean 1kg,1,24.44
2026-05-17,Denver,Burr Grinder,2,265.61
2026-05-17,Boulder,Whole Bean 1kg,3,73.12
2026-05-17,Denver,Burr Grinder,1,136.96
2026-05-17,Boulder,Gooseneck Kettle,2,122.43
2026-05-17,Fort Collins,Whole Bean 1kg,2,48.32
2026-05-17,Fort Collins,Whole Bean 1kg,2,46.25
2026-05-17,Boulder,Paper Filters,2,11.49
2026-05-17,Denver,Whole Bean 1kg,2,47.79
2026-05-17,Boulder,Paper Filters,2,12.07
2026-05-17,Boulder,Espresso Machine,1,332.57
2026-05-17,Denver,Burr Grinder,1,133.57
2026-05-17,Fort Collins,Paper Filters,2,11.69
2026-05-17,Denver,Whole Bean 1kg,1,24.63
2026-05-17,Boulder,Paper Filters,2,12.06
2026-05-17,Fort Collins,Burr Grinder,2,279.38
2026-05-17,Denver,Espresso Machine,1,342.94
2026-05-17,Fort Collins,Whole Bean 1kg,1,23.41
2026-05-17,Denver,Whole Bean 1kg,1,25.34
2026-05-17,Denver,Whole Bean 1kg,2,45.2
2026-05-17,Boulder,Paper Filters,2,12.13
2026-05-17,Boulder,Whole Bean 1kg,1,24.59
2026-05-17,Denver,Whole Bean 1kg,2,48.87
2026-05-17,Denver,Whole Bean 1kg,3,73.7
2026-05-17,Fort Collins,Whole Bean 1kg,3,74.81
2026-05-17,Boulder,Whole Bean 1kg,1,23.7
2026-05-17,Denver,Whole Bean 1kg,2,48.86
2026-05-17,Fort Collins,Whole Bean 1kg,2,49.37
2026-05-18,Boulder,Paper Filters,1,5.76
2026-05-18,Fort Collins,Espresso Machine,1,359.44
2026-05-18,Denver,Burr Grinder,3,402.82
2026-05-18,Denver,Whole Bean 1kg,2,45.67
2026-05-18,Denver,Whole Bean 1kg,1,24.01
2026-05-18,Denver,Burr Grinder,2,267.51
2026-05-18,Denver,Whole Bean 1kg,1,23.42
2026-05-18,Denver,Burr Grinder,2,257.34
2026-05-18,Boulder,Whole Bean 1kg,3,72.43
2026-05-18,Denver,Whole Bean 1kg,2,46.94
2026-05-18,Denver,Gooseneck Kettle,1,60.66
2026-05-18,Boulder,Whole Bean 1kg,2,46.71
2026-05-18,Boulder,Paper Filters,1,5.79
2026-05-18,Boulder,Burr Grinder,3,387.25
2026-05-18,Fort Collins,Whole Bean 1kg,1,24.77
2026-05-18,Boulder,Espresso Machine,2,706.94
2026-05-18,Boulder,Paper Filters,2,11.95
2026-05-18,Boulder,Burr Grinder,3,386.12
2026-05-18,Denver,Espresso Machine,2,722.57
2026-05-18,Fort Collins,Espresso Machine,1,347.55
2026-05-18,Boulder,Paper Filters,1,6.01
2026-05-18,Boulder,Whole Bean 1kg,1,25.06
2026-05-18,Denver,Gooseneck Kettle,3,180.58
2026-05-18,Boulder,Paper Filters,2,11.5
2026-05-18,Boulder,Whole Bean 1kg,2,48.5
2026-05-18,Boulder,Paper Filters,3,17.97
2026-05-18,Denver,Whole Bean 1kg,2,47.15
2026-05-18,Fort Collins,Espresso Machine,1,341.11
2026-05-18,Denver,Whole Bean 1kg,2,49.18
2026-05-18,Boulder,Burr Grinder,2,246.77
2026-05-18,Denver,Paper Filters,1,6.33
2026-05-18,Boulder,Gooseneck Kettle,2,118.41
2026-05-19,Fort Collins,Burr Grinder,1,124.89
2026-05-19,Fort Collins,Espresso Machine,2,753.68
2026-05-19,Denver,Paper Filters,1,6.19
2026-05-19,Denver,Gooseneck Kettle,2,116.39
2026-05-19,Fort Collins,Whole Bean 1kg,2,47.89
2026-05-19,Fort Collins,Whole Bean 1kg,2,47.76
2026-05-19,Denver,Burr Grinder,2,265.03
2026-05-19,Fort Collins,Burr Grinder,1,130.64
2026-05-19,Denver,Whole Bean 1kg,2,47.69
2026-05-19,Boulder,Whole Bean 1kg,1,24.91
2026-05-19,Fort Collins,Gooseneck Kettle,1,60.29
2026-05-19,Fort Collins,Whole Bean 1kg,3,72.51
2026-05-19,Denver,Whole Bean 1kg,2,49.35
2026-05-19,Boulder,Whole Bean 1kg,1,23.33
2026-05-19,Boulder,Whole Bean 1kg,2,47.69
2026-05-19,Denver,Espresso Machine,2,680.58
2026-05-19,Denver,Gooseneck Kettle,3,172.97
2026-05-19,Boulder,Whole Bean 1kg,3,70.39
2026-05-19,Fort Collins,Whole Bean 1kg,1,23.92
2026-05-19,Denver,Paper Filters,1,6.27
2026-05-19,Denver,Whole Bean 1kg,1,23.83
2026-05-19,Boulder,Paper Filters,1,5.89
2026-05-19,Fort Collins,Whole Bean 1kg,1,25.58
2026-05-19,Boulder,Gooseneck Kettle,1,59.91
2026-05-19,Boulder,Paper Filters,1,5.79
2026-05-19,Boulder,Burr Grinder,2,270.69
2026-05-19,Fort Collins,Whole Bean 1kg,1,25.28
2026-05-20,Boulder,Whole Bean 1kg,2,48.79
2026-05-20,Fort Collins,Whole Bean 1kg,2,46.8
2026-05-20,Denver,Whole Bean 1kg,2,47.35
2026-05-20,Boulder,Whole Bean 1kg,1,23.4
2026-05-20,Denver,Whole Bean 1kg,2,45.1
2026-05-20,Boulder,Burr Grinder,3,398.07
2026-05-20,Boulder,Whole Bean 1kg,1,25.44
2026-05-20,Boulder,Espresso Machine,1,350.91
2026-05-20,Fort Collins,Espresso Machine,2,688.63
2026-05-20,Denver,Whole Bean 1kg,1,23.62
2026-05-20,Denver,Espresso Machine,3,1024.54
2026-05-20,Fort Collins,Burr Grinder,2,258.58
2026-05-20,Boulder,Whole Bean 1kg,2,48.4
2026-05-20,Boulder,Whole Bean 1kg,2,47.67
2026-05-20,Denver,Gooseneck Kettle,2,117.71
2026-05-20,Denver,Whole Bean 1kg,2,48.18
2026-05-20,Denver,Gooseneck Kettle,1,58.09
2026-05-20,Boulder,Burr Grinder,1,127.76
2026-05-20,Denver,Whole Bean 1kg,2,46.67
2026-05-20,Denver,Whole Bean 1kg,2,47.72
2026-05-20,Boulder,Whole Bean 1kg,2,47.66
2026-05-20,Boulder,Whole Bean 1kg,1,23.71
2026-05-20,Denver,Whole Bean 1kg,1,23.58
2026-05-20,Boulder,Gooseneck Kettle,2,113.43
2026-05-20,Fort Collins,Espresso Machine,2,727.16
2026-05-20,Boulder,Gooseneck Kettle,1,57.68
2026-05-20,Boulder,Espresso Machine,1,351.36
2026-05-20,Denver,Whole Bean 1kg,1,24.67
2026-05-20,Boulder,Paper Filters,3,18.82
2026-05-20,Fort Collins,Burr Grinder,2,262.03
2026-05-20,Fort Collins,Whole Bean 1kg,2,49.67
2026-05-20,Boulder,Whole Bean 1kg,2,49.46
2026-05-20,Boulder,Whole Bean 1kg,3,68.21
2026-05-21,Boulder,Paper Filters,2,12.55
2026-05-21,Boulder,Paper Filters,1,6.0
2026-05-21,Denver,Paper Filters,1,6.34
2026-05-21,Denver,Whole Bean 1kg,3,72.62
2026-05-21,Fort Collins,Burr Grinder,1,131.78
2026-05-21,Denver,Paper Filters,1,5.81
2026-05-21,Fort Collins,Gooseneck Kettle,2,122.84
2026-05-21,Boulder,Whole Bean 1kg,1,24.57
2026-05-21,Fort Collins,Whole Bean 1kg,1,22.92
2026-05-21,Denver,Paper Filters,2,11.76
2026-05-21,Fort Collins,Paper Filters,1,5.73
2026-05-21,Denver,Whole Bean 1kg,1,23.44
2026-05-21,Denver,Espresso Machine,2,709.33
2026-05-21,Boulder,Whole Bean 1kg,1,23.93
2026-05-21,Denver,Whole Bean 1kg,3,73.02
2026-05-21,Denver,Whole Bean 1kg,1,24.64
2026-05-21,Denver,Whole Bean 1kg,1,23.95
2026-05-21,Boulder,Whole Bean 1kg,1,22.93
2026-05-21,Denver,Burr Grinder,1,126.76
2026-05-21,Denver,Gooseneck Kettle,1,61.79
2026-05-21,Boulder,Whole Bean 1kg,1,23.77
2026-05-21,Denver,Paper Filters,3,18.43
2026-05-21,Denver,Whole Bean 1kg,3,69.02
2026-05-21,Denver,Whole Bean 1kg,3,69.84
2026-05-21,Boulder,Whole Bean 1kg,1,23.39
2026-05-21,Denver,Whole Bean 1kg,1,25.78
2026-05-21,Denver,Paper Filters,1,5.92
2026-05-21,Fort Collins,Whole Bean 1kg,1,24.96
2026-05-21,Boulder,Paper Filters,3,18.73
2026-05-21,Denver,Whole Bean 1kg,3,72.73
2026-05-21,Fort Collins,Paper Filters,2,12.0
2026-05-21,Boulder,Gooseneck Kettle,1,59.47
2026-05-21,Boulder,Paper Filters,1,6.05
2026-05-21,Denver,Espresso Machine,3,1070.31
2026-05-21,Fort Collins,Paper Filters,2,11.44
2026-05-21,Fort Collins,Paper Filters,3,17.79
2026-05-21,Fort Collins,Paper Filters,1,5.79
2026-05-21,Boulder,Paper Filters,1,6.17
2026-05-21,Boulder,Paper Filters,2,12.34
2026-05-22,Boulder,Whole Bean 1kg,1,23.88
2026-05-22,Denver,Burr Grinder,1,123.82
2026-05-22,Fort Collins,Gooseneck Kettle,1,59.41
2026-05-22,Boulder,Paper Filters,2,12.07
2026-05-22,Fort Collins,Whole Bean 1kg,2,47.68
2026-05-22,Denver,Paper Filters,2,11.53
2026-05-22,Denver,Whole Bean 1kg,2,47.87
2026-05-22,Denver,Whole Bean 1kg,2,47.76
2026-05-22,Boulder,Whole Bean 1kg,1,24.45
2026-05-22,Denver,Whole Bean 1kg,1,23.64
2026-05-22,Boulder,Whole Bean 1kg,3,69.44
2026-05-22,Fort Collins,Whole Bean 1kg,2,48.76
2026-05-22,Denver,Whole Bean 1kg,1,23.65
2026-05-22,Denver,Whole Bean 1kg,2,47.37
2026-05-22,Denver,Espresso Machine,2,684.66
2026-05-22,Boulder,Whole Bean 1kg,1,23.36
2026-05-22,Denver,Whole Bean 1kg,2,46.48
2026-05-22,Boulder,Whole Bean 1kg,1,22.99
2026-05-22,Boulder,Burr Grinder,1,118.39
2026-05-22,Boulder,Burr Grinder,1,126.24
2026-05-22,Fort Collins,Whole Bean 1kg,2,46.93
2026-05-22,Boulder,Paper Filters,1,5.72
2026-05-22,Boulder,Whole Bean 1kg,1,22.3
2026-05-22,Fort Collins,Whole Bean 1kg,2,45.85
2026-05-22,Denver,Espresso Machine,2,675.69
2026-05-22,Boulder,Paper Filters,1,6.13
2026-05-22,Denver,Burr Grinder,2,263.65
2026-05-22,Denver,Espresso Machine,1,345.11
2026-05-22,Boulder,Espresso Machine,1,349.83
2026-05-22,Denver,Paper Filters,1,6.24
2026-05-22,Fort Collins,Whole Bean 1kg,1,24.11
2026-05-22,Boulder,Burr Grinder,2,269.97
2026-05-22,Boulder,Paper Filters,3,16.98
2026-05-22,Denver,Gooseneck Kettle,2,115.6
2026-05-22,Fort Collins,Whole Bean 1kg,1,23.08
2026-05-22,Denver,Whole Bean 1kg,2,47.45
2026-05-23,Denver,Paper Filters,1,5.79
2026-05-23,Denver,Espresso Machine,2,730.66
2026-05-23,Boulder,Espresso Machine,2,710.28
2026-05-23,Denver,Burr Grinder,1,129.89
2026-05-23,Boulder,Paper Filters,2,11.69
2026-05-23,Boulder,Paper Filters,2,12.16
2026-05-23,Fort Collins,Whole Bean 1kg,1,25.18
2026-05-23,Fort Collins,Gooseneck Kettle,3,178.93
2026-05-23,Denver,Burr Grinder,2,258.08
2026-05-23,Denver,Paper Filters,1,5.88
2026-05-23,Fort Collins,Burr Grinder,2,249.41
2026-05-23,Denver,Whole Bean 1kg,3,70.62
2026-05-23,Boulder,Burr Grinder,3,377.71
2026-05-23,Denver,Whole Bean 1kg,1,23.14
2026-05-23,Boulder,Paper Filters,1,6.01
2026-05-23,Fort Collins,Gooseneck Kettle,2,118.74
2026-05-23,Fort Collins,Paper Filters,3,17.11
2026-05-23,Denver,Paper Filters,3,17.06
2026-05-23,Fort Collins,Whole Bean 1kg,1,24.19
2026-05-23,Denver,Whole Bean 1kg,1,24.32
2026-05-23,Boulder,Burr Grinder,1,127.94
2026-05-23,Denver,Paper Filters,1,6.34
2026-05-23,Denver,Whole Bean 1kg,1,22.62
2026-05-23,Denver,Paper Filters,2,11.85
2026-05-23,Boulder,Whole Bean 1kg,3,73.45
2026-05-23,Denver,Whole Bean 1kg,2,50.23
2026-05-23,Denver,Whole Bean 1kg,1,25.03
2026-05-23,Denver,Whole Bean 1kg,2,47.41
2026-05-23,Fort Collins,Gooseneck Kettle,3,174.41
2026-05-23,Fort Collins,Whole Bean 1kg,1,23.22
2026-05-23,Boulder,Paper Filters,1,6.07
2026-05-23,Denver,Whole Bean 1kg,1,22.62
2026-05-23,Denver,Gooseneck Kettle,2,115.67
2026-05-23,Denver,Espresso Machine,3,1028.35
2026-05-23,Fort Collins,Whole Bean 1kg,2,47.24
2026-05-23,Boulder,Whole Bean 1kg,1,24.23
2026-05-23,Boulder,Whole Bean 1kg,2,46.76
2026-05-23,Boulder,Gooseneck Kettle,2,113.56
2026-05-23,Denver,Whole Bean 1kg,1,24.31
2026-05-23,Boulder,Whole Bean 1kg,2,46.98
2026-05-23,Boulder,Whole Bean 1kg,2,46.4
2026-05-23,Fort Collins,Whole Bean 1kg,3,72.95
2026-05-23,Denver,Whole Bean 1kg,2,48.19
2026-05-23,Boulder,Espresso Machine,1,343.4
2026-05-23,Boulder,Whole Bean 1kg,1,23.37
2026-05-23,Fort Collins,Whole Bean 1kg,2,46.29
2026-05-23,Fort Collins,Burr Grinder,3,381.9
2026-05-23,Denver,Gooseneck Kettle,1,57.88
2026-05-23,Boulder,Whole Bean 1kg,1,22.85
2026-05-23,Boulder,Whole Bean 1kg,4,92.37
2026-05-23,Denver,Gooseneck Kettle,2,120.38
2026-05-23,Denver,Whole Bean 1kg,1,23.01
2026-05-23,Fort Collins,Paper Filters,3,18.46
2026-05-23,Denver,Whole Bean 1kg,1,24.93
2026-05-23,Boulder,Whole Bean 1kg,2,46.17
2026-05-23,Boulder,Whole Bean 1kg,2,47.41
2026-05-23,Denver,Burr Grinder,1,131.41
2026-05-23,Boulder,Burr Grinder,1,128.34
2026-05-23,Denver,Whole Bean 1kg,1,24.45
2026-05-23,Denver,Whole Bean 1kg,3,69.76
2026-05-23,Denver,Burr Grinder,2,251.8
2026-05-23,Boulder,Espresso Machine,2,698.82
2026-05-23,Boulder,Burr Grinder,1,134.88
2026-05-23,Boulder,Whole Bean 1kg,1,23.8
2026-05-23,Denver,Paper Filters,1,5.84
2026-05-23,Fort Collins,Gooseneck Kettle,3,187.16
2026-05-23,Denver,Gooseneck Kettle,2,111.49
2026-05-23,Boulder,Paper Filters,1,6.15
2026-05-23,Denver,Paper Filters,1,5.8
2026-05-23,Boulder,Burr Grinder,3,389.92
2026-05-23,Boulder,Paper Filters,4,25.38
2026-05-23,Denver,Whole Bean 1kg,1,25.13
2026-05-24,Denver,Burr Grinder,2,248.34
2026-05-24,Denver,Whole Bean 1kg,1,24.2
2026-05-24,Fort Collins,Paper Filters,2,11.7
2026-05-24,Boulder,Whole Bean 1kg,1,24.79
2026-05-24,Denver,Espresso Machine,1,357.15
2026-05-24,Boulder,Whole Bean 1kg,1,24.38
2026-05-24,Boulder,Espresso Machine,1,350.76
2026-05-24,Fort Collins,Burr Grinder,2,267.74
2026-05-24,Denver,Paper Filters,1,6.11
2026-05-24,Boulder,Whole Bean 1kg,3,72.13
2026-05-24,Fort Collins,Paper Filters,2,12.07
2026-05-24,Denver,Whole Bean 1kg,1,24.2
2026-05-24,Boulder,Gooseneck Kettle,2,119.89
2026-05-24,Denver,Paper Filters,2,11.88
2026-05-24,Denver,Whole Bean 1kg,1,23.64
2026-05-24,Denver,Gooseneck Kettle,1,58.43
2026-05-24,Denver,Whole Bean 1kg,1,24.85
2026-05-24,Boulder,Gooseneck Kettle,1,54.94
2026-05-24,Boulder,Paper Filters,2,11.94
2026-05-24,Denver,Espresso Machine,1,344.45
2026-05-24,Denver,Espresso Machine,1,344.98
2026-05-24,Boulder,Whole Bean 1kg,2,47.8
2026-05-24,Boulder,Paper Filters,2,11.76
2026-05-24,Denver,Whole Bean 1kg,1,23.95
2026-05-24,Fort Collins,Whole Bean 1kg,2,45.38
2026-05-24,Denver,Paper Filters,1,5.94
2026-05-24,Denver,Paper Filters,1,6.25
2026-05-24,Denver,Paper Filters,2,12.69
2026-05-24,Fort Collins,Whole Bean 1kg,2,49.4
2026-05-24,Denver,Burr Grinder,2,271.75
2026-05-24,Denver,Whole Bean 1kg,1,23.88
2026-05-24,Boulder,Paper Filters,1,5.74
2026-05-24,Boulder,Whole Bean 1kg,3,70.61
2026-05-24,Boulder,Whole Bean 1kg,1,24.51
2026-05-24,Boulder,Whole Bean 1kg,2,48.7
2026-05-24,Denver,Whole Bean 1kg,1,23.23
2026-05-24,Fort Collins,Paper Filters,1,6.21
2026-05-24,Boulder,Gooseneck Kettle,1,62.52
2026-05-24,Denver,Paper Filters,3,18.42
2026-05-24,Denver,Burr Grinder,2,256.87
2026-05-24,Boulder,Paper Filters,2,11.88
2026-05-24,Denver,Whole Bean 1kg,3,74.25
2026-05-24,Fort Collins,Whole Bean 1kg,1,23.88
2026-05-24,Fort Collins,Whole Bean 1kg,2,48.05
2026-05-24,Denver,Whole Bean 1kg,1,24.19
2026-05-24,Fort Collins,Whole Bean 1kg,3,70.47
2026-05-24,Denver,Paper Filters,2,11.4
2026-05-25,Fort Collins,Gooseneck Kettle,3,172.75
2026-05-25,Boulder,Whole Bean 1kg,1,24.08
2026-05-25,Denver,Espresso Machine,2,651.69
2026-05-25,Boulder,Whole Bean 1kg,2,48.41
2026-05-25,Boulder,Paper Filters,2,12.17
2026-05-25,Denver,Paper Filters,1,5.78
2026-05-25,Fort Collins,Paper Filters,1,6.01
2026-05-25,Boulder,Espresso Machine,1,341.06
2026-05-25,Fort Collins,Paper Filters,2,12.35
2026-05-25,Denver,Whole Bean 1kg,2,49.63
2026-05-25,Denver,Whole Bean 1kg,1,23.46
2026-05-25,Fort Collins,Paper Filters,3,17.9
2026-05-25,Denver,Espresso Machine,3,1043.01
2026-05-25,Fort Collins,Paper Filters,3,18.25
2026-05-25,Denver,Paper Filters,1,6.11
2026-05-25,Boulder,Gooseneck Kettle,2,122.66
2026-05-25,Denver,Burr Grinder,1,128.99
2026-05-25,Denver,Whole Bean 1kg,2,48.58
2026-05-25,Denver,Burr Grinder,3,387.82
2026-05-25,Denver,Paper Filters,3,17.95
2026-05-25,Boulder,Paper Filters,1,5.85
2026-05-25,Boulder,Whole Bean 1kg,1,24.54
2026-05-25,Denver,Espresso Machine,2,707.27
2026-05-25,Denver,Whole Bean 1kg,2,48.3
2026-05-25,Fort Collins,Paper Filters,1,6.1
2026-05-25,Denver,Whole Bean 1kg,2,49.01
2026-05-25,Fort Collins,Paper Filters,1,5.93
2026-05-26,Boulder,Whole Bean 1kg,1,23.18
2026-05-26,Boulder,Paper Filters,1,5.83
2026-05-26,Denver,Whole Bean 1kg,2,48.86
2026-05-26,Denver,Paper Filters,2,12.39
2026-05-26,Boulder,Paper Filters,2,12.4
2026-05-26,Fort Collins,Paper Filters,2,12.12
2026-05-26,Fort Collins,Paper Filters,2,12.27
2026-05-26,Denver,Espresso Machine,1,336.99
2026-05-26,Boulder,Paper Filters,2,11.84
2026-05-26,Denver,Paper Filters,1,6.09
2026-05-26,Boulder,Burr Grinder,1,128.25
2026-05-26,Boulder,Paper Filters,1,5.93
2026-05-26,Fort Collins,Whole Bean 1kg,1,23.07
2026-05-26,Boulder,Paper Filters,2,12.0
2026-05-26,Boulder,Burr Grinder,2,246.58
2026-05-26,Denver,Paper Filters,1,5.75
2026-05-26,Fort Collins,Whole Bean 1kg,1,24.84
2026-05-26,Boulder,Whole Bean 1kg,2,48.74
2026-05-26,Boulder,Gooseneck Kettle,2,121.66
2026-05-26,Denver,Espresso Machine,3,1090.42
2026-05-26,Boulder,Whole Bean 1kg,2,50.8
2026-05-26,Denver,Gooseneck Kettle,2,117.88
2026-05-26,Denver,Paper Filters,2,12.2
2026-05-26,Boulder,Gooseneck Kettle,1,57.0
2026-05-26,Denver,Espresso Machine,2,684.08
2026-05-27,Denver,Gooseneck Kettle,2,115.59
2026-05-27,Denver,Whole Bean 1kg,2,49.74
2026-05-27,Boulder,Whole Bean 1kg,1,23.33
2026-05-27,Boulder,Paper Filters,2,11.79
2026-05-27,Boulder,Burr Grinder,3,379.72
2026-05-27,Boulder,Burr Grinder,1,139.79
2026-05-27,Fort Collins,Whole Bean 1kg,1,23.49
2026-05-27,Denver,Whole Bean 1kg,2,49.16
2026-05-27,Denver,Whole Bean 1kg,1,24.02
2026-05-27,Denver,Gooseneck Kettle,2,120.55
2026-05-27,Boulder,Burr Grinder,2,254.31
2026-05-27,Denver,Paper Filters,2,12.4
2026-05-27,Boulder,Whole Bean 1kg,2,49.46
2026-05-27,Denver,Whole Bean 1kg,2,46.18
2026-05-27,Denver,Whole Bean 1kg,3,74.54
2026-05-27,Denver,Whole Bean 1kg,1,23.66
2026-05-27,Boulder,Whole Bean 1kg,2,48.26
2026-05-27,Boulder,Whole Bean 1kg,1,24.56
2026-05-27,Denver,Whole Bean 1kg,2,46.65
2026-05-27,Denver,Paper Filters,1,6.01
2026-05-27,Fort Collins,Paper Filters,1,5.89
2026-05-27,Fort Collins,Espresso Machine,3,1056.92
2026-05-27,Denver,Paper Filters,2,11.97
2026-05-27,Denver,Whole Bean 1kg,3,74.29
2026-05-27,Denver,Whole Bean 1kg,1,24.99
2026-05-27,Denver,Whole Bean 1kg,1,24.55
2026-05-27,Denver,Whole Bean 1kg,3,70.41
2026-05-27,Denver,Paper Filters,2,11.64
2026-05-27,Boulder,Burr Grinder,2,254.35
2026-05-27,Boulder,Espresso Machine,2,698.61
2026-05-27,Boulder,Paper Filters,2,11.88
2026-05-27,Boulder,Paper Filters,1,5.88
2026-05-27,Denver,Whole Bean 1kg,2,48.41
2026-05-27,Denver,Burr Grinder,2,251.07
2026-05-27,Denver,Whole Bean 1kg,4,96.7
2026-05-27,Denver,Paper Filters,2,12.06
2026-05-27,Fort Collins,Whole Bean 1kg,1,24.07
2026-05-27,Denver,Paper Filters,1,5.75
2026-05-27,Fort Collins,Whole Bean 1kg,3,71.77
2026-05-27,Boulder,Whole Bean 1kg,3,73.43
2026-05-27,Boulder,Whole Bean 1kg,1,22.94
2026-05-27,Denver,Paper Filters,1,5.96
2026-05-27,Fort Collins,Gooseneck Kettle,4,238.31
2026-05-27,Denver,Gooseneck Kettle,1,59.2
2026-05-27,Fort Collins,Paper Filters,1,5.72
2026-05-27,Denver,Whole Bean 1kg,2,48.69
2026-05-27,Denver,Paper Filters,3,18.09
2026-05-27,Fort Collins,Whole Bean 1kg,1,25.17
2026-05-27,Denver,Burr Grinder,2,247.68
2026-05-27,Denver,Whole Bean 1kg,1,24.31
2026-05-27,Denver,Paper Filters,2,12.59
2026-05-27,Denver,Whole Bean 1kg,3,71.41
2026-05-27,Fort Collins,Paper Filters,1,5.85
2026-05-28,Boulder,Paper Filters,2,12.02
2026-05-28,Boulder,Burr Grinder,3,371.86
2026-05-28,Fort Collins,Whole Bean 1kg,1,24.34
2026-05-28,Denver,Whole Bean 1kg,1,23.62
2026-05-28,Denver,Whole Bean 1kg,1,24.18
2026-05-28,Denver,Whole Bean 1kg,1,23.89
2026-05-28,Denver,Paper Filters,2,11.88
2026-05-28,Boulder,Whole Bean 1kg,1,25.11
2026-05-28,Boulder,Gooseneck Kettle,3,184.86
2026-05-28,Denver,Paper Filters,1,6.16
2026-05-28,Fort Collins,Whole Bean 1kg,1,24.98
2026-05-28,Boulder,Whole Bean 1kg,1,22.93
2026-05-28,Boulder,Whole Bean 1kg,2,46.34
2026-05-28,Denver,Burr Grinder,2,249.14
2026-05-28,Boulder,Gooseneck Kettle,2,119.27
2026-05-28,Boulder,Paper Filters,3,17.21
2026-05-28,Boulder,Espresso Machine,1,341.49
2026-05-28,Boulder,Burr Grinder,1,122.63
2026-05-28,Boulder,Paper Filters,1,5.72
2026-05-28,Fort Collins,Paper Filters,2,11.77
2026-05-28,Denver,Whole Bean 1kg,1,24.38
2026-05-28,Denver,Paper Filters,2,11.95
2026-05-28,Boulder,Whole Bean 1kg,2,47.22
2026-05-28,Boulder,Whole Bean 1kg,2,52.69
2026-05-28,Boulder,Burr Grinder,3,368.95
2026-05-28,Denver,Gooseneck Kettle,2,114.78
2026-05-28,Fort Collins,Paper Filters,2,12.43
2026-05-28,Denver,Paper Filters,1,5.88
2026-05-28,Boulder,Whole Bean 1kg,1,23.78
2026-05-28,Denver,Whole Bean 1kg,3,73.77
2026-05-28,Boulder,Burr Grinder,1,132.07
2026-05-28,Boulder,Whole Bean 1kg,2,46.73
2026-05-28,Fort Collins,Whole Bean 1kg,1,24.34
2026-05-28,Denver,Whole Bean 1kg,2,49.1
2026-05-28,Denver,Burr Grinder,3,392.61
2026-05-28,Fort Collins,Paper Filters,2,12.41
2026-05-28,Boulder,Burr Grinder,3,378.52
2026-05-29,Denver,Whole Bean 1kg,1,23.47
2026-05-29,Fort Collins,Whole Bean 1kg,1,23.17
2026-05-29,Fort Collins,Espresso Machine,3,1029.41
2026-05-29,Boulder,Paper Filters,1,5.95
2026-05-29,Fort Collins,Gooseneck Kettle,2,113.18
2026-05-29,Fort Collins,Espresso Machine,1,352.02
2026-05-29,Fort Collins,Whole Bean 1kg,1,23.36
2026-05-29,Denver,Whole Bean 1kg,1,25.32
2026-05-29,Denver,Paper Filters,1,6.03
2026-05-29,Denver,Whole Bean 1kg,1,23.54
2026-05-29,Boulder,Whole Bean 1kg,3,67.52
2026-05-29,Boulder,Whole Bean 1kg,2,48.02
2026-05-29,Denver,Whole Bean 1kg,2,48.09
2026-05-29,Boulder,Whole Bean 1kg,3,75.17
2026-05-29,Denver,Paper Filters,2,11.98
2026-05-29,Boulder,Paper Filters,3,18.74
2026-05-29,Boulder,Whole Bean 1kg,2,48.76
2026-05-29,Fort Collins,Paper Filters,4,22.98
2026-05-29,Boulder,Paper Filters,2,12.19
2026-05-29,Fort Collins,Whole Bean 1kg,2,48.56
2026-05-29,Denver,Paper Filters,1,5.76
2026-05-29,Fort Collins,Paper Filters,2,11.79
2026-05-29,Denver,Burr Grinder,1,127.75
2026-05-29,Boulder,Whole Bean 1kg,1,24.3
2026-05-29,Fort Collins,Whole Bean 1kg,1,24.54
2026-05-29,Denver,Whole Bean 1kg,2,48.07
2026-05-29,Boulder,Gooseneck Kettle,1,57.42
2026-05-29,Fort Collins,Paper Filters,2,11.86
2026-05-29,Boulder,Whole Bean 1kg,2,46.96
2026-05-29,Denver,Gooseneck Kettle,2,115.99
2026-05-29,Fort Collins,Espresso Machine,3,1020.32
2026-05-29,Fort Collins,Burr Grinder,2,241.44
2026-05-29,Boulder,Whole Bean 1kg,1,23.5
2026-05-29,Denver,Espresso Machine,3,1017.09
2026-05-29,Boulder,Whole Bean 1kg,1,25.02
2026-05-29,Denver,Espresso Machine,2,683.76
2026-05-29,Denver,Paper Filters,1,6.01
2026-05-29,Boulder,Burr Grinder,3,375.64
2026-05-29,Boulder,Whole Bean 1kg,1,24.05
2026-05-29,Denver,Gooseneck Kettle,2,117.55
2026-05-29,Fort Collins,Whole Bean 1kg,1,25.26
2026-05-29,Denver,Gooseneck Kettle,2,121.35
2026-05-29,Denver,Paper Filters,1,6.08
2026-05-29,Denver,Burr Grinder,2,251.05
2026-05-29,Fort Collins,Whole Bean 1kg,1,23.07
2026-05-29,Denver,Burr Grinder,3,372.33
2026-05-29,Boulder,Burr Grinder,2,251.68
2026-05-29,Boulder,Paper Filters,1,5.92
2026-05-29,Denver,Gooseneck Kettle,2,115.8
2026-05-29,Boulder,Whole Bean 1kg,2,49.05
2026-05-29,Denver,Paper Filters,1,5.81
2026-05-29,Boulder,Whole Bean 1kg,2,47.69
2026-05-29,Denver,Whole Bean 1kg,2,47.54
2026-05-30,Fort Collins,Whole Bean 1kg,2,48.28
2026-05-30,Fort Collins,Paper Filters,1,6.06
2026-05-30,Fort Collins,Whole Bean 1kg,2,46.3
2026-05-30,Boulder,Whole Bean 1kg,2,48.65
2026-05-30,Denver,Paper Filters,2,12.48
2026-05-30,Denver,Whole Bean 1kg,3,72.59
2026-05-30,Fort Collins,Paper Filters,2,11.79
2026-05-30,Fort Collins,Whole Bean 1kg,1,23.55
2026-05-30,Denver,Burr Grinder,2,248.29
2026-05-30,Denver,Paper Filters,1,6.37
2026-05-30,Denver,Gooseneck Kettle,2,118.45
2026-05-30,Denver,Gooseneck Kettle,2,118.73
2026-05-30,Boulder,Burr Grinder,2,253.04
2026-05-30,Denver,Espresso Machine,1,353.35
2026-05-30,Denver,Burr Grinder,1,131.87
2026-05-30,Boulder,Burr Grinder,1,130.15
2026-05-30,Denver,Burr Grinder,2,259.9
2026-05-30,Boulder,Paper Filters,1,6.04
2026-05-30,Denver,Burr Grinder,2,260.18
2026-05-30,Denver,Gooseneck Kettle,1,59.98
2026-05-30,Boulder,Paper Filters,3,18.14
2026-05-30,Denver,Paper Filters,2,11.78
2026-05-30,Denver,Paper Filters,2,11.91
2026-05-30,Fort Collins,Burr Grinder,2,281.7
2026-05-30,Fort Collins,Whole Bean 1kg,2,47.13
2026-05-30,Boulder,Whole Bean 1kg,1,24.63
2026-05-30,Denver,Whole Bean 1kg,1,23.59
2026-05-30,Denver,Whole Bean 1kg,1,25.18
2026-05-30,Denver,Gooseneck Kettle,1,61.99
2026-05-30,Denver,Burr Grinder,1,119.18
2026-05-30,Boulder,Paper Filters,2,11.58
2026-05-30,Fort Collins,Burr Grinder,2,262.55
2026-05-30,Boulder,Whole Bean 1kg,3,70.97
2026-05-30,Fort Collins,Gooseneck Kettle,1,61.62
2026-05-30,Fort Collins,Paper Filters,2,12.27
2026-05-30,Boulder,Paper Filters,2,11.6
2026-05-30,Boulder,Paper Filters,1,6.23
2026-05-30,Boulder,Burr Grinder,2,258.89
2026-05-30,Boulder,Paper Filters,2,12.31
2026-05-30,Denver,Whole Bean 1kg,1,24.7
2026-05-30,Denver,Whole Bean 1kg,1,24.27
2026-05-30,Denver,Paper Filters,3,18.35
2026-05-30,Denver,Whole Bean 1kg,2,48.88
2026-05-30,Fort Collins,Whole Bean 1kg,2,49.2
2026-05-30,Boulder,Whole Bean 1kg,1,24.29
2026-05-30,Fort Collins,Burr Grinder,1,125.52
2026-05-30,Boulder,Whole Bean 1kg,1,23.69
2026-05-30,Denver,Whole Bean 1kg,2,47.28
2026-05-30,Boulder,Paper Filters,1,6.08
2026-05-30,Boulder,Paper Filters,1,6.1
2026-05-30,Fort Collins,Whole Bean 1kg,3,68.14
2026-05-30,Denver,Burr Grinder,1,130.49
2026-05-30,Denver,Paper Filters,1,5.87
2026-05-30,Denver,Burr Grinder,2,252.74
2026-05-30,Fort Collins,Paper Filters,2,12.07
2026-05-30,Denver,Gooseneck Kettle,1,60.8
2026-05-30,Denver,Gooseneck Kettle,2,113.63
2026-05-30,Fort Collins,Paper Filters,2,11.99
2026-05-30,Denver,Gooseneck Kettle,2,118.89
2026-05-30,Fort Collins,Burr Grinder,1,132.65
2026-05-30,Denver,Paper Filters,1,5.75
2026-05-30,Boulder,Whole Bean 1kg,1,23.54
2026-05-30,Fort Collins,Paper Filters,3,17.26
2026-05-30,Boulder,Burr Grinder,1,134.0
2026-05-30,Denver,Gooseneck Kettle,3,176.85
2026-05-30,Denver,Paper Filters,1,6.0
2026-05-30,Denver,Whole Bean 1kg,2,45.36
2026-05-30,Denver,Whole Bean 1kg,2,47.98
2026-05-30,Denver,Burr Grinder,1,130.97
2026-05-30,Boulder,Burr Grinder,2,248.84
2026-05-30,Boulder,Whole Bean 1kg,2,46.1
2026-05-30,Boulder,Whole Bean 1kg,2,48.92
2026-05-30,Denver,Whole Bean 1kg,2,48.26
2026-05-30,Fort Collins,Burr Grinder,3,389.82
2026-05-30,Denver,Gooseneck Kettle,1,57.5
2026-05-30,Fort Collins,Whole Bean 1kg,1,25.09
2026-05-30,Fort Collins,Whole Bean 1kg,2,48.79
2026-05-30,Denver,Whole Bean 1kg,2,47.27
2026-05-31,Denver,Whole Bean 1kg,2,49.61
2026-05-31,Denver,Burr Grinder,1,129.55
2026-05-31,Boulder,Burr Grinder,3,379.28
2026-05-31,Denver,Espresso Machine,2,674.96
2026-05-31,Boulder,Whole Bean 1kg,1,23.85
2026-05-31,Denver,Espresso Machine,3,1083.91
2026-05-31,Fort Collins,Paper Filters,2,12.07
2026-05-31,Denver,Whole Bean 1kg,3,73.05
2026-05-31,Boulder,Whole Bean 1kg,1,24.1
2026-05-31,Fort Collins,Espresso Machine,2,727.6
2026-05-31,Boulder,Paper Filters,2,11.87
2026-05-31,Boulder,Whole Bean 1kg,1,22.71
2026-05-31,Denver,Paper Filters,3,18.61
2026-05-31,Fort Collins,Whole Bean 1kg,1,23.76
2026-05-31,Denver,Espresso Machine,1,334.02
2026-05-31,Denver,Paper Filters,2,11.67
2026-05-31,Fort Collins,Paper Filters,1,5.96
2026-05-31,Boulder,Whole Bean 1kg,1,24.07
2026-05-31,Boulder,Whole Bean 1kg,1,24.04
2026-05-31,Denver,Whole Bean 1kg,2,46.91
2026-05-31,Denver,Paper Filters,2,11.53
2026-05-31,Denver,Espresso Machine,1,356.51
2026-05-31,Fort Collins,Whole Bean 1kg,1,24.4
2026-05-31,Boulder,Whole Bean 1kg,2,47.0
2026-05-31,Denver,Espresso Machine,2,647.65
2026-05-31,Boulder,Paper Filters,2,12.29
2026-05-31,Denver,Paper Filters,3,18.16
2026-05-31,Fort Collins,Paper Filters,2,11.97
2026-05-31,Boulder,Whole Bean 1kg,1,24.41
2026-05-31,Boulder,Paper Filters,2,12.6
2026-05-31,Boulder,Whole Bean 1kg,2,48.0
2026-05-31,Boulder,Espresso Machine,1,336.9
2026-05-31,Boulder,Paper Filters,1,6.02
2026-05-31,Boulder,Paper Filters,2,11.61
2026-05-31,Denver,Whole Bean 1kg,1,24.13
2026-05-31,Boulder,Espresso Machine,2,718.62
2026-05-31,Boulder,Paper Filters,2,11.44
2026-05-31,Boulder,Burr Grinder,3,375.98
2026-05-31,Boulder,Espresso Machine,2,671.82
2026-05-31,Boulder,Burr Grinder,2,268.25
2026-05-31,Fort Collins,Whole Bean 1kg,2,47.95
2026-05-31,Boulder,Burr Grinder,1,134.84
2026-05-31,Boulder,Gooseneck Kettle,2,113.68
2026-05-31,Fort Collins,Whole Bean 1kg,2,45.76
2026-05-31,Denver,Whole Bean 1kg,2,47.46
2026-05-31,Boulder,Paper Filters,2,12.29
2026-05-31,Denver,Burr Grinder,1,126.54
2026-05-31,Boulder,Whole Bean 1kg,1,23.53
2026-05-31,Boulder,Whole Bean 1kg,2,46.47
2026-05-31,Boulder,Burr Grinder,1,130.39
2026-05-31,Fort Collins,Gooseneck Kettle,1,59.47
2026-05-31,Fort Collins,Burr Grinder,2,235.48
2026-05-31,Boulder,Paper Filters,2,11.97
2026-05-31,Boulder,Paper Filters,2,12.33
2026-05-31,Denver,Whole Bean 1kg,1,22.77
2026-05-31,Denver,Whole Bean 1kg,1,25.26
2026-05-31,Fort Collins,Whole Bean 1kg,1,24.5
2026-06-01,Denver,Paper Filters,1,6.01
2026-06-01,Denver,Burr Grinder,1,138.52
2026-06-01,Boulder,Whole Bean 1kg,2,47.62
2026-06-01,Boulder,Burr Grinder,2,261.84
2026-06-01,Denver,Whole Bean 1kg,3,70.3
2026-06-01,Boulder,Whole Bean 1kg,1,24.88
2026-06-01,Boulder,Paper Filters,1,6.08
2026-06-01,Boulder,Gooseneck Kettle,2,116.1
2026-06-01,Denver,Burr Grinder,2,251.5
2026-06-01,Boulder,Whole Bean 1kg,3,72.54
2026-06-01,Denver,Whole Bean 1kg,1,23.73
2026-06-01,Denver,Whole Bean 1kg,1,23.35
2026-06-01,Boulder,Whole Bean 1kg,1,23.39
2026-06-01,Denver,Espresso Machine,1,352.57
2026-06-01,Boulder,Burr Grinder,2,264.73
2026-06-01,Boulder,Paper Filters,3,17.78
2026-06-01,Boulder,Burr Grinder,2,270.82
2026-06-01,Boulder,Whole Bean 1kg,2,50.32
2026-06-01,Fort Collins,Whole Bean 1kg,2,48.21
2026-06-01,Denver,Burr Grinder,3,404.05
2026-06-01,Denver,Whole Bean 1kg,2,44.91
2026-06-01,Boulder,Paper Filters,1,6.06
2026-06-01,Boulder,Whole Bean 1kg,2,49.86
2026-06-01,Denver,Whole Bean 1kg,1,24.08
2026-06-01,Denver,Paper Filters,2,11.65
2026-06-01,Denver,Whole Bean 1kg,3,74.52
2026-06-01,Fort Collins,Whole Bean 1kg,2,46.12
2026-06-01,Fort Collins,Paper Filters,3,17.78
2026-06-01,Fort Collins,Whole Bean 1kg,1,23.44
2026-06-01,Fort Collins,Gooseneck Kettle,1,57.64
2026-06-01,Fort Collins,Paper Filters,1,5.83
2026-06-01,Denver,Paper Filters,2,11.98
2026-06-01,Denver,Gooseneck Kettle,2,116.77
2026-06-01,Boulder,Paper Filters,2,11.96
2026-06-01,Boulder,Whole Bean 1kg,1,24.28
2026-06-02,Boulder,Paper Filters,3,17.7
2026-06-02,Denver,Paper Filters,3,18.25
2026-06-02,Denver,Whole Bean 1kg,2,47.1
2026-06-02,Boulder,Gooseneck Kettle,2,116.08
2026-06-02,Boulder,Paper Filters,4,24.82
2026-06-02,Denver,Whole Bean 1kg,2,48.87
2026-06-02,Fort Collins,Whole Bean 1kg,3,70.22
2026-06-02,Denver,Espresso Machine,2,702.58
2026-06-02,Denver,Burr Grinder,1,130.16
2026-06-02,Denver,Paper Filters,1,6.53
2026-06-02,Denver,Whole Bean 1kg,1,23.5
2026-06-02,Denver,Whole Bean 1kg,4,94.34
2026-06-02,Denver,Burr Grinder,2,245.37
2026-06-02,Boulder,Paper Filters,2,11.71
2026-06-02,Boulder,Burr Grinder,1,128.01
2026-06-02,Boulder,Paper Filters,1,6.3
2026-06-02,Boulder,Paper Filters,1,5.95
2026-06-02,Denver,Gooseneck Kettle,1,59.15
2026-06-02,Denver,Paper Filters,3,17.63
2026-06-02,Denver,Burr Grinder,1,125.55
2026-06-02,Fort Collins,Whole Bean 1kg,2,49.76
2026-06-02,Denver,Paper Filters,2,11.5
2026-06-02,Boulder,Gooseneck Kettle,1,58.07
2026-06-02,Boulder,Burr Grinder,1,128.2
2026-06-02,Denver,Burr Grinder,2,252.27
2026-06-02,Boulder,Espresso Machine,2,713.9
2026-06-02,Denver,Whole Bean 1kg,1,23.47
2026-06-02,Denver,Espresso Machine,2,682.93
2026-06-02,Fort Collins,Espresso Machine,1,369.03
2026-06-03,Boulder,Whole Bean 1kg,3,71.71
2026-06-03,Denver,Whole Bean 1kg,2,47.01
2026-06-03,Denver,Whole Bean 1kg,2,48.39
2026-06-03,Boulder,Whole Bean 1kg,2,46.11
2026-06-03,Denver,Paper Filters,2,11.42
2026-06-03,Fort Collins,Burr Grinder,2,272.96
2026-06-03,Boulder,Burr Grinder,1,126.08
2026-06-03,Denver,Whole Bean 1kg,1,24.34
2026-06-03,Boulder,Whole Bean 1kg,1,23.75
2026-06-03,Denver,Whole Bean 1kg,1,24.79
2026-06-03,Boulder,Whole Bean 1kg,1,24.63
2026-06-03,Boulder,Whole Bean 1kg,1,23.7
2026-06-03,Denver,Whole Bean 1kg,2,49.0
2026-06-03,Denver,Whole Bean 1kg,2,50.41
2026-06-03,Boulder,Burr Grinder,1,128.66
2026-06-03,Boulder,Whole Bean 1kg,2,50.08
2026-06-03,Denver,Whole Bean 1kg,1,24.53
2026-06-03,Denver,Whole Bean 1kg,1,23.9
2026-06-03,Boulder,Paper Filters,1,5.92
2026-06-03,Boulder,Paper Filters,2,12.13
2026-06-03,Denver,Whole Bean 1kg,2,49.06
2026-06-03,Boulder,Gooseneck Kettle,2,116.4
2026-06-03,Fort Collins,Burr Grinder,1,127.24
2026-06-03,Fort Collins,Whole Bean 1kg,1,24.43
2026-06-03,Denver,Paper Filters,2,12.74
2026-06-03,Denver,Gooseneck Kettle,2,121.76
2026-06-03,Fort Collins,Burr Grinder,1,125.17
2026-06-03,Denver,Gooseneck Kettle,1,58.92
2026-06-03,Denver,Whole Bean 1kg,1,22.97
2026-06-03,Boulder,Paper Filters,1,6.13
2026-06-03,Boulder,Whole Bean 1kg,1,23.72
2026-06-03,Denver,Whole Bean 1kg,2,44.37
2026-06-03,Denver,Burr Grinder,2,260.47
2026-06-04,Boulder,Burr Grinder,1,130.95
2026-06-04,Boulder,Whole Bean 1kg,1,23.43
2026-06-04,Denver,Whole Bean 1kg,2,47.9
2026-06-04,Denver,Paper Filters,1,5.85
2026-06-04,Denver,Burr Grinder,2,248.81
2026-06-04,Denver,Whole Bean 1kg,1,23.86
2026-06-04,Boulder,Whole Bean 1kg,2,47.62
2026-06-04,Fort Collins,Whole Bean 1kg,1,24.54
2026-06-04,Denver,Whole Bean 1kg,1,23.98
2026-06-04,Boulder,Whole Bean 1kg,1,23.98
2026-06-04,Fort Collins,Whole Bean 1kg,2,47.53
2026-06-04,Denver,Gooseneck Kettle,1,61.13
2026-06-04,Denver,Whole Bean 1kg,2,47.94
2026-06-04,Denver,Burr Grinder,1,123.49
2026-06-04,Denver,Espresso Machine,2,674.93
2026-06-04,Denver,Paper Filters,2,11.61
2026-06-04,Boulder,Whole Bean 1kg,1,24.5
2026-06-04,Boulder,Gooseneck Kettle,3,179.37
2026-06-04,Boulder,Gooseneck Kettle,1,58.64
2026-06-04,Fort Collins,Burr Grinder,1,128.67
2026-06-04,Boulder,Espresso Machine,3,1061.42
2026-06-04,Denver,Whole Bean 1kg,1,24.55
2026-06-04,Boulder,Whole Bean 1kg,2,49.78
2026-06-04,Fort Collins,Whole Bean 1kg,2,46.85
2026-06-04,Boulder,Paper Filters,2,11.34
2026-06-04,Denver,Whole Bean 1kg,1,23.46
2026-06-04,Denver,Paper Filters,1,6.14
2026-06-04,Boulder,Paper Filters,1,5.97
2026-06-04,Boulder,Whole Bean 1kg,2,49.59
2026-06-04,Fort Collins,Whole Bean 1kg,1,25.32
2026-06-04,Boulder,Paper Filters,1,6.06
2026-06-04,Boulder,Whole Bean 1kg,1,24.2
2026-06-04,Boulder,Burr Grinder,2,261.35
2026-06-04,Boulder,Burr Grinder,2,255.51
2026-06-04,Denver,Whole Bean 1kg,2,47.78
2026-06-04,Boulder,Espresso Machine,2,728.35
2026-06-04,Denver,Burr Grinder,1,129.59
2026-06-05,Boulder,Burr Grinder,2,258.04
2026-06-05,Boulder,Gooseneck Kettle,2,123.72
2026-06-05,Denver,Whole Bean 1kg,2,49.55
2026-06-05,Denver,Gooseneck Kettle,3,176.53
2026-06-05,Denver,Paper Filters,2,11.58
2026-06-05,Fort Collins,Whole Bean 1kg,2,48.66
2026-06-05,Boulder,Espresso Machine,1,350.3
2026-06-05,Boulder,Paper Filters,2,11.96
2026-06-05,Fort Collins,Whole Bean 1kg,1,24.47
2026-06-05,Boulder,Paper Filters,2,12.44
2026-06-05,Fort Collins,Gooseneck Kettle,1,59.15
2026-06-05,Denver,Whole Bean 1kg,1,24.7
2026-06-05,Fort Collins,Paper Filters,2,11.49
2026-06-05,Boulder,Whole Bean 1kg,2,49.32
2026-06-05,Denver,Gooseneck Kettle,1,58.46
2026-06-05,Fort Collins,Paper Filters,1,6.3
2026-06-05,Boulder,Paper Filters,2,11.81
2026-06-05,Denver,Whole Bean 1kg,2,47.63
2026-06-05,Denver,Whole Bean 1kg,2,47.51
2026-06-05,Fort Collins,Whole Bean 1kg,2,47.65
2026-06-05,Denver,Whole Bean 1kg,2,48.78
2026-06-05,Fort Collins,Burr Grinder,1,131.63
2026-06-05,Boulder,Whole Bean 1kg,3,73.58
2026-06-05,Boulder,Paper Filters,1,6.1
2026-06-05,Denver,Gooseneck Kettle,1,58.75
2026-06-05,Denver,Whole Bean 1kg,1,23.31
2026-06-05,Fort Collins,Whole Bean 1kg,2,48.93
2026-06-05,Boulder,Whole Bean 1kg,2,47.41
2026-06-05,Denver,Burr Grinder,1,135.01
2026-06-05,Denver,Espresso Machine,1,349.69
2026-06-05,Boulder,Burr Grinder,1,133.73
2026-06-05,Boulder,Whole Bean 1kg,2,49.68
2026-06-05,Boulder,Whole Bean 1kg,2,46.09
2026-06-05,Boulder,Whole Bean 1kg,2,47.88
2026-06-05,Fort Collins,Paper Filters,1,5.8
2026-06-05,Boulder,Burr Grinder,3,374.63
2026-06-05,Boulder,Gooseneck Kettle,1,58.74
2026-06-05,Denver,Whole Bean 1kg,2,49.5
2026-06-05,Boulder,Paper Filters,1,6.06
2026-06-05,Boulder,Whole Bean 1kg,2,47.04
2026-06-05,Denver,Whole Bean 1kg,3,71.14
2026-06-05,Denver,Whole Bean 1kg,2,50.43
2026-06-05,Boulder,Paper Filters,3,18.7
2026-06-05,Denver,Whole Bean 1kg,1,25.27
2026-06-05,Boulder,Whole Bean 1kg,3,72.77
2026-06-05,Denver,Gooseneck Kettle,1,55.78
2026-06-05,Denver,Whole Bean 1kg,1,23.76
2026-06-05,Denver,Whole Bean 1kg,2,46.78
2026-06-05,Boulder,Whole Bean 1kg,2,49.81
2026-06-05,Fort Collins,Whole Bean 1kg,2,49.43
2026-06-05,Denver,Burr Grinder,1,126.18
2026-06-05,Fort Collins,Burr Grinder,3,378.74
2026-06-06,Denver,Whole Bean 1kg,2,48.63
2026-06-06,Denver,Whole Bean 1kg,2,48.36
2026-06-06,Denver,Paper Filters,4,23.85
2026-06-06,Boulder,Whole Bean 1kg,2,45.84
2026-06-06,Fort Collins,Espresso Machine,2,696.2
2026-06-06,Boulder,Whole Bean 1kg,2,48.41
2026-06-06,Fort Collins,Paper Filters,2,12.62
2026-06-06,Fort Collins,Whole Bean 1kg,3,69.28
2026-06-06,Fort Collins,Paper Filters,2,12.03
2026-06-06,Denver,Paper Filters,1,6.13
2026-06-06,Denver,Gooseneck Kettle,3,182.36
2026-06-06,Fort Collins,Paper Filters,1,6.02
2026-06-06,Boulder,Whole Bean 1kg,2,48.77
2026-06-06,Denver,Burr Grinder,2,247.74
2026-06-06,Denver,Whole Bean 1kg,1,23.0
2026-06-06,Fort Collins,Paper Filters,2,12.1
2026-06-06,Boulder,Whole Bean 1kg,1,23.82
2026-06-06,Boulder,Gooseneck Kettle,3,180.03
2026-06-06,Boulder,Paper Filters,2,11.38
2026-06-06,Denver,Whole Bean 1kg,2,48.0
2026-06-06,Boulder,Whole Bean 1kg,2,46.87
2026-06-06,Boulder,Gooseneck Kettle,3,176.98
2026-06-06,Denver,Paper Filters,2,12.37
2026-06-06,Denver,Whole Bean 1kg,2,46.44
2026-06-06,Boulder,Whole Bean 1kg,1,22.24
2026-06-06,Denver,Gooseneck Kettle,3,177.78
2026-06-06,Denver,Burr Grinder,2,255.7
2026-06-06,Boulder,Paper Filters,2,11.95
2026-06-06,Denver,Burr Grinder,1,123.23
2026-06-06,Denver,Espresso Machine,4,1443.38
2026-06-06,Denver,Paper Filters,2,12.14
2026-06-06,Denver,Gooseneck Kettle,3,176.75
2026-06-06,Fort Collins,Gooseneck Kettle,2,114.21
2026-06-06,Denver,Whole Bean 1kg,2,45.29
2026-06-06,Boulder,Whole Bean 1kg,2,50.5
2026-06-06,Boulder,Espresso Machine,2,702.8
2026-06-06,Denver,Paper Filters,1,6.17
2026-06-06,Boulder,Espresso Machine,2,758.51
2026-06-06,Boulder,Burr Grinder,2,256.13
2026-06-06,Boulder,Burr Grinder,1,131.95
2026-06-06,Denver,Whole Bean 1kg,1,23.42
2026-06-06,Denver,Espresso Machine,1,371.77
2026-06-06,Boulder,Espresso Machine,3,1116.99
2026-06-06,Fort Collins,Burr Grinder,1,127.64
2026-06-06,Boulder,Whole Bean 1kg,2,48.09
2026-06-06,Denver,Espresso Machine,1,349.32
2026-06-06,Fort Collins,Whole Bean 1kg,1,24.71
2026-06-06,Fort Collins,Whole Bean 1kg,2,52.0
2026-06-06,Denver,Whole Bean 1kg,2,47.04
2026-06-06,Boulder,Paper Filters,2,12.04
2026-06-06,Boulder,Gooseneck Kettle,2,112.64
2026-06-06,Denver,Paper Filters,1,5.89
2026-06-06,Boulder,Whole Bean 1kg,2,46.58
2026-06-06,Fort Collins,Whole Bean 1kg,1,23.82
2026-06-06,Denver,Burr Grinder,2,268.39
2026-06-06,Boulder,Whole Bean 1kg,1,23.54
2026-06-06,Denver,Whole Bean 1kg,2,49.09
2026-06-06,Fort Collins,Whole Bean 1kg,2,48.36
2026-06-06,Denver,Burr Grinder,2,251.74
2026-06-06,Boulder,Whole Bean 1kg,2,48.54
2026-06-06,Denver,Paper Filters,2,11.87
2026-06-06,Fort Collins,Burr Grinder,2,258.54
2026-06-06,Boulder,Whole Bean 1kg,2,47.63
2026-06-06,Boulder,Whole Bean 1kg,1,24.07
2026-06-06,Boulder,Paper Filters,2,12.23
2026-06-06,Denver,Paper Filters,1,6.15
2026-06-06,Boulder,Paper Filters,2,12.28
2026-06-06,Denver,Whole Bean 1kg,2,48.87
2026-06-06,Fort Collins,Espresso Machine,1,346.4
2026-06-07,Boulder,Gooseneck Kettle,2,115.44
2026-06-07,Boulder,Paper Filters,2,11.99
2026-06-07,Fort Collins,Paper Filters,3,18.61
2026-06-07,Boulder,Whole Bean 1kg,2,48.95
2026-06-07,Denver,Espresso Machine,3,1054.72
2026-06-07,Boulder,Whole Bean 1kg,2,46.62
2026-06-07,Fort Collins,Whole Bean 1kg,2,47.1
2026-06-07,Denver,Whole Bean 1kg,1,22.63
2026-06-07,Boulder,Whole Bean 1kg,3,73.98
2026-06-07,Denver,Burr Grinder,2,259.02
2026-06-07,Denver,Paper Filters,1,6.2
2026-06-07,Denver,Paper Filters,2,11.97
2026-06-07,Boulder,Burr Grinder,2,249.11
2026-06-07,Boulder,Whole Bean 1kg,3,68.22
2026-06-07,Fort Collins,Whole Bean 1kg,1,25.07
2026-06-07,Fort Collins,Whole Bean 1kg,1,22.87
2026-06-07,Boulder,Whole Bean 1kg,1,24.1
2026-06-07,Fort Collins,Espresso Machine,1,357.47
2026-06-07,Denver,Burr Grinder,3,386.62
2026-06-07,Fort Collins,Whole Bean 1kg,1,23.0
2026-06-07,Denver,Whole Bean 1kg,1,23.84
2026-06-07,Denver,Whole Bean 1kg,1,23.7
2026-06-07,Denver,Paper Filters,2,12.23
2026-06-07,Denver,Burr Grinder,1,124.14
2026-06-07,Boulder,Paper Filters,1,6.32
2026-06-07,Fort Collins,Paper Filters,3,18.31
2026-06-07,Denver,Whole Bean 1kg,1,24.48
2026-06-07,Denver,Whole Bean 1kg,2,49.78
2026-06-07,Boulder,Burr Grinder,2,264.26
2026-06-07,Denver,Whole Bean 1kg,1,24.51
2026-06-07,Denver,Gooseneck Kettle,2,115.3
2026-06-07,Boulder,Burr Grinder,3,392.26
2026-06-07,Denver,Gooseneck Kettle,1,59.54
2026-06-07,Denver,Whole Bean 1kg,3,70.07
2026-06-07,Denver,Paper Filters,2,12.17
2026-06-07,Boulder,Whole Bean 1kg,3,72.23
2026-06-07,Denver,Paper Filters,2,11.95
2026-06-07,Boulder,Paper Filters,1,5.8
2026-06-07,Boulder,Whole Bean 1kg,2,46.98
2026-06-07,Boulder,Paper Filters,3,17.69
2026-06-07,Denver,Burr Grinder,3,373.84
2026-06-07,Denver,Paper Filters,1,5.81
2026-06-07,Denver,Burr Grinder,1,136.64
2026-06-07,Fort Collins,Whole Bean 1kg,1,23.9
2026-06-07,Denver,Whole Bean 1kg,1,24.27
2026-06-07,Denver,Burr Grinder,1,133.07
2026-06-07,Denver,Paper Filters,2,11.59
2026-06-07,Boulder,Gooseneck Kettle,1,57.21
2026-06-07,Fort Collins,Gooseneck Kettle,1,60.9
2026-06-07,Denver,Burr Grinder,2,255.21
2026-06-07,Denver,Whole Bean 1kg,1,24.33
2026-06-08,Boulder,Burr Grinder,1,128.33
2026-06-08,Fort Collins,Whole Bean 1kg,1,23.44
2026-06-08,Boulder,Whole Bean 1kg,1,24.49
2026-06-08,Denver,Whole Bean 1kg,1,24.13
2026-06-08,Fort Collins,Espresso Machine,1,351.98
2026-06-08,Boulder,Whole Bean 1kg,1,24.22
2026-06-08,Denver,Burr Grinder,3,382.05
2026-06-08,Denver,Burr Grinder,2,267.69
2026-06-08,Fort Collins,Whole Bean 1kg,2,49.28
2026-06-08,Denver,Whole Bean 1kg,2,47.12
2026-06-08,Boulder,Whole Bean 1kg,1,24.54
2026-06-08,Denver,Paper Filters,2,12.29
2026-06-08,Boulder,Espresso Machine,2,727.56
2026-06-08,Fort Collins,Whole Bean 1kg,1,24.63
2026-06-08,Denver,Whole Bean 1kg,2,48.75
2026-06-08,Fort Collins,Paper Filters,2,12.7
2026-06-08,Boulder,Whole Bean 1kg,3,71.32
2026-06-08,Boulder,Paper Filters,2,12.58
2026-06-08,Denver,Whole Bean 1kg,2,45.69
2026-06-08,Boulder,Burr Grinder,1,131.18
2026-06-08,Denver,Whole Bean 1kg,2,46.19
2026-06-08,Denver,Whole Bean 1kg,2,46.6
2026-06-08,Fort Collins,Whole Bean 1kg,2,46.62
2026-06-08,Boulder,Burr Grinder,2,257.06
2026-06-08,Boulder,Whole Bean 1kg,1,24.45
2026-06-08,Denver,Burr Grinder,1,129.66
2026-06-08,Denver,Whole Bean 1kg,1,23.63
2026-06-08,Boulder,Whole Bean 1kg,2,46.86
2026-06-09,Denver,Espresso Machine,2,705.28
2026-06-09,Denver,Espresso Machine,2,683.79
2026-06-09,Boulder,Whole Bean 1kg,1,23.57
2026-06-09,Boulder,Burr Grinder,3,380.18
2026-06-09,Boulder,Espresso Machine,2,700.66
2026-06-09,Denver,Paper Filters,1,6.14
2026-06-09,Fort Collins,Burr Grinder,1,133.32
2026-06-09,Denver,Paper Filters,1,6.28
2026-06-09,Fort Collins,Espresso Machine,1,361.58
2026-06-09,Boulder,Paper Filters,2,12.15
2026-06-09,Boulder,Paper Filters,2,11.79
2026-06-09,Boulder,Gooseneck Kettle,1,57.74
2026-06-09,Denver,Burr Grinder,2,247.61
2026-06-09,Boulder,Gooseneck Kettle,2,120.36
2026-06-09,Boulder,Paper Filters,2,12.25
2026-06-09,Fort Collins,Whole Bean 1kg,1,23.67
2026-06-09,Fort Collins,Whole Bean 1kg,3,76.5
2026-06-09,Denver,Paper Filters,1,5.98
2026-06-09,Boulder,Gooseneck Kettle,1,58.93
2026-06-09,Boulder,Whole Bean 1kg,1,24.44
2026-06-09,Denver,Paper Filters,1,5.86
2026-06-09,Denver,Whole Bean 1kg,2,48.78
2026-06-09,Boulder,Paper Filters,2,11.68
2026-06-09,Boulder,Paper Filters,2,12.46
2026-06-09,Boulder,Paper Filters,2,12.01
2026-06-09,Denver,Whole Bean 1kg,2,46.38
2026-06-10,Denver,Whole Bean 1kg,2,47.59
2026-06-10,Denver,Burr Grinder,2,251.98
2026-06-10,Denver,Whole Bean 1kg,2,46.07
2026-06-10,Denver,Paper Filters,3,18.6
2026-06-10,Boulder,Whole Bean 1kg,3,69.91
2026-06-10,Fort Collins,Gooseneck Kettle,1,56.53
2026-06-10,Boulder,Whole Bean 1kg,2,46.4
2026-06-10,Denver,Paper Filters,2,12.36
2026-06-10,Denver,Whole Bean 1kg,2,48.35
2026-06-10,Denver,Burr Grinder,2,259.07
2026-06-10,Denver,Gooseneck Kettle,2,123.23
2026-06-10,Denver,Paper Filters,1,5.99
2026-06-10,Fort Collins,Burr Grinder,2,272.58
2026-06-10,Denver,Paper Filters,2,11.67
2026-06-10,Fort Collins,Burr Grinder,2,255.29
2026-06-10,Denver,Whole Bean 1kg,2,49.38
2026-06-10,Denver,Whole Bean 1kg,2,47.07
2026-06-10,Denver,Espresso Machine,2,689.19
2026-06-10,Denver,Whole Bean 1kg,1,23.87
2026-06-10,Denver,Burr Grinder,1,131.15
2026-06-10,Denver,Gooseneck Kettle,1,58.11
2026-06-10,Denver,Whole Bean 1kg,1,22.91
2026-06-11,Boulder,Burr Grinder,2,250.02
2026-06-11,Denver,Whole Bean 1kg,2,47.27
2026-06-11,Denver,Paper Filters,2,11.83
2026-06-11,Denver,Paper Filters,1,5.82
2026-06-11,Denver,Gooseneck Kettle,1,62.11
2026-06-11,Boulder,Burr Grinder,2,256.23
2026-06-11,Boulder,Whole Bean 1kg,1,25.31
2026-06-11,Boulder,Whole Bean 1kg,1,24.97
2026-06-11,Boulder,Whole Bean 1kg,1,26.26
2026-06-11,Denver,Whole Bean 1kg,1,23.67
2026-06-11,Denver,Burr Grinder,3,386.71
2026-06-11,Fort Collins,Paper Filters,1,5.49
2026-06-11,Boulder,Whole Bean 1kg,2,48.95
2026-06-11,Boulder,Whole Bean 1kg,1,23.53
2026-06-11,Boulder,Whole Bean 1kg,2,48.36
2026-06-11,Fort Collins,Paper Filters,1,5.82
2026-06-11,Fort Collins,Paper Filters,1,6.37
2026-06-11,Denver,Whole Bean 1kg,1,24.03
2026-06-11,Denver,Whole Bean 1kg,3,71.74
2026-06-11,Denver,Whole Bean 1kg,2,47.27
2026-06-11,Denver,Burr Grinder,4,531.98
2026-06-11,Denver,Burr Grinder,2,266.3
2026-06-11,Boulder,Whole Bean 1kg,3,68.83
2026-06-11,Denver,Burr Grinder,1,124.5
2026-06-11,Boulder,Paper Filters,2,12.05
2026-06-11,Boulder,Whole Bean 1kg,3,74.51
2026-06-11,Boulder,Whole Bean 1kg,2,48.42
2026-06-11,Denver,Paper Filters,1,6.12
2026-06-11,Denver,Espresso Machine,1,348.44
2026-06-11,Fort Collins,Espresso Machine,1,354.6
2026-06-11,Fort Collins,Whole Bean 1kg,1,24.25
2026-06-11,Boulder,Burr Grinder,1,128.58
2026-06-11,Boulder,Whole Bean 1kg,3,70.36
2026-06-11,Fort Collins,Gooseneck Kettle,2,117.17
2026-06-11,Denver,Whole Bean 1kg,1,24.64
2026-06-11,Denver,Gooseneck Kettle,2,118.31
2026-06-11,Denver,Paper Filters,1,6.12
2026-06-12,Boulder,Paper Filters,1,6.13
2026-06-12,Fort Collins,Whole Bean 1kg,2,49.36
2026-06-12,Denver,Paper Filters,2,11.7
2026-06-12,Denver,Whole Bean 1kg,1,24.25
2026-06-12,Boulder,Whole Bean 1kg,2,48.29
2026-06-12,Fort Collins,Whole Bean 1kg,3,73.0
2026-06-12,Denver,Whole Bean 1kg,3,69.03
2026-06-12,Denver,Burr Grinder,2,261.85
2026-06-12,Fort Collins,Whole Bean 1kg,1,24.51
2026-06-12,Fort Collins,Whole Bean 1kg,1,24.04
2026-06-12,Denver,Paper Filters,1,6.14
2026-06-12,Denver,Burr Grinder,2,268.95
2026-06-12,Boulder,Whole Bean 1kg,1,23.04
2026-06-12,Boulder,Paper Filters,2,11.35
2026-06-12,Denver,Gooseneck Kettle,2,119.98
2026-06-12,Boulder,Whole Bean 1kg,1,25.18
2026-06-12,Fort Collins,Whole Bean 1kg,2,52.01
2026-06-12,Denver,Whole Bean 1kg,1,22.21
2026-06-12,Denver,Whole Bean 1kg,1,25.56
2026-06-12,Boulder,Gooseneck Kettle,1,58.86
2026-06-12,Denver,Gooseneck Kettle,2,120.65
2026-06-12,Boulder,Whole Bean 1kg,1,22.75
2026-06-12,Denver,Whole Bean 1kg,1,24.35
2026-06-12,Boulder,Paper Filters,1,6.17
2026-06-12,Boulder,Burr Grinder,2,250.4
2026-06-12,Denver,Burr Grinder,2,260.26
2026-06-12,Denver,Gooseneck Kettle,2,116.06
2026-06-12,Fort Collins,Whole Bean 1kg,1,23.01
2026-06-12,Boulder,Whole Bean 1kg,3,69.81
2026-06-12,Denver,Gooseneck Kettle,3,177.59
2026-06-12,Fort Collins,Whole Bean 1kg,1,25.05
2026-06-12,Denver,Espresso Machine,1,350.88
2026-06-12,Boulder,Whole Bean 1kg,1,23.37
2026-06-12,Fort Collins,Whole Bean 1kg,2,46.79
2026-06-12,Denver,Whole Bean 1kg,2,47.01
2026-06-12,Denver,Burr Grinder,2,262.56
2026-06-12,Fort Collins,Paper Filters,3,17.28
2026-06-12,Fort Collins,Gooseneck Kettle,1,59.24
2026-06-12,Denver,Paper Filters,3,18.27
2026-06-12,Denver,Whole Bean 1kg,3,66.0
2026-06-12,Boulder,Whole Bean 1kg,2,49.87
2026-06-12,Denver,Burr Grinder,2,254.72
2026-06-12,Fort Collins,Gooseneck Kettle,2,119.55
2026-06-12,Fort Collins,Espresso Machine,2,703.66
2026-06-12,Fort Collins,Whole Bean 1kg,1,23.42
2026-06-12,Denver,Paper Filters,3,18.88
2026-06-13,Boulder,Paper Filters,1,6.15
2026-06-13,Denver,Paper Filters,1,6.21
2026-06-13,Fort Collins,Whole Bean 1kg,1,25.55
2026-06-13,Boulder,Whole Bean 1kg,1,22.38
2026-06-13,Fort Collins,Whole Bean 1kg,2,48.56
2026-06-13,Denver,Paper Filters,2,12.48
2026-06-13,Boulder,Paper Filters,2,12.55
2026-06-13,Fort Collins,Paper Filters,2,11.93
2026-06-13,Denver,Whole Bean 1kg,1,23.69
2026-06-13,Denver,Burr Grinder,2,257.25
2026-06-13,Boulder,Whole Bean 1kg,1,23.88
2026-06-13,Boulder,Espresso Machine,1,352.32
2026-06-13,Boulder,Whole Bean 1kg,2,46.75
2026-06-13,Fort Collins,Burr Grinder,1,130.93
2026-06-13,Denver,Gooseneck Kettle,3,175.99
2026-06-13,Boulder,Gooseneck Kettle,1,60.13
2026-06-13,Fort Collins,Burr Grinder,1,126.83
2026-06-13,Denver,Gooseneck Kettle,3,173.12
2026-06-13,Denver,Whole Bean 1kg,3,71.6
2026-06-13,Boulder,Paper Filters,2,12.52
2026-06-13,Boulder,Whole Bean 1kg,2,48.91
2026-06-13,Boulder,Burr Grinder,1,134.43
2026-06-13,Denver,Paper Filters,2,12.03
2026-06-13,Denver,Whole Bean 1kg,3,74.14
2026-06-13,Boulder,Whole Bean 1kg,2,48.04
2026-06-13,Fort Collins,Paper Filters,1,6.07
2026-06-13,Boulder,Gooseneck Kettle,2,115.61
2026-06-13,Fort Collins,Gooseneck Kettle,1,60.76
2026-06-13,Denver,Whole Bean 1kg,2,50.54
2026-06-13,Denver,Whole Bean 1kg,2,47.86
2026-06-13,Fort Collins,Whole Bean 1kg,3,68.71
2026-06-13,Boulder,Paper Filters,1,5.99
2026-06-13,Denver,Whole Bean 1kg,2,48.89
2026-06-13,Denver,Whole Bean 1kg,2,47.74
2026-06-13,Boulder,Paper Filters,3,18.33
2026-06-13,Denver,Paper Filters,2,12.04
2026-06-13,Boulder,Espresso Machine,1,335.53
2026-06-13,Boulder,Espresso Machine,1,348.38
2026-06-13,Denver,Whole Bean 1kg,1,23.54
2026-06-13,Boulder,Whole Bean 1kg,1,23.95
2026-06-13,Fort Collins,Whole Bean 1kg,2,47.55
2026-06-13,Denver,Gooseneck Kettle,2,116.83
2026-06-13,Denver,Whole Bean 1kg,1,24.6
2026-06-13,Boulder,Paper Filters,3,17.36
2026-06-13,Boulder,Burr Grinder,1,128.69
2026-06-13,Denver,Burr Grinder,2,261.16
2026-06-13,Denver,Whole Bean 1kg,1,23.71
2026-06-13,Boulder,Whole Bean 1kg,2,48.58
2026-06-13,Fort Collins,Burr Grinder,1,125.35
2026-06-13,Boulder,Burr Grinder,2,262.47
2026-06-13,Boulder,Whole Bean 1kg,1,24.35
2026-06-13,Denver,Espresso Machine,1,356.53
2026-06-13,Denver,Paper Filters,3,18.47
2026-06-13,Fort Collins,Gooseneck Kettle,1,57.06
2026-06-13,Denver,Burr Grinder,1,132.96
2026-06-13,Denver,Whole Bean 1kg,1,24.79
2026-06-13,Boulder,Burr Grinder,3,378.5
2026-06-13,Boulder,Whole Bean 1kg,1,22.76
2026-06-13,Denver,Burr Grinder,2,257.26
2026-06-13,Fort Collins,Paper Filters,1,6.48
2026-06-13,Boulder,Paper Filters,1,5.99
2026-06-13,Denver,Paper Filters,1,5.79
2026-06-13,Denver,Paper Filters,1,6.17
2026-06-14,Fort Collins,Gooseneck Kettle,1,60.56
2026-06-14,Boulder,Burr Grinder,1,131.23
2026-06-14,Fort Collins,Burr Grinder,1,135.5
2026-06-14,Denver,Whole Bean 1kg,3,73.02
2026-06-14,Boulder,Burr Grinder,2,263.14
2026-06-14,Denver,Paper Filters,2,12.12
2026-06-14,Denver,Whole Bean 1kg,2,47.38
2026-06-14,Denver,Burr Grinder,2,261.34
2026-06-14,Boulder,Whole Bean 1kg,2,46.77
2026-06-14,Denver,Paper Filters,1,6.07
2026-06-14,Denver,Burr Grinder,3,375.84
2026-06-14,Fort Collins,Whole Bean 1kg,1,23.28
2026-06-14,Boulder,Whole Bean 1kg,1,24.36
2026-06-14,Fort Collins,Paper Filters,2,11.53
2026-06-14,Denver,Gooseneck Kettle,2,119.23
2026-06-14,Denver,Whole Bean 1kg,2,47.17
2026-06-14,Denver,Whole Bean 1kg,1,22.82
2026-06-14,Denver,Whole Bean 1kg,1,23.81
2026-06-14,Denver,Whole Bean 1kg,1,25.1
2026-06-14,Fort Collins,Espresso Machine,1,338.26
2026-06-14,Denver,Whole Bean 1kg,2,47.88
2026-06-14,Denver,Gooseneck Kettle,2,119.93
2026-06-14,Boulder,Espresso Machine,2,691.27
2026-06-14,Denver,Whole Bean 1kg,2,47.31
2026-06-14,Denver,Espresso Machine,1,339.64
2026-06-14,Denver,Gooseneck Kettle,2,126.37
2026-06-14,Denver,Paper Filters,1,5.98
2026-06-14,Fort Collins,Whole Bean 1kg,2,46.8
2026-06-14,Boulder,Espresso Machine,2,678.03
2026-06-14,Boulder,Whole Bean 1kg,1,23.78
2026-06-14,Boulder,Burr Grinder,1,119.17
2026-06-14,Denver,Espresso Machine,2,683.33
2026-06-14,Boulder,Gooseneck Kettle,2,124.28
2026-06-14,Fort Collins,Paper Filters,3,17.93
2026-06-14,Boulder,Espresso Machine,1,342.01
2026-06-14,Boulder,Whole Bean 1kg,2,48.54
2026-06-14,Denver,Paper Filters,1,6.06
2026-06-14,Boulder,Whole Bean 1kg,1,24.76
2026-06-14,Boulder,Paper Filters,1,5.91
2026-06-14,Fort Collins,Whole Bean 1kg,1,23.11
2026-06-14,Fort Collins,Burr Grinder,2,267.55
2026-06-14,Denver,Gooseneck Kettle,1,60.06
2026-06-14,Boulder,Whole Bean 1kg,2,48.43
2026-06-14,Denver,Gooseneck Kettle,1,58.72
2026-06-14,Boulder,Whole Bean 1kg,1,22.97
2026-06-14,Boulder,Whole Bean 1kg,1,24.79
2026-06-14,Boulder,Burr Grinder,2,256.91
2026-06-14,Denver,Espresso Machine,2,647.02
2026-06-14,Fort Collins,Espresso Machine,2,682.15
2026-06-14,Denver,Whole Bean 1kg,2,49.0
2026-06-14,Boulder,Paper Filters,1,6.01
2026-06-15,Denver,Whole Bean 1kg,2,50.93
2026-06-15,Denver,Whole Bean 1kg,2,46.57
2026-06-15,Boulder,Whole Bean 1kg,1,24.89
2026-06-15,Denver,Whole Bean 1kg,2,49.31
2026-06-15,Denver,Paper Filters,1,6.19
2026-06-15,Denver,Whole Bean 1kg,3,75.63
2026-06-15,Denver,Espresso Machine,1,350.32
2026-06-15,Fort Collins,Whole Bean 1kg,3,71.34
2026-06-15,Fort Collins,Burr Grinder,2,243.83
2026-06-15,Boulder,Whole Bean 1kg,2,49.42
2026-06-15,Fort Collins,Whole Bean 1kg,2,47.03
2026-06-15,Boulder,Whole Bean 1kg,1,23.84
2026-06-15,Boulder,Burr Grinder,2,253.77
2026-06-15,Boulder,Whole Bean 1kg,1,22.52
2026-06-15,Denver,Whole Bean 1kg,1,23.65
2026-06-15,Denver,Paper Filters,2,12.04
2026-06-15,Boulder,Whole Bean 1kg,1,24.25
2026-06-15,Fort Collins,Whole Bean 1kg,1,24.14
2026-06-15,Denver,Paper Filters,3,17.35
2026-06-15,Boulder,Whole Bean 1kg,1,23.17
2026-06-15,Boulder,Whole Bean 1kg,1,23.77
2026-06-15,Fort Collins,Whole Bean 1kg,2,48.78
2026-06-16,Boulder,Whole Bean 1kg,1,23.9
2026-06-16,Denver,Whole Bean 1kg,1,25.22
2026-06-16,Denver,Espresso Machine,2,685.1
2026-06-16,Denver,Gooseneck Kettle,2,113.27
2026-06-16,Boulder,Whole Bean 1kg,1,23.64
2026-06-16,Denver,Paper Filters,3,17.24
2026-06-16,Denver,Whole Bean 1kg,2,47.03
2026-06-16,Denver,Espresso Machine,1,356.57
2026-06-16,Fort Collins,Paper Filters,3,17.8
2026-06-16,Denver,Whole Bean 1kg,1,23.59
2026-06-16,Denver,Burr Grinder,2,264.55
2026-06-16,Fort Collins,Burr Grinder,2,256.93
2026-06-16,Fort Collins,Paper Filters,1,6.19
2026-06-16,Denver,Whole Bean 1kg,2,46.28
2026-06-16,Boulder,Burr Grinder,1,130.57
2026-06-16,Boulder,Paper Filters,1,6.14
2026-06-16,Fort Collins,Paper Filters,3,17.54
2026-06-16,Boulder,Whole Bean 1kg,1,23.31
2026-06-16,Boulder,Paper Filters,2,11.89
2026-06-16,Boulder,Paper Filters,2,12.33
2026-06-16,Fort Collins,Whole Bean 1kg,1,22.71
2026-06-16,Boulder,Burr Grinder,2,265.66
2026-06-16,Denver,Whole Bean 1kg,1,23.07
2026-06-16,Fort Collins,Whole Bean 1kg,2,48.26
2026-06-17,Denver,Whole Bean 1kg,3,67.92
2026-06-17,Boulder,Gooseneck Kettle,1,57.63
2026-06-17,Boulder,Burr Grinder,3,393.75
2026-06-17,Fort Collins,Whole Bean 1kg,1,21.87
2026-06-17,Boulder,Whole Bean 1kg,1,22.95
2026-06-17,Denver,Espresso Machine,1,338.02
2026-06-17,Denver,Gooseneck Kettle,2,115.12
2026-06-17,Boulder,Whole Bean 1kg,1,24.16
2026-06-17,Denver,Whole Bean 1kg,2,46.85
2026-06-17,Denver,Paper Filters,1,6.19
2026-06-17,Denver,Whole Bean 1kg,1,24.74
2026-06-17,Boulder,Paper Filters,1,6.05
2026-06-17,Denver,Whole Bean 1kg,1,24.72
2026-06-17,Denver,Whole Bean 1kg,2,45.93
2026-06-17,Fort Collins,Burr Grinder,2,261.45
2026-06-17,Denver,Whole Bean 1kg,3,73.77
2026-06-17,Boulder,Burr Grinder,3,385.12
2026-06-17,Denver,Whole Bean 1kg,2,51.08
2026-06-17,Boulder,Whole Bean 1kg,2,48.22
2026-06-17,Boulder,Paper Filters,1,6.02
2026-06-17,Denver,Whole Bean 1kg,1,24.35
2026-06-17,Denver,Whole Bean 1kg,2,49.2
2026-06-17,Fort Collins,Paper Filters,3,16.87
2026-06-17,Denver,Paper Filters,1,5.93
2026-06-17,Fort Collins,Espresso Machine,2,681.58
2026-06-17,Boulder,Whole Bean 1kg,2,49.18
2026-06-17,Boulder,Whole Bean 1kg,3,72.83
2026-06-17,Boulder,Gooseneck Kettle,2,119.04
2026-06-17,Fort Collins,Whole Bean 1kg,1,23.87
2026-06-17,Boulder,Paper Filters,2,11.39
2026-06-17,Denver,Paper Filters,1,6.08
2026-06-17,Denver,Paper Filters,3,18.04
2026-06-17,Denver,Whole Bean 1kg,1,24.48
2026-06-17,Boulder,Whole Bean 1kg,2,46.01
2026-06-17,Boulder,Whole Bean 1kg,2,48.84
2026-06-18,Fort Collins,Whole Bean 1kg,1,24.64
2026-06-18,Fort Collins,Burr Grinder,2,267.84
2026-06-18,Boulder,Whole Bean 1kg,1,23.15
2026-06-18,Denver,Paper Filters,2,12.07
2026-06-18,Boulder,Paper Filters,2,12.47
2026-06-18,Denver,Whole Bean 1kg,3,72.81
2026-06-18,Fort Collins,Whole Bean 1kg,1,23.71
2026-06-18,Denver,Paper Filters,2,12.76
2026-06-18,Denver,Paper Filters,3,18.57
2026-06-18,Boulder,Espresso Machine,2,669.96
2026-06-18,Denver,Burr Grinder,2,264.47
2026-06-18,Fort Collins,Whole Bean 1kg,3,70.85
2026-06-18,Boulder,Whole Bean 1kg,3,71.04
2026-06-18,Denver,Whole Bean 1kg,2,47.44
2026-06-18,Denver,Whole Bean 1kg,2,48.35
2026-06-18,Boulder,Paper Filters,1,5.97
2026-06-18,Fort Collins,Whole Bean 1kg,1,24.41
2026-06-18,Boulder,Gooseneck Kettle,2,115.06
2026-06-18,Boulder,Whole Bean 1kg,3,73.35
2026-06-18,Denver,Gooseneck Kettle,2,119.08
2026-06-18,Boulder,Espresso Machine,1,346.47
2026-06-18,Boulder,Gooseneck Kettle,1,57.81
2026-06-18,Denver,Gooseneck Kettle,1,60.89
2026-06-18,Boulder,Paper Filters,3,18.19
2026-06-18,Denver,Burr Grinder,1,124.21
2026-06-18,Boulder,Burr Grinder,2,256.43
2026-06-18,Denver,Whole Bean 1kg,1,23.53
2026-06-18,Denver,Whole Bean 1kg,3,70.92
2026-06-18,Boulder,Whole Bean 1kg,1,25.44
2026-06-18,Boulder,Whole Bean 1kg,1,24.19
2026-06-18,Fort Collins,Whole Bean 1kg,2,49.27
2026-06-18,Denver,Espresso Machine,2,686.23
2026-06-18,Fort Collins,Whole Bean 1kg,2,47.43
2026-06-18,Denver,Burr Grinder,1,127.61
2026-06-18,Boulder,Whole Bean 1kg,1,24.2
2026-06-18,Fort Collins,Whole Bean 1kg,1,24.45
2026-06-18,Fort Collins,Whole Bean 1kg,1,23.29
2026-06-18,Boulder,Paper Filters,2,11.24
2026-06-18,Denver,Whole Bean 1kg,1,23.95
2026-06-18,Boulder,Whole Bean 1kg,1,24.37
2026-06-18,Denver,Paper Filters,2,12.2
2026-06-18,Boulder,Espresso Machine,1,354.63
2026-06-19,Fort Collins,Whole Bean 1kg,1,24.15
2026-06-19,Denver,Burr Grinder,1,131.36
2026-06-19,Fort Collins,Whole Bean 1kg,3,73.89
2026-06-19,Denver,Whole Bean 1kg,2,48.33
2026-06-19,Boulder,Whole Bean 1kg,2,48.81
2026-06-19,Fort Collins,Whole Bean 1kg,1,22.39
2026-06-19,Denver,Espresso Machine,2,682.27
2026-06-19,Boulder,Whole Bean 1kg,1,25.36
2026-06-19,Boulder,Whole Bean 1kg,2,47.84
2026-06-19,Boulder,Whole Bean 1kg,3,72.65
2026-06-19,Fort Collins,Paper Filters,1,6.01
2026-06-19,Denver,Paper Filters,1,5.96
2026-06-19,Boulder,Whole Bean 1kg,2,47.55
2026-06-19,Denver,Gooseneck Kettle,1,58.06
2026-06-19,Denver,Burr Grinder,1,132.97
2026-06-19,Boulder,Whole Bean 1kg,2,48.83
2026-06-19,Boulder,Whole Bean 1kg,2,49.83
2026-06-19,Boulder,Espresso Machine,3,1063.5
2026-06-19,Fort Collins,Whole Bean 1kg,1,22.42
2026-06-19,Boulder,Whole Bean 1kg,1,23.06
2026-06-19,Boulder,Espresso Machine,2,707.31
2026-06-19,Denver,Whole Bean 1kg,1,24.66
2026-06-19,Boulder,Whole Bean 1kg,1,23.69
2026-06-19,Fort Collins,Burr Grinder,1,130.67
2026-06-19,Boulder,Whole Bean 1kg,3,71.56
2026-06-19,Boulder,Whole Bean 1kg,2,49.61
2026-06-19,Fort Collins,Gooseneck Kettle,1,62.3
2026-06-19,Boulder,Espresso Machine,1,353.8
2026-06-19,Denver,Whole Bean 1kg,2,48.31
2026-06-19,Fort Collins,Burr Grinder,2,259.46
2026-06-19,Fort Collins,Burr Grinder,1,130.93
2026-06-19,Boulder,Paper Filters,2,12.24
2026-06-19,Fort Collins,Gooseneck Kettle,2,117.64
2026-06-19,Denver,Whole Bean 1kg,1,24.55
2026-06-19,Boulder,Whole Bean 1kg,2,47.46
2026-06-19,Denver,Whole Bean 1kg,1,24.4
2026-06-19,Denver,Gooseneck Kettle,2,113.88
2026-06-19,Boulder,Whole Bean 1kg,2,47.36
2026-06-19,Denver,Whole Bean 1kg,3,73.28
2026-06-19,Fort Collins,Paper Filters,1,5.9
2026-06-19,Fort Collins,Burr Grinder,1,133.57
2026-06-19,Denver,Whole Bean 1kg,3,71.32
2026-06-19,Denver,Whole Bean 1kg,2,47.4
2026-06-19,Denver,Whole Bean 1kg,1,24.21
2026-06-19,Denver,Whole Bean 1kg,1,23.9
2026-06-19,Boulder,Paper Filters,2,12.52
2026-06-19,Fort Collins,Whole Bean 1kg,1,24.9
2026-06-19,Denver,Paper Filters,2,12.48
2026-06-19,Boulder,Whole Bean 1kg,1,24.29
2026-06-19,Fort Collins,Whole Bean 1kg,1,24.33
2026-06-19,Denver,Paper Filters,1,5.94
2026-06-19,Boulder,Whole Bean 1kg,2,48.12
2026-06-19,Boulder,Burr Grinder,1,133.25
2026-06-19,Boulder,Gooseneck Kettle,1,56.17
2026-06-19,Denver,Paper Filters,2,11.58
2026-06-19,Boulder,Burr Grinder,1,119.73
2026-06-19,Denver,Paper Filters,2,12.17
2026-06-19,Denver,Paper Filters,1,5.89
2026-06-19,Denver,Whole Bean 1kg,1,24.15
2026-06-19,Boulder,Whole Bean 1kg,2,47.7
2026-06-19,Denver,Paper Filters,3,17.37
2026-06-20,Denver,Whole Bean 1kg,1,23.81
2026-06-20,Fort Collins,Gooseneck Kettle,2,115.39
2026-06-20,Boulder,Whole Bean 1kg,2,49.35
2026-06-20,Boulder,Burr Grinder,1,125.22
2026-06-20,Fort Collins,Gooseneck Kettle,1,58.23
2026-06-20,Boulder,Whole Bean 1kg,3,74.3
2026-06-20,Denver,Whole Bean 1kg,1,24.44
2026-06-20,Boulder,Paper Filters,2,12.25
2026-06-20,Boulder,Whole Bean 1kg,1,24.23
2026-06-20,Boulder,Paper Filters,2,11.9
2026-06-20,Denver,Burr Grinder,2,263.08
2026-06-20,Boulder,Paper Filters,1,6.21
2026-06-20,Fort Collins,Whole Bean 1kg,2,46.47
2026-06-20,Denver,Paper Filters,3,18.15
2026-06-20,Denver,Espresso Machine,1,356.33
2026-06-20,Boulder,Whole Bean 1kg,3,66.56
2026-06-20,Denver,Paper Filters,2,12.05
2026-06-20,Denver,Burr Grinder,2,246.34
2026-06-20,Boulder,Whole Bean 1kg,2,47.06
2026-06-20,Boulder,Whole Bean 1kg,1,23.75
2026-06-20,Boulder,Whole Bean 1kg,1,23.41
2026-06-20,Fort Collins,Burr Grinder,3,387.25
2026-06-20,Denver,Whole Bean 1kg,1,24.73
2026-06-20,Denver,Burr Grinder,1,128.69
2026-06-20,Denver,Burr Grinder,3,390.98
2026-06-20,Boulder,Burr Grinder,2,260.78
2026-06-20,Boulder,Burr Grinder,2,260.08
2026-06-20,Fort Collins,Whole Bean 1kg,3,74.53
2026-06-20,Boulder,Whole Bean 1kg,3,74.61
2026-06-20,Denver,Whole Bean 1kg,1,23.05
2026-06-20,Boulder,Paper Filters,1,5.92
2026-06-20,Denver,Whole Bean 1kg,1,24.88
2026-06-20,Denver,Gooseneck Kettle,1,58.43
2026-06-20,Boulder,Burr Grinder,2,249.14
2026-06-20,Boulder,Whole Bean 1kg,2,45.54
2026-06-20,Fort Collins,Gooseneck Kettle,1,58.14
2026-06-20,Denver,Burr Grinder,3,391.04
2026-06-20,Fort Collins,Burr Grinder,1,129.34
2026-06-20,Boulder,Whole Bean 1kg,3,76.83
2026-06-20,Denver,Paper Filters,2,12.08
2026-06-20,Denver,Whole Bean 1kg,1,23.85
2026-06-20,Denver,Whole Bean 1kg,1,24.96
2026-06-20,Denver,Whole Bean 1kg,2,50.63
2026-06-20,Boulder,Gooseneck Kettle,2,116.47
2026-06-20,Fort Collins,Whole Bean 1kg,2,49.08
2026-06-20,Denver,Whole Bean 1kg,2,49.84
2026-06-20,Denver,Gooseneck Kettle,1,58.7
2026-06-20,Denver,Whole Bean 1kg,2,45.68
2026-06-20,Boulder,Paper Filters,1,6.18
2026-06-20,Denver,Whole Bean 1kg,1,22.77
2026-06-20,Boulder,Burr Grinder,1,133.5
2026-06-20,Denver,Whole Bean 1kg,3,69.79
2026-06-20,Fort Collins,Paper Filters,1,5.85
2026-06-20,Denver,Burr Grinder,2,240.32
2026-06-20,Denver,Burr Grinder,2,256.51
2026-06-20,Denver,Paper Filters,2,11.52
2026-06-20,Fort Collins,Espresso Machine,2,715.32
2026-06-20,Denver,Whole Bean 1kg,3,69.59
2026-06-20,Fort Collins,Burr Grinder,2,263.88
2026-06-20,Denver,Whole Bean 1kg,3,71.3
2026-06-20,Denver,Burr Grinder,2,257.41
2026-06-20,Boulder,Espresso Machine,2,688.64
2026-06-20,Denver,Whole Bean 1kg,2,50.12
2026-06-20,Fort Collins,Whole Bean 1kg,2,48.97
2026-06-20,Boulder,Whole Bean 1kg,1,24.76
2026-06-20,Fort Collins,Paper Filters,2,12.47
2026-06-20,Denver,Paper Filters,1,5.79
2026-06-20,Denver,Espresso Machine,3,964.91
2026-06-20,Boulder,Paper Filters,2,12.27
2026-06-20,Denver,Burr Grinder,1,126.2
2026-06-20,Boulder,Whole Bean 1kg,1,25.8
2026-06-20,Denver,Paper Filters,2,12.78
2026-06-20,Denver,Paper Filters,2,12.13
2026-06-20,Denver,Paper Filters,1,5.78
2026-06-20,Denver,Paper Filters,3,17.77
2026-06-21,Denver,Paper Filters,1,6.19
2026-06-21,Fort Collins,Whole Bean 1kg,2,49.56
2026-06-21,Denver,Whole Bean 1kg,1,23.68
2026-06-21,Denver,Whole Bean 1kg,1,24.33
2026-06-21,Fort Collins,Burr Grinder,1,129.67
2026-06-21,Boulder,Whole Bean 1kg,2,49.87
2026-06-21,Boulder,Burr Grinder,1,129.85
2026-06-21,Boulder,Whole Bean 1kg,2,44.84
2026-06-21,Denver,Espresso Machine,1,358.39
2026-06-21,Boulder,Espresso Machine,2,685.45
2026-06-21,Denver,Whole Bean 1kg,3,67.75
2026-06-21,Boulder,Whole Bean 1kg,1,24.85
2026-06-21,Boulder,Whole Bean 1kg,3,71.02
2026-06-21,Denver,Paper Filters,2,12.01
2026-06-21,Boulder,Espresso Machine,1,347.47
2026-06-21,Denver,Gooseneck Kettle,1,60.0
2026-06-21,Fort Collins,Whole Bean 1kg,3,74.04
2026-06-21,Boulder,Paper Filters,2,11.73
2026-06-21,Boulder,Espresso Machine,1,349.54
2026-06-21,Fort Collins,Whole Bean 1kg,3,75.85
2026-06-21,Fort Collins,Paper Filters,2,11.94
2026-06-21,Denver,Whole Bean 1kg,2,48.87
2026-06-21,Denver,Whole Bean 1kg,1,23.43
2026-06-21,Boulder,Paper Filters,2,12.24
2026-06-21,Boulder,Paper Filters,1,5.83
2026-06-21,Boulder,Gooseneck Kettle,2,122.94
2026-06-21,Fort Collins,Espresso Machine,2,704.67
2026-06-21,Boulder,Paper Filters,2,11.97
2026-06-21,Boulder,Paper Filters,1,5.94
2026-06-21,Denver,Whole Bean 1kg,1,24.03
2026-06-21,Fort Collins,Whole Bean 1kg,1,23.43
2026-06-21,Boulder,Whole Bean 1kg,2,50.18
2026-06-21,Boulder,Whole Bean 1kg,2,47.14
2026-06-21,Denver,Whole Bean 1kg,2,50.72
2026-06-21,Denver,Whole Bean 1kg,2,48.35
2026-06-21,Denver,Gooseneck Kettle,1,61.99
2026-06-21,Denver,Paper Filters,1,6.02
2026-06-21,Denver,Whole Bean 1kg,2,47.42
2026-06-21,Fort Collins,Whole Bean 1kg,2,49.02
2026-06-21,Denver,Paper Filters,1,5.98
2026-06-21,Denver,Whole Bean 1kg,1,24.1
2026-06-21,Fort Collins,Paper Filters,2,12.07
2026-06-21,Fort Collins,Paper Filters,2,11.8
2026-06-21,Fort Collins,Burr Grinder,3,389.99
2026-06-21,Denver,Espresso Machine,2,665.06
2026-06-21,Boulder,Whole Bean 1kg,1,23.89
2026-06-21,Denver,Whole Bean 1kg,1,24.2
2026-06-21,Boulder,Burr Grinder,2,257.65
2026-06-21,Denver,Whole Bean 1kg,2,50.39
2026-06-21,Denver,Whole Bean 1kg,1,24.26
2026-06-21,Boulder,Paper Filters,2,11.85
2026-06-21,Fort Collins,Whole Bean 1kg,3,72.96
2026-06-21,Denver,Gooseneck Kettle,1,57.81
2026-06-21,Denver,Paper Filters,1,6.07
2026-06-21,Boulder,Paper Filters,1,6.38
2026-06-21,Boulder,Whole Bean 1kg,3,68.79
2026-06-21,Boulder,Paper Filters,2,12.15
2026-06-21,Denver,Paper Filters,1,6.07
2026-06-21,Fort Collins,Gooseneck Kettle,2,119.95
2026-06-21,Denver,Whole Bean 1kg,1,24.91
2026-06-22,Denver,Espresso Machine,2,726.68
2026-06-22,Denver,Burr Grinder,3,387.6
2026-06-22,Fort Collins,Burr Grinder,1,129.22
2026-06-22,Denver,Whole Bean 1kg,1,23.31
2026-06-22,Boulder,Espresso Machine,1,341.65
2026-06-22,Boulder,Whole Bean 1kg,2,47.97
2026-06-22,Boulder,Whole Bean 1kg,2,51.32
2026-06-22,Boulder,Whole Bean 1kg,2,49.15
2026-06-22,Fort Collins,Whole Bean 1kg,3,73.5
2026-06-22,Boulder,Espresso Machine,3,992.14
2026-06-22,Boulder,Gooseneck Kettle,4,234.6
2026-06-22,Denver,Gooseneck Kettle,1,59.96
2026-06-22,Boulder,Burr Grinder,1,122.58
2026-06-22,Boulder,Whole Bean 1kg,1,24.92
2026-06-22,Boulder,Burr Grinder,2,253.03
2026-06-22,Denver,Whole Bean 1kg,2,47.27
2026-06-22,Denver,Paper Filters,2,12.3
2026-06-22,Denver,Whole Bean 1kg,2,50.16
2026-06-22,Denver,Gooseneck Kettle,1,57.53
2026-06-22,Fort Collins,Whole Bean 1kg,1,23.4
2026-06-22,Denver,Whole Bean 1kg,3,71.3
2026-06-22,Fort Collins,Paper Filters,1,6.09
2026-06-22,Fort Collins,Whole Bean 1kg,2,47.19
2026-06-22,Denver,Whole Bean 1kg,2,48.57
2026-06-22,Boulder,Burr Grinder,2,270.94
2026-06-22,Boulder,Whole Bean 1kg,2,50.31
2026-06-22,Boulder,Paper Filters,1,6.33
2026-06-22,Denver,Burr Grinder,2,259.17
2026-06-22,Boulder,Whole Bean 1kg,2,45.43
2026-06-22,Denver,Gooseneck Kettle,2,119.75
2026-06-22,Fort Collins,Espresso Machine,2,678.42
2026-06-22,Fort Collins,Whole Bean 1kg,2,47.92
2026-06-22,Boulder,Whole Bean 1kg,1,24.44
2026-06-23,Fort Collins,Gooseneck Kettle,2,118.16
2026-06-23,Fort Collins,Gooseneck Kettle,1,58.06
2026-06-23,Denver,Whole Bean 1kg,2,48.85
2026-06-23,Denver,Burr Grinder,2,261.11
2026-06-23,Denver,Paper Filters,2,11.87
2026-06-23,Denver,Whole Bean 1kg,3,69.9
2026-06-23,Denver,Gooseneck Kettle,3,172.56
2026-06-23,Denver,Paper Filters,1,6.57
2026-06-23,Denver,Whole Bean 1kg,2,46.16
2026-06-23,Boulder,Whole Bean 1kg,1,23.62
2026-06-23,Denver,Whole Bean 1kg,3,71.23
2026-06-23,Denver,Whole Bean 1kg,1,22.89
2026-06-23,Boulder,Whole Bean 1kg,1,24.11
2026-06-23,Denver,Paper Filters,1,5.77
2026-06-23,Denver,Whole Bean 1kg,1,23.97
2026-06-23,Denver,Gooseneck Kettle,2,123.28
2026-06-23,Fort Collins,Gooseneck Kettle,2,115.29
2026-06-23,Denver,Whole Bean 1kg,1,23.31
2026-06-23,Denver,Whole Bean 1kg,2,46.25
2026-06-23,Fort Collins,Whole Bean 1kg,2,47.06
2026-06-23,Fort Collins,Whole Bean 1kg,2,50.17
2026-06-23,Denver,Whole Bean 1kg,1,24.93
2026-06-23,Boulder,Burr Grinder,2,254.68
2026-06-23,Boulder,Whole Bean 1kg,2,49.26
2026-06-23,Denver,Paper Filters,3,17.95
2026-06-23,Denver,Paper Filters,2,12.57
2026-06-23,Denver,Whole Bean 1kg,3,71.38
2026-06-23,Denver,Espresso Machine,30,9420.0
2026-06-24,Denver,Burr Grinder,2,255.63
2026-06-24,Denver,Whole Bean 1kg,2,48.93
2026-06-24,Boulder,Whole Bean 1kg,1,23.73
2026-06-24,Boulder,Espresso Machine,1,345.73
2026-06-24,Denver,Espresso Machine,3,1078.8
2026-06-24,Boulder,Paper Filters,2,12.45
2026-06-24,Boulder,Gooseneck Kettle,3,183.89
2026-06-24,Denver,Gooseneck Kettle,2,120.54
2026-06-24,Fort Collins,Whole Bean 1kg,1,24.72
2026-06-24,Denver,Paper Filters,1,6.1
2026-06-24,Boulder,Gooseneck Kettle,2,118.66
2026-06-24,Denver,Whole Bean 1kg,1,23.46
2026-06-24,Denver,Whole Bean 1kg,2,46.65
2026-06-24,Fort Collins,Burr Grinder,1,134.72
2026-06-24,Fort Collins,Espresso Machine,2,725.08
2026-06-24,Fort Collins,Burr Grinder,1,125.56
2026-06-24,Boulder,Burr Grinder,1,130.17
2026-06-24,Boulder,Burr Grinder,2,262.19
2026-06-24,Denver,Whole Bean 1kg,3,69.62
2026-06-24,Fort Collins,Whole Bean 1kg,2,49.86
2026-06-24,Denver,Whole Bean 1kg,1,24.55
2026-06-24,Boulder,Whole Bean 1kg,1,24.46
2026-06-24,Denver,Paper Filters,2,12.08
2026-06-24,Denver,Burr Grinder,2,263.48
2026-06-24,Denver,Paper Filters,2,11.71
2026-06-24,Denver,Paper Filters,2,12.53
2026-06-24,Boulder,Whole Bean 1kg,1,23.65
2026-06-24,Denver,Espresso Machine,1,362.45
2026-06-24,Fort Collins,Whole Bean 1kg,2,47.4
2026-06-24,Fort Collins,Whole Bean 1kg,2,49.24
2026-06-24,Boulder,Gooseneck Kettle,2,113.2
2026-06-24,Denver,Paper Filters,1,6.19
2026-06-24,Denver,Gooseneck Kettle,2,108.73
2026-06-24,Boulder,Whole Bean 1kg,1,22.58
2026-06-24,Boulder,Whole Bean 1kg,3,71.47
2026-06-24,Denver,Paper Filters,2,12.32
2026-06-24,Boulder,Whole Bean 1kg,2,48.51
2026-06-24,Denver,Whole Bean 1kg,1,22.95
2026-06-24,Boulder,Paper Filters,4,23.7
2026-06-25,Boulder,Whole Bean 1kg,1,23.95
2026-06-25,Boulder,Whole Bean 1kg,3,72.05
2026-06-25,Boulder,Gooseneck Kettle,2,115.97
2026-06-25,Fort Collins,Paper Filters,4,24.33
2026-06-25,Boulder,Gooseneck Kettle,1,59.5
2026-06-25,Denver,Gooseneck Kettle,3,175.87
2026-06-25,Fort Collins,Whole Bean 1kg,1,24.48
2026-06-25,Denver,Whole Bean 1kg,1,24.01
2026-06-25,Denver,Paper Filters,2,11.53
2026-06-25,Boulder,Whole Bean 1kg,1,24.18
2026-06-25,Denver,Burr Grinder,1,129.18
2026-06-25,Denver,Burr Grinder,1,124.54
2026-06-25,Denver,Whole Bean 1kg,2,50.17
2026-06-25,Denver,Paper Filters,2,12.15
2026-06-25,Boulder,Burr Grinder,2,256.29
2026-06-25,Fort Collins,Burr Grinder,1,132.03
2026-06-25,Boulder,Whole Bean 1kg,1,23.75
2026-06-25,Fort Collins,Whole Bean 1kg,1,24.41
2026-06-25,Boulder,Burr Grinder,2,264.31
2026-06-25,Denver,Gooseneck Kettle,2,115.6
2026-06-25,Fort Collins,Burr Grinder,2,252.92
2026-06-25,Denver,Whole Bean 1kg,2,50.84
2026-06-25,Boulder,Whole Bean 1kg,1,23.8
2026-06-25,Denver,Burr Grinder,2,254.85
2026-06-25,Boulder,Burr Grinder,2,256.51
2026-06-25,Denver,Whole Bean 1kg,2,50.48
2026-06-25,Denver,Whole Bean 1kg,2,48.21
2026-06-25,Boulder,Paper Filters,2,11.88
2026-06-25,Denver,Whole Bean 1kg,2,48.64
2026-06-25,Denver,Espresso Machine,2,706.31
2026-06-25,Boulder,Whole Bean 1kg,1,25.07
2026-06-25,Fort Collins,Paper Filters,3,18.24
2026-06-25,Denver,Gooseneck Kettle,2,122.03
2026-06-25,Boulder,Whole Bean 1kg,2,46.87
2026-06-25,Denver,Whole Bean 1kg,3,70.74
2026-06-25,Denver,Whole Bean 1kg,2,48.15
2026-06-25,Fort Collins,Gooseneck Kettle,2,119.87
2026-06-25,Fort Collins,Burr Grinder,2,264.68
2026-06-25,Denver,Burr Grinder,2,256.98
2026-06-25,Denver,Paper Filters,1,5.96
2026-06-25,Denver,Paper Filters,1,5.98
2026-06-25,Denver,Espresso Machine,1,351.46
2026-06-25,Denver,Paper Filters,1,6.19
2026-06-25,Denver,Espresso Machine,1,353.38
2026-06-25,Fort Collins,Whole Bean 1kg,2,46.97
2026-06-26,Boulder,Whole Bean 1kg,1,24.13
2026-06-26,Denver,Gooseneck Kettle,1,60.31
2026-06-26,Fort Collins,Gooseneck Kettle,2,117.87
2026-06-26,Denver,Burr Grinder,2,255.67
2026-06-26,Fort Collins,Whole Bean 1kg,2,49.3
2026-06-26,Denver,Espresso Machine,3,1070.66
2026-06-26,Fort Collins,Burr Grinder,1,131.3
2026-06-26,Denver,Paper Filters,2,12.47
2026-06-26,Denver,Espresso Machine,1,328.85
2026-06-26,Boulder,Whole Bean 1kg,1,23.94
2026-06-26,Denver,Espresso Machine,3,1102.83
2026-06-26,Boulder,Espresso Machine,4,1355.86
2026-06-26,Denver,Espresso Machine,1,340.08
2026-06-26,Fort Collins,Whole Bean 1kg,2,48.77
2026-06-26,Boulder,Whole Bean 1kg,1,23.2
2026-06-26,Boulder,Espresso Machine,1,358.91
2026-06-26,Boulder,Paper Filters,2,11.83
2026-06-26,Denver,Paper Filters,3,17.52
2026-06-26,Boulder,Gooseneck Kettle,1,59.37
2026-06-26,Boulder,Burr Grinder,1,130.51
2026-06-26,Denver,Paper Filters,1,5.98
2026-06-26,Denver,Whole Bean 1kg,3,73.77
2026-06-26,Boulder,Paper Filters,2,11.75
2026-06-26,Fort Collins,Espresso Machine,1,358.35
2026-06-26,Boulder,Paper Filters,1,5.9
2026-06-26,Denver,Burr Grinder,1,123.41
2026-06-26,Boulder,Espresso Machine,1,342.32
2026-06-26,Denver,Whole Bean 1kg,2,49.36
2026-06-26,Denver,Whole Bean 1kg,1,25.29
2026-06-26,Boulder,Whole Bean 1kg,2,46.64
2026-06-26,Boulder,Espresso Machine,2,669.79
2026-06-26,Boulder,Burr Grinder,3,407.59
2026-06-26,Denver,Whole Bean 1kg,2,46.99
2026-06-26,Boulder,Burr Grinder,2,269.52
2026-06-26,Boulder,Whole Bean 1kg,1,24.03
2026-06-26,Boulder,Paper Filters,2,11.89
2026-06-26,Denver,Paper Filters,3,17.94
2026-06-26,Denver,Whole Bean 1kg,1,24.38
2026-06-26,Denver,Burr Grinder,2,253.64
2026-06-26,Denver,Paper Filters,1,5.86
2026-06-26,Denver,Whole Bean 1kg,1,23.97
2026-06-26,Denver,Burr Grinder,1,127.39
2026-06-26,Fort Collins,Whole Bean 1kg,2,49.08
2026-06-26,Fort Collins,Whole Bean 1kg,1,23.87
2026-06-26,Denver,Burr Grinder,2,258.75
2026-06-26,Boulder,Whole Bean 1kg,2,49.68
2026-06-26,Denver,Paper Filters,3,17.44
2026-06-26,Denver,Gooseneck Kettle,1,58.1
2026-06-26,Fort Collins,Whole Bean 1kg,2,47.95
2026-06-26,Denver,Burr Grinder,1,129.05
2026-06-26,Boulder,Paper Filters,1,6.5
2026-06-26,Denver,Whole Bean 1kg,1,24.18
2026-06-26,Boulder,Paper Filters,1,6.45
2026-06-26,Denver,Whole Bean 1kg,1,24.04
2026-06-26,Denver,Whole Bean 1kg,2,48.26
2026-06-26,Denver,Espresso Machine,2,671.38
2026-06-26,Boulder,Whole Bean 1kg,2,50.91
2026-06-26,Denver,Burr Grinder,2,260.45
2026-06-26,Fort Collins,Burr Grinder,1,125.14
2026-06-26,Denver,Paper Filters,2,11.92
2026-06-26,Denver,Paper Filters,3,17.47
2026-06-27,Fort Collins,Whole Bean 1kg,1,24.34
2026-06-27,Denver,Paper Filters,2,11.56
2026-06-27,Fort Collins,Espresso Machine,2,661.09
2026-06-27,Denver,Burr Grinder,1,131.19
2026-06-27,Denver,Gooseneck Kettle,1,60.84
2026-06-27,Fort Collins,Whole Bean 1kg,1,23.11
2026-06-27,Fort Collins,Whole Bean 1kg,2,47.03
2026-06-27,Boulder,Burr Grinder,3,373.61
2026-06-27,Denver,Gooseneck Kettle,1,55.72
2026-06-27,Fort Collins,Burr Grinder,1,129.44
2026-06-27,Boulder,Whole Bean 1kg,2,47.74
2026-06-27,Denver,Whole Bean 1kg,3,75.34
2026-06-27,Denver,Paper Filters,2,12.05
2026-06-27,Denver,Whole Bean 1kg,2,48.37
2026-06-27,Fort Collins,Whole Bean 1kg,2,48.97
2026-06-27,Denver,Whole Bean 1kg,3,71.41
2026-06-27,Denver,Whole Bean 1kg,3,71.98
2026-06-27,Denver,Paper Filters,1,5.88
2026-06-27,Boulder,Whole Bean 1kg,1,23.96
2026-06-27,Denver,Paper Filters,1,5.85
2026-06-27,Denver,Paper Filters,2,12.67
2026-06-27,Boulder,Whole Bean 1kg,2,47.13
2026-06-27,Fort Collins,Whole Bean 1kg,3,72.83
2026-06-27,Denver,Whole Bean 1kg,2,49.16
2026-06-27,Fort Collins,Whole Bean 1kg,1,22.42
2026-06-27,Fort Collins,Paper Filters,1,6.17
2026-06-27,Denver,Gooseneck Kettle,2,118.36
2026-06-27,Denver,Espresso Machine,2,702.91
2026-06-27,Boulder,Paper Filters,2,12.18
2026-06-27,Fort Collins,Whole Bean 1kg,1,23.48
2026-06-27,Denver,Gooseneck Kettle,1,61.29
2026-06-27,Boulder,Espresso Machine,1,348.02
2026-06-27,Denver,Burr Grinder,1,129.82
2026-06-27,Boulder,Burr Grinder,1,127.7
2026-06-27,Denver,Whole Bean 1kg,2,46.63
2026-06-27,Boulder,Whole Bean 1kg,2,48.77
2026-06-27,Denver,Paper Filters,1,5.81
2026-06-27,Denver,Whole Bean 1kg,2,49.05
2026-06-27,Denver,Whole Bean 1kg,2,45.82
2026-06-27,Denver,Whole Bean 1kg,1,24.52
2026-06-27,Boulder,Whole Bean 1kg,2,49.4
2026-06-27,Denver,Espresso Machine,2,734.83
2026-06-27,Fort Collins,Whole Bean 1kg,2,49.48
2026-06-27,Fort Collins,Burr Grinder,3,377.44
2026-06-27,Denver,Gooseneck Kettle,3,178.42
2026-06-27,Denver,Paper Filters,2,11.4
2026-06-27,Boulder,Whole Bean 1kg,2,46.61
2026-06-27,Denver,Whole Bean 1kg,2,49.81
2026-06-27,Denver,Paper Filters,2,11.93
2026-06-27,Denver,Burr Grinder,1,119.43
2026-06-27,Fort Collins,Whole Bean 1kg,1,23.65
2026-06-27,Denver,Whole Bean 1kg,2,49.57
2026-06-27,Denver,Espresso Machine,1,341.62
2026-06-27,Denver,Gooseneck Kettle,2,120.65
2026-06-27,Denver,Burr Grinder,2,271.71
2026-06-27,Fort Collins,Paper Filters,2,11.45
2026-06-27,Boulder,Paper Filters,2,11.92
2026-06-27,Denver,Whole Bean 1kg,2,48.71
2026-06-27,Denver,Whole Bean 1kg,2,47.93
2026-06-27,Boulder,Burr Grinder,3,393.22
2026-06-27,Boulder,Espresso Machine,1,358.7
2026-06-27,Denver,Whole Bean 1kg,2,48.0
2026-06-27,Fort Collins,Gooseneck Kettle,2,123.45
2026-06-27,Denver,Paper Filters,2,12.41
2026-06-28,Boulder,Gooseneck Kettle,2,120.31
2026-06-28,Boulder,Gooseneck Kettle,2,116.24
2026-06-28,Boulder,Paper Filters,2,12.24
2026-06-28,Denver,Whole Bean 1kg,1,24.93
2026-06-28,Boulder,Whole Bean 1kg,2,46.18
2026-06-28,Denver,Paper Filters,1,5.94
2026-06-28,Denver,Gooseneck Kettle,1,58.95
2026-06-28,Boulder,Whole Bean 1kg,2,47.16
2026-06-28,Denver,Whole Bean 1kg,2,50.05
2026-06-28,Fort Collins,Paper Filters,2,11.8
2026-06-28,Denver,Paper Filters,1,5.94
2026-06-28,Denver,Burr Grinder,1,135.22
2026-06-28,Fort Collins,Burr Grinder,1,129.48
2026-06-28,Boulder,Paper Filters,2,12.39
2026-06-28,Denver,Espresso Machine,1,343.07
2026-06-28,Boulder,Gooseneck Kettle,1,57.03
2026-06-28,Denver,Whole Bean 1kg,2,48.49
2026-06-28,Fort Collins,Espresso Machine,3,1056.13
2026-06-28,Denver,Burr Grinder,1,127.45
2026-06-28,Fort Collins,Paper Filters,1,6.18
2026-06-28,Boulder,Burr Grinder,2,241.05
2026-06-28,Boulder,Burr Grinder,3,363.67
2026-06-28,Fort Collins,Burr Grinder,1,125.35
2026-06-28,Fort Collins,Paper Filters,2,11.85
2026-06-28,Boulder,Whole Bean 1kg,3,72.01
2026-06-28,Denver,Whole Bean 1kg,2,46.23
2026-06-28,Boulder,Paper Filters,1,6.15
2026-06-28,Denver,Gooseneck Kettle,1,56.11
2026-06-28,Fort Collins,Burr Grinder,1,131.54
2026-06-28,Denver,Paper Filters,2,12.14
2026-06-28,Denver,Whole Bean 1kg,1,23.44
2026-06-28,Boulder,Espresso Machine,1,346.13
2026-06-28,Denver,Whole Bean 1kg,1,24.28
2026-06-28,Fort Collins,Gooseneck Kettle,2,114.41
2026-06-28,Denver,Whole Bean 1kg,2,47.87
2026-06-28,Fort Collins,Espresso Machine,2,684.23
2026-06-28,Denver,Burr Grinder,2,276.69
2026-06-28,Denver,Whole Bean 1kg,2,47.76
2026-06-28,Boulder,Paper Filters,1,6.01
2026-06-28,Boulder,Whole Bean 1kg,1,23.62
2026-06-28,Boulder,Paper Filters,3,17.7
2026-06-28,Fort Collins,Gooseneck Kettle,2,115.16
2026-06-28,Denver,Paper Filters,1,6.32
2026-06-28,Boulder,Espresso Machine,2,712.47
2026-06-28,Denver,Paper Filters,2,12.27
2026-06-28,Fort Collins,Whole Bean 1kg,2,48.53
2026-06-28,Fort Collins,Burr Grinder,2,263.95
2026-06-28,Boulder,Whole Bean 1kg,1,24.34
2026-06-28,Fort Collins,Paper Filters,2,12.37
2026-06-28,Denver,Whole Bean 1kg,2,49.21
2026-06-28,Boulder,Burr Grinder,2,264.34
2026-06-28,Denver,Burr Grinder,2,257.92
2026-06-28,Denver,Paper Filters,2,11.58
2026-06-28,Boulder,Gooseneck Kettle,2,121.91
2026-06-28,Denver,Paper Filters,2,12.32
2026-06-28,Denver,Whole Bean 1kg,2,47.69
2026-06-28,Denver,Espresso Machine,1,340.93
2026-06-29,Boulder,Whole Bean 1kg,1,23.36
2026-06-29,Denver,Espresso Machine,2,698.6
2026-06-29,Boulder,Whole Bean 1kg,1,22.98
2026-06-29,Boulder,Gooseneck Kettle,1,60.14
2026-06-29,Fort Collins,Burr Grinder,2,248.12
2026-06-29,Boulder,Whole Bean 1kg,2,47.88
2026-06-29,Denver,Whole Bean 1kg,3,72.85
2026-06-29,Fort Collins,Whole Bean 1kg,1,24.03
2026-06-29,Boulder,Whole Bean 1kg,1,24.01
2026-06-29,Denver,Paper Filters,2,11.82
2026-06-29,Denver,Gooseneck Kettle,2,119.99
2026-06-29,Boulder,Burr Grinder,1,129.95
2026-06-29,Denver,Paper Filters,2,11.78
2026-06-29,Fort Collins,Whole Bean 1kg,2,49.16
2026-06-29,Denver,Burr Grinder,3,407.45
2026-06-29,Fort Collins,Burr Grinder,3,375.96
2026-06-29,Denver,Burr Grinder,2,267.83
2026-06-29,Boulder,Whole Bean 1kg,1,23.38
2026-06-29,Denver,Whole Bean 1kg,2,48.59
2026-06-29,Fort Collins,Whole Bean 1kg,1,22.49
2026-06-29,Denver,Whole Bean 1kg,3,69.88
2026-06-29,Denver,Gooseneck Kettle,3,178.12
2026-06-29,Denver,Paper Filters,1,6.16
2026-06-29,Fort Collins,Espresso Machine,2,696.8
2026-06-29,Fort Collins,Paper Filters,1,6.12
2026-06-29,Fort Collins,Whole Bean 1kg,3,69.09
2026-06-29,Boulder,Gooseneck Kettle,1,57.66
2026-06-29,Denver,Burr Grinder,1,127.69
2026-06-29,Fort Collins,Paper Filters,2,11.68
2026-06-29,Fort Collins,Whole Bean 1kg,1,25.23
2026-06-29,Denver,Whole Bean 1kg,1,23.52
2026-06-29,Fort Collins,Paper Filters,2,11.79
2026-06-29,Denver,Espresso Machine,2,705.79
2026-06-29,Denver,Whole Bean 1kg,2,49.23
2026-06-29,Boulder,Burr Grinder,2,258.29
2026-06-30,Denver,Whole Bean 1kg,2,46.01
2026-06-30,Fort Collins,Whole Bean 1kg,2,48.97
2026-06-30,Denver,Whole Bean 1kg,1,24.02
2026-06-30,Boulder,Gooseneck Kettle,2,117.45
2026-06-30,Fort Collins,Gooseneck Kettle,2,118.54
2026-06-30,Boulder,Whole Bean 1kg,3,72.51
2026-06-30,Boulder,Whole Bean 1kg,1,23.17
2026-06-30,Denver,Gooseneck Kettle,1,56.78
2026-06-30,Fort Collins,Espresso Machine,2,693.97
2026-06-30,Boulder,Whole Bean 1kg,2,49.38
2026-06-30,Boulder,Whole Bean 1kg,1,23.19
2026-06-30,Boulder,Paper Filters,2,11.97
2026-06-30,Boulder,Whole Bean 1kg,1,24.91
2026-06-30,Denver,Whole Bean 1kg,2,47.81
2026-06-30,Denver,Burr Grinder,2,257.57
2026-06-30,Denver,Burr Grinder,2,264.92
2026-06-30,Denver,Whole Bean 1kg,1,23.96
2026-06-30,Denver,Whole Bean 1kg,2,49.16
2026-06-30,Fort Collins,Whole Bean 1kg,2,46.38
2026-06-30,Boulder,Burr Grinder,2,267.06
2026-06-30,Fort Collins,Burr Grinder,1,123.35
2026-06-30,Fort Collins,Paper Filters,1,6.2
2026-06-30,Denver,Whole Bean 1kg,1,24.51
2026-06-30,Denver,Paper Filters,3,18.63
2026-06-30,Fort Collins,Paper Filters,3,18.35
2026-06-30,Denver,Whole Bean 1kg,1,23.37
2026-06-30,Denver,Whole Bean 1kg,3,71.77
2026-06-30,Fort Collins,Paper Filters,2,12.09
2026-06-30,Denver,Espresso Machine,1,345.01
2026-06-30,Boulder,Whole Bean 1kg,1,23.57
2026-06-30,Denver,Paper Filters,2,12.16
2026-06-30,Denver,Whole Bean 1kg,2,50.16
2026-07-01,Denver,Burr Grinder,2,258.86
2026-07-01,Boulder,Whole Bean 1kg,2,49.98
2026-07-01,Fort Collins,Whole Bean 1kg,1,23.11
2026-07-01,Boulder,Gooseneck Kettle,3,176.8
2026-07-01,Denver,Burr Grinder,1,125.26
2026-07-01,Denver,Burr Grinder,1,128.76
2026-07-01,Fort Collins,Paper Filters,2,11.77
2026-07-01,Boulder,Whole Bean 1kg,2,49.64
2026-07-01,Denver,Whole Bean 1kg,1,24.81
2026-07-01,Boulder,Paper Filters,2,11.41
2026-07-01,Denver,Burr Grinder,2,257.73
2026-07-01,Denver,Whole Bean 1kg,1,24.5
2026-07-01,Boulder,Gooseneck Kettle,1,57.17
2026-07-01,Fort Collins,Burr Grinder,1,121.29
2026-07-01,Boulder,Gooseneck Kettle,3,175.55
2026-07-01,Fort Collins,Paper Filters,3,18.6
2026-07-01,Boulder,Gooseneck Kettle,1,58.13
2026-07-01,Denver,Paper Filters,2,11.71
2026-07-01,Boulder,Burr Grinder,2,264.11
2026-07-01,Denver,Burr Grinder,1,129.57
2026-07-01,Boulder,Espresso Machine,2,718.01
2026-07-01,Boulder,Gooseneck Kettle,1,57.68
2026-07-01,Boulder,Burr Grinder,2,247.22
2026-07-01,Denver,Whole Bean 1kg,3,77.65
2026-07-01,Boulder,Whole Bean 1kg,1,23.93
2026-07-01,Boulder,Espresso Machine,2,694.22
2026-07-01,Denver,Whole Bean 1kg,2,49.38
2026-07-01,Denver,Whole Bean 1kg,1,23.19
2026-07-01,Boulder,Espresso Machine,2,710.98
2026-07-01,Denver,Gooseneck Kettle,3,179.96
2026-07-01,Boulder,Gooseneck Kettle,1,58.34
2026-07-01,Boulder,Paper Filters,2,12.6
2026-07-01,Denver,Gooseneck Kettle,2,112.63
2026-07-01,Fort Collins,Gooseneck Kettle,3,186.56
2026-07-01,Fort Collins,Whole Bean 1kg,2,48.77
2026-07-02,Denver,Burr Grinder,1,127.73
2026-07-02,Denver,Burr Grinder,2,258.06
2026-07-02,Denver,Whole Bean 1kg,2,51.38
2026-07-02,Boulder,Gooseneck Kettle,4,245.35
2026-07-02,Fort Collins,Whole Bean 1kg,2,51.43
2026-07-02,Boulder,Burr Grinder,1,135.17
2026-07-02,Fort Collins,Whole Bean 1kg,3,73.66
2026-07-02,Denver,Espresso Machine,2,681.98
2026-07-02,Boulder,Paper Filters,2,12.71
2026-07-02,Denver,Espresso Machine,3,1016.13
2026-07-02,Denver,Gooseneck Kettle,2,115.85
2026-07-02,Denver,Burr Grinder,1,129.04
2026-07-02,Boulder,Whole Bean 1kg,2,46.61
2026-07-02,Denver,Paper Filters,3,18.0
2026-07-02,Denver,Paper Filters,2,11.64
2026-07-02,Denver,Paper Filters,1,6.01
2026-07-02,Boulder,Paper Filters,2,12.12
2026-07-02,Boulder,Whole Bean 1kg,3,73.89
2026-07-02,Boulder,Paper Filters,2,11.85
2026-07-02,Boulder,Paper Filters,1,5.79
2026-07-02,Boulder,Espresso Machine,2,722.66
2026-07-02,Boulder,Whole Bean 1kg,1,24.76
2026-07-02,Denver,Whole Bean 1kg,2,47.84
2026-07-02,Boulder,Paper Filters,1,6.01
2026-07-02,Denver,Whole Bean 1kg,2,49.21
2026-07-02,Denver,Paper Filters,2,12.22
2026-07-02,Denver,Paper Filters,2,12.38
2026-07-02,Denver,Burr Grinder,3,399.49
2026-07-02,Fort Collins,Espresso Machine,1,352.34
2026-07-02,Fort Collins,Whole Bean 1kg,1,25.66
2026-07-02,Denver,Paper Filters,3,17.87
2026-07-02,Fort Collins,Burr Grinder,2,256.94
2026-07-02,Denver,Whole Bean 1kg,1,23.51
2026-07-02,Denver,Espresso Machine,1,361.57
2026-07-02,Denver,Burr Grinder,1,128.74
2026-07-02,Denver,Whole Bean 1kg,1,24.15
2026-07-02,Boulder,Burr Grinder,2,263.68
2026-07-02,Fort Collins,Whole Bean 1kg,3,72.93
2026-07-03,Fort Collins,Burr Grinder,2,250.69
2026-07-03,Boulder,Paper Filters,1,5.86
2026-07-03,Denver,Espresso Machine,2,673.64
2026-07-03,Denver,Burr Grinder,1,130.52
2026-07-03,Denver,Burr Grinder,2,255.19
2026-07-03,Boulder,Gooseneck Kettle,2,111.95
2026-07-03,Boulder,Whole Bean 1kg,1,24.07
2026-07-03,Fort Collins,Burr Grinder,1,128.58
2026-07-03,Denver,Espresso Machine,1,350.6
2026-07-03,Denver,Whole Bean 1kg,2,47.42
2026-07-03,Boulder,Espresso Machine,2,690.51
2026-07-03,Fort Collins,Paper Filters,3,18.29
2026-07-03,Boulder,Burr Grinder,1,129.02
2026-07-03,Fort Collins,Espresso Machine,1,363.05
2026-07-03,Denver,Whole Bean 1kg,1,24.54
2026-07-03,Fort Collins,Whole Bean 1kg,1,24.48
2026-07-03,Denver,Whole Bean 1kg,2,46.74
2026-07-03,Fort Collins,Burr Grinder,1,126.6
2026-07-03,Fort Collins,Whole Bean 1kg,1,24.76
2026-07-03,Boulder,Whole Bean 1kg,1,24.55
2026-07-03,Boulder,Whole Bean 1kg,1,24.46
2026-07-03,Boulder,Whole Bean 1kg,2,48.08
2026-07-03,Fort Collins,Whole Bean 1kg,3,71.23
2026-07-03,Boulder,Whole Bean 1kg,3,74.22
2026-07-03,Boulder,Whole Bean 1kg,1,25.18
2026-07-03,Boulder,Whole Bean 1kg,1,22.59
2026-07-03,Denver,Whole Bean 1kg,1,25.49
2026-07-03,Boulder,Espresso Machine,1,361.24
2026-07-03,Denver,Paper Filters,3,18.23
2026-07-03,Denver,Gooseneck Kettle,1,59.73
2026-07-03,Fort Collins,Paper Filters,1,6.31
2026-07-03,Fort Collins,Whole Bean 1kg,1,23.61
2026-07-03,Denver,Paper Filters,1,6.09
2026-07-03,Fort Collins,Espresso Machine,2,683.7
2026-07-03,Denver,Whole Bean 1kg,2,46.29
2026-07-03,Denver,Whole Bean 1kg,2,46.25
2026-07-03,Denver,Paper Filters,2,11.83
2026-07-03,Denver,Espresso Machine,2,726.82
2026-07-03,Boulder,Paper Filters,1,6.07
2026-07-03,Denver,Whole Bean 1kg,2,49.15
2026-07-03,Boulder,Paper Filters,2,12.25
2026-07-03,Denver,Whole Bean 1kg,2,47.02
2026-07-03,Boulder,Espresso Machine,1,353.78
2026-07-03,Denver,Burr Grinder,1,130.41
2026-07-03,Fort Collins,Burr Grinder,2,258.59
2026-07-03,Denver,Burr Grinder,2,276.74
2026-07-03,Boulder,Burr Grinder,2,248.51
2026-07-03,Denver,Whole Bean 1kg,2,48.22
2026-07-03,Boulder,Whole Bean 1kg,1,24.27
2026-07-03,Denver,Paper Filters,3,17.76
2026-07-04,Fort Collins,Whole Bean 1kg,2,49.67
2026-07-04,Fort Collins,Burr Grinder,1,137.42
2026-07-04,Boulder,Gooseneck Kettle,3,170.63
2026-07-04,Fort Collins,Burr Grinder,1,127.04
2026-07-04,Denver,Burr Grinder,1,135.94
2026-07-04,Denver,Paper Filters,2,11.89
2026-07-04,Boulder,Paper Filters,2,11.68
2026-07-04,Fort Collins,Espresso Machine,2,713.63
2026-07-04,Denver,Espresso Machine,1,329.54
2026-07-04,Denver,Burr Grinder,2,261.48
2026-07-04,Denver,Whole Bean 1kg,2,49.71
2026-07-04,Denver,Paper Filters,1,5.94
2026-07-04,Boulder,Gooseneck Kettle,1,59.1
2026-07-04,Denver,Whole Bean 1kg,1,24.02
2026-07-04,Boulder,Whole Bean 1kg,1,23.53
2026-07-04,Boulder,Whole Bean 1kg,3,70.61
2026-07-04,Denver,Whole Bean 1kg,2,47.38
2026-07-04,Boulder,Paper Filters,3,17.81
2026-07-04,Fort Collins,Whole Bean 1kg,3,69.63
2026-07-04,Boulder,Gooseneck Kettle,1,56.19
2026-07-04,Boulder,Burr Grinder,2,259.65
2026-07-04,Denver,Whole Bean 1kg,2,48.75
2026-07-04,Boulder,Gooseneck Kettle,3,180.79
2026-07-04,Boulder,Paper Filters,2,12.38
2026-07-04,Boulder,Whole Bean 1kg,1,22.49
2026-07-04,Denver,Whole Bean 1kg,1,23.9
2026-07-04,Boulder,Whole Bean 1kg,2,47.76
2026-07-04,Denver,Paper Filters,1,6.05
2026-07-04,Boulder,Burr Grinder,2,256.48
2026-07-04,Boulder,Whole Bean 1kg,1,23.92
2026-07-04,Fort Collins,Whole Bean 1kg,2,49.66
2026-07-04,Denver,Whole Bean 1kg,2,47.88
2026-07-04,Denver,Paper Filters,3,18.06
2026-07-04,Boulder,Whole Bean 1kg,2,49.21
2026-07-04,Denver,Paper Filters,2,11.6
2026-07-04,Boulder,Whole Bean 1kg,1,25.1
2026-07-04,Boulder,Burr Grinder,3,372.67
2026-07-04,Denver,Paper Filters,2,12.47
2026-07-04,Boulder,Paper Filters,1,6.35
2026-07-04,Boulder,Whole Bean 1kg,2,45.82
2026-07-04,Denver,Burr Grinder,1,137.43
2026-07-04,Boulder,Whole Bean 1kg,2,47.99
2026-07-04,Denver,Whole Bean 1kg,2,47.12
2026-07-04,Boulder,Espresso Machine,1,332.98
2026-07-04,Boulder,Whole Bean 1kg,1,23.93
2026-07-04,Denver,Espresso Machine,2,677.52
2026-07-04,Boulder,Paper Filters,3,18.62
2026-07-04,Denver,Whole Bean 1kg,3,71.44
2026-07-04,Boulder,Whole Bean 1kg,2,45.64
2026-07-04,Denver,Gooseneck Kettle,1,60.2
2026-07-04,Boulder,Paper Filters,2,12.02
2026-07-04,Denver,Paper Filters,1,5.75
2026-07-04,Boulder,Gooseneck Kettle,2,117.84
2026-07-04,Denver,Whole Bean 1kg,2,48.54
2026-07-04,Denver,Gooseneck Kettle,1,58.15
2026-07-04,Denver,Paper Filters,1,6.09
2026-07-04,Boulder,Whole Bean 1kg,1,23.41
2026-07-04,Denver,Burr Grinder,1,134.73
2026-07-04,Boulder,Whole Bean 1kg,1,24.39
2026-07-04,Denver,Paper Filters,2,11.69
2026-07-04,Boulder,Paper Filters,1,6.06
2026-07-04,Fort Collins,Paper Filters,1,5.92
2026-07-04,Boulder,Paper Filters,2,12.29
2026-07-04,Denver,Espresso Machine,1,355.59
2026-07-04,Denver,Whole Bean 1kg,2,48.58
2026-07-04,Boulder,Paper Filters,1,6.3
2026-07-04,Fort Collins,Burr Grinder,1,127.92
2026-07-04,Denver,Gooseneck Kettle,2,116.44
2026-07-04,Fort Collins,Whole Bean 1kg,1,24.02
2026-07-04,Denver,Gooseneck Kettle,1,58.61
2026-07-04,Boulder,Paper Filters,1,5.72
2026-07-05,Fort Collins,Whole Bean 1kg,3,67.74
2026-07-05,Denver,Whole Bean 1kg,3,72.17
2026-07-05,Denver,Whole Bean 1kg,3,75.55
2026-07-05,Denver,Burr Grinder,2,254.48
2026-07-05,Denver,Gooseneck Kettle,2,119.0
2026-07-05,Boulder,Paper Filters,2,12.3
2026-07-05,Fort Collins,Paper Filters,2,12.06
2026-07-05,Denver,Whole Bean 1kg,2,46.99
2026-07-05,Denver,Espresso Machine,2,713.12
2026-07-05,Denver,Burr Grinder,2,264.31
2026-07-05,Boulder,Whole Bean 1kg,1,22.88
2026-07-05,Denver,Whole Bean 1kg,1,24.65
2026-07-05,Boulder,Whole Bean 1kg,3,73.19
2026-07-05,Boulder,Paper Filters,1,6.15
2026-07-05,Fort Collins,Whole Bean 1kg,2,48.92
2026-07-05,Fort Collins,Whole Bean 1kg,1,24.02
2026-07-05,Fort Collins,Whole Bean 1kg,3,75.59
2026-07-05,Denver,Espresso Machine,2,751.21
2026-07-05,Denver,Paper Filters,2,12.09
2026-07-05,Fort Collins,Burr Grinder,1,128.49
2026-07-05,Fort Collins,Whole Bean 1kg,4,98.1
2026-07-05,Boulder,Paper Filters,2,11.84
2026-07-05,Boulder,Whole Bean 1kg,1,24.81
2026-07-05,Denver,Whole Bean 1kg,3,72.19
2026-07-05,Fort Collins,Whole Bean 1kg,2,49.34
2026-07-05,Denver,Whole Bean 1kg,3,73.1
2026-07-05,Fort Collins,Whole Bean 1kg,1,23.69
2026-07-05,Denver,Whole Bean 1kg,1,25.92
2026-07-05,Boulder,Whole Bean 1kg,2,48.93
2026-07-05,Boulder,Whole Bean 1kg,2,46.45
2026-07-05,Boulder,Whole Bean 1kg,2,50.22
2026-07-05,Denver,Whole Bean 1kg,3,73.78
2026-07-05,Boulder,Paper Filters,3,18.36
2026-07-05,Denver,Paper Filters,1,6.07
2026-07-05,Denver,Gooseneck Kettle,2,124.17
2026-07-05,Fort Collins,Paper Filters,2,12.08
2026-07-05,Denver,Gooseneck Kettle,1,57.58
2026-07-05,Boulder,Burr Grinder,2,261.87
2026-07-05,Denver,Burr Grinder,2,273.34
2026-07-05,Denver,Burr Grinder,2,276.24
2026-07-05,Boulder,Whole Bean 1kg,1,22.96
2026-07-05,Denver,Paper Filters,1,5.66
2026-07-05,Fort Collins,Whole Bean 1kg,1,22.06
2026-07-05,Fort Collins,Gooseneck Kettle,2,119.83
2026-07-05,Boulder,Gooseneck Kettle,1,58.28
2026-07-05,Fort Collins,Whole Bean 1kg,3,70.08
2026-07-05,Boulder,Whole Bean 1kg,2,44.66
2026-07-05,Fort Collins,Paper Filters,1,5.65
2026-07-05,Boulder,Espresso Machine,2,665.58
2026-07-05,Denver,Whole Bean 1kg,3,76.36
2026-07-05,Denver,Paper Filters,2,11.55
2026-07-05,Denver,Burr Grinder,2,267.1
2026-07-05,Boulder,Whole Bean 1kg,1,24.71
2026-07-05,Boulder,Whole Bean 1kg,2,48.5
2026-07-05,Denver,Gooseneck Kettle,2,120.23
2026-07-05,Denver,Burr Grinder,1,135.54
2026-07-05,Fort Collins,Whole Bean 1kg,1,24.32
2026-07-05,Fort Collins,Gooseneck Kettle,2,119.36
2026-07-05,Boulder,Paper Filters,1,5.83
2026-07-05,Denver,Whole Bean 1kg,2,47.35
2026-07-05,Boulder,Espresso Machine,1,346.92
2026-07-05,Boulder,Whole Bean 1kg,1,24.46
2026-07-05,Boulder,Gooseneck Kettle,1,62.28
2026-07-05,Boulder,Burr Grinder,3,372.74
2026-07-05,Denver,Burr Grinder,2,265.26
2026-07-06,Boulder,Paper Filters,3,18.31
2026-07-06,Boulder,Whole Bean 1kg,1,23.66
2026-07-06,Fort Collins,Paper Filters,1,6.0
2026-07-06,Fort Collins,Paper Filters,1,6.31
2026-07-06,Denver,Whole Bean 1kg,2,48.76
2026-07-06,Boulder,Whole Bean 1kg,2,50.04
2026-07-06,Boulder,Paper Filters,1,6.07
2026-07-06,Boulder,Whole Bean 1kg,2,48.6
2026-07-06,Fort Collins,Whole Bean 1kg,2,47.0
2026-07-06,Boulder,Whole Bean 1kg,1,24.89
2026-07-06,Boulder,Whole Bean 1kg,1,23.86
2026-07-06,Boulder,Paper Filters,2,11.82
2026-07-06,Denver,Whole Bean 1kg,3,71.4
2026-07-06,Fort Collins,Whole Bean 1kg,2,47.37
2026-07-06,Fort Collins,Espresso Machine,2,679.52
2026-07-06,Denver,Whole Bean 1kg,1,22.9
2026-07-06,Denver,Burr Grinder,2,242.57
2026-07-06,Denver,Whole Bean 1kg,1,24.43
2026-07-06,Boulder,Paper Filters,2,12.2
2026-07-06,Denver,Paper Filters,2,12.04
2026-07-06,Fort Collins,Paper Filters,3,17.49
2026-07-06,Boulder,Whole Bean 1kg,1,24.03
2026-07-06,Denver,Espresso Machine,1,350.17
2026-07-06,Denver,Burr Grinder,2,264.33
2026-07-06,Fort Collins,Whole Bean 1kg,3,70.44
2026-07-06,Boulder,Whole Bean 1kg,2,48.27
2026-07-06,Fort Collins,Whole Bean 1kg,1,24.22
2026-07-06,Boulder,Gooseneck Kettle,4,228.1
2026-07-06,Boulder,Espresso Machine,2,672.77
2026-07-06,Boulder,Whole Bean 1kg,1,24.51
2026-07-06,Denver,Whole Bean 1kg,2,46.24
2026-07-07,Denver,Gooseneck Kettle,2,114.31
2026-07-07,Denver,Burr Grinder,3,371.14
2026-07-07,Denver,Whole Bean 1kg,2,49.39
2026-07-07,Fort Collins,Whole Bean 1kg,3,70.3
2026-07-07,Denver,Whole Bean 1kg,2,44.55
2026-07-07,Fort Collins,Paper Filters,3,18.44
2026-07-07,Fort Collins,Burr Grinder,2,254.9
2026-07-07,Denver,Paper Filters,1,5.95
2026-07-07,Fort Collins,Whole Bean 1kg,2,47.32
2026-07-07,Denver,Burr Grinder,2,270.88
2026-07-07,Boulder,Whole Bean 1kg,1,24.44
2026-07-07,Denver,Whole Bean 1kg,2,46.47
2026-07-07,Denver,Burr Grinder,3,380.7
2026-07-07,Boulder,Whole Bean 1kg,1,23.75
2026-07-07,Denver,Gooseneck Kettle,2,116.93
2026-07-07,Denver,Whole Bean 1kg,2,45.82
2026-07-07,Denver,Espresso Machine,1,326.78
2026-07-07,Boulder,Gooseneck Kettle,1,59.93
2026-07-07,Boulder,Whole Bean 1kg,2,47.76
2026-07-07,Boulder,Burr Grinder,3,388.03
2026-07-07,Fort Collins,Paper Filters,1,5.86
2026-07-07,Fort Collins,Whole Bean 1kg,1,23.78
2026-07-07,Fort Collins,Whole Bean 1kg,1,24.28
2026-07-07,Fort Collins,Whole Bean 1kg,1,24.55
2026-07-07,Fort Collins,Burr Grinder,1,130.7
2026-07-07,Boulder,Whole Bean 1kg,2,50.01
2026-07-07,Denver,Whole Bean 1kg,1,23.48
2026-07-07,Fort Collins,Whole Bean 1kg,1,25.03
2026-07-07,Boulder,Paper Filters,2,11.4
2026-07-07,Boulder,Whole Bean 1kg,1,24.78
2026-07-07,Denver,Whole Bean 1kg,1,23.14
2026-07-07,Denver,Whole Bean 1kg,1,23.72
2026-07-07,Denver,Whole Bean 1kg,2,49.13
2026-07-08,Denver,Whole Bean 1kg,2,47.38
2026-07-08,Denver,Paper Filters,2,12.05
2026-07-08,Fort Collins,Whole Bean 1kg,1,23.94
2026-07-08,Denver,Espresso Machine,2,677.73
2026-07-08,Boulder,Paper Filters,2,11.71
2026-07-08,Denver,Paper Filters,1,5.89
2026-07-08,Fort Collins,Gooseneck Kettle,3,181.95
2026-07-08,Boulder,Whole Bean 1kg,3,69.5
2026-07-08,Boulder,Whole Bean 1kg,2,49.09
2026-07-08,Boulder,Paper Filters,1,6.37
2026-07-08,Denver,Paper Filters,2,11.68
2026-07-08,Boulder,Espresso Machine,1,350.57
2026-07-08,Denver,Whole Bean 1kg,2,45.93
2026-07-08,Boulder,Whole Bean 1kg,1,22.84
2026-07-08,Boulder,Whole Bean 1kg,3,73.69
2026-07-08,Fort Collins,Whole Bean 1kg,1,23.93
2026-07-08,Denver,Whole Bean 1kg,1,23.7
2026-07-08,Denver,Paper Filters,2,11.5
2026-07-08,Denver,Burr Grinder,2,237.27
2026-07-08,Denver,Paper Filters,2,12.58
2026-07-08,Boulder,Gooseneck Kettle,3,168.33
2026-07-08,Denver,Whole Bean 1kg,1,24.35
2026-07-08,Denver,Espresso Machine,2,702.81
2026-07-08,Denver,Whole Bean 1kg,3,72.57
2026-07-08,Boulder,Burr Grinder,1,133.49
2026-07-08,Boulder,Whole Bean 1kg,1,23.52
2026-07-08,Denver,Whole Bean 1kg,1,23.39
2026-07-08,Boulder,Espresso Machine,3,1069.41
2026-07-08,Boulder,Espresso Machine,2,717.64
2026-07-08,Boulder,Whole Bean 1kg,1,24.55
2026-07-08,Fort Collins,Espresso Machine,3,1047.79
2026-07-08,Boulder,Burr Grinder,2,257.64
2026-07-08,Denver,Paper Filters,1,6.31
2026-07-09,Denver,Paper Filters,1,5.85
2026-07-09,Denver,Whole Bean 1kg,2,48.95
2026-07-09,Fort Collins,Paper Filters,2,12.02
2026-07-09,Fort Collins,Whole Bean 1kg,4,98.49
2026-07-09,Denver,Whole Bean 1kg,1,24.38
2026-07-09,Denver,Gooseneck Kettle,2,115.4
2026-07-09,Denver,Whole Bean 1kg,1,24.57
2026-07-09,Denver,Whole Bean 1kg,1,24.54
2026-07-09,Denver,Whole Bean 1kg,1,23.19
2026-07-09,Denver,Paper Filters,1,6.1
2026-07-09,Fort Collins,Gooseneck Kettle,1,57.36
2026-07-09,Denver,Paper Filters,2,12.29
2026-07-09,Denver,Whole Bean 1kg,2,49.94
2026-07-09,Boulder,Burr Grinder,1,123.89
2026-07-09,Fort Collins,Whole Bean 1kg,2,49.21
2026-07-09,Boulder,Paper Filters,2,12.07
2026-07-09,Boulder,Whole Bean 1kg,2,49.22
2026-07-09,Fort Collins,Gooseneck Kettle,2,116.13
2026-07-09,Boulder,Whole Bean 1kg,2,49.92
2026-07-09,Denver,Whole Bean 1kg,1,23.16
2026-07-09,Denver,Whole Bean 1kg,2,47.28
2026-07-09,Denver,Whole Bean 1kg,3,74.63
2026-07-09,Boulder,Whole Bean 1kg,1,23.39
2026-07-09,Fort Collins,Whole Bean 1kg,1,24.44
2026-07-09,Denver,Gooseneck Kettle,1,58.86
2026-07-09,Denver,Espresso Machine,1,351.12
2026-07-09,Boulder,Gooseneck Kettle,2,111.8
2026-07-09,Fort Collins,Whole Bean 1kg,2,47.8
2026-07-09,Boulder,Whole Bean 1kg,3,70.68
2026-07-10,Denver,Paper Filters,2,12.04
2026-07-10,Denver,Paper Filters,2,11.85
2026-07-10,Boulder,Whole Bean 1kg,3,72.94
2026-07-10,Boulder,Paper Filters,2,11.93
2026-07-10,Fort Collins,Gooseneck Kettle,2,122.72
2026-07-10,Boulder,Burr Grinder,2,268.77
2026-07-10,Boulder,Burr Grinder,1,126.22
2026-07-10,Denver,Whole Bean 1kg,1,24.7
2026-07-10,Boulder,Espresso Machine,2,723.42
2026-07-10,Denver,Whole Bean 1kg,1,23.59
2026-07-10,Denver,Paper Filters,2,12.35
2026-07-10,Denver,Whole Bean 1kg,2,46.72
2026-07-10,Fort Collins,Paper Filters,2,12.06
2026-07-10,Fort Collins,Paper Filters,2,12.39
2026-07-10,Fort Collins,Whole Bean 1kg,1,25.38
2026-07-10,Denver,Whole Bean 1kg,2,49.47
2026-07-10,Denver,Paper Filters,2,11.67
2026-07-10,Denver,Burr Grinder,2,269.37
2026-07-10,Boulder,Whole Bean 1kg,1,24.24
2026-07-10,Denver,Whole Bean 1kg,1,25.23
2026-07-10,Denver,Espresso Machine,2,681.64
2026-07-10,Boulder,Whole Bean 1kg,2,48.16
2026-07-10,Denver,Espresso Machine,2,663.12
2026-07-10,Denver,Whole Bean 1kg,1,23.26
2026-07-10,Denver,Whole Bean 1kg,3,72.61
2026-07-10,Boulder,Burr Grinder,1,131.68
2026-07-10,Fort Collins,Whole Bean 1kg,3,71.72
2026-07-10,Boulder,Gooseneck Kettle,2,120.1
2026-07-10,Boulder,Paper Filters,2,11.43
2026-07-10,Boulder,Espresso Machine,1,341.59
2026-07-10,Boulder,Burr Grinder,2,248.89
2026-07-10,Denver,Espresso Machine,1,357.18
2026-07-10,Denver,Whole Bean 1kg,3,68.48
2026-07-10,Boulder,Burr Grinder,2,264.14
2026-07-10,Fort Collins,Burr Grinder,2,242.63
2026-07-10,Boulder,Paper Filters,1,5.73
2026-07-10,Denver,Paper Filters,2,12.19
2026-07-10,Boulder,Paper Filters,1,5.95
2026-07-10,Boulder,Gooseneck Kettle,2,117.61
2026-07-10,Denver,Whole Bean 1kg,2,49.58
2026-07-10,Denver,Whole Bean 1kg,1,25.19
2026-07-10,Fort Collins,Espresso Machine,1,342.3
2026-07-11,Denver,Whole Bean 1kg,2,50.47
2026-07-11,Denver,Paper Filters,2,12.5
2026-07-11,Boulder,Gooseneck Kettle,3,176.75
2026-07-11,Denver,Espresso Machine,2,701.49
2026-07-11,Boulder,Whole Bean 1kg,2,48.31
2026-07-11,Denver,Espresso Machine,2,675.88
2026-07-11,Fort Collins,Paper Filters,1,6.02
2026-07-11,Fort Collins,Paper Filters,1,6.01
2026-07-11,Boulder,Burr Grinder,1,132.3
2026-07-11,Boulder,Whole Bean 1kg,2,46.08
2026-07-11,Denver,Whole Bean 1kg,2,44.33
2026-07-11,Denver,Whole Bean 1kg,2,48.01
2026-07-11,Fort Collins,Paper Filters,1,6.05
2026-07-11,Fort Collins,Whole Bean 1kg,1,23.96
2026-07-11,Boulder,Paper Filters,1,6.28
2026-07-11,Fort Collins,Gooseneck Kettle,1,61.58
2026-07-11,Fort Collins,Paper Filters,1,5.47
2026-07-11,Fort Collins,Whole Bean 1kg,1,24.25
2026-07-11,Boulder,Whole Bean 1kg,1,24.41
2026-07-11,Boulder,Espresso Machine,1,343.17
2026-07-11,Boulder,Burr Grinder,2,262.02
2026-07-11,Boulder,Whole Bean 1kg,2,50.04
2026-07-11,Fort Collins,Whole Bean 1kg,1,23.47
2026-07-11,Boulder,Whole Bean 1kg,1,24.57
2026-07-11,Fort Collins,Whole Bean 1kg,2,47.21
2026-07-11,Fort Collins,Paper Filters,2,12.2
2026-07-11,Fort Collins,Paper Filters,3,17.9
2026-07-11,Fort Collins,Whole Bean 1kg,2,48.29
2026-07-11,Boulder,Burr Grinder,2,256.1
2026-07-11,Denver,Paper Filters,2,12.05
2026-07-11,Fort Collins,Paper Filters,1,5.79
2026-07-11,Boulder,Paper Filters,2,11.8
2026-07-11,Fort Collins,Paper Filters,1,6.04
2026-07-11,Fort Collins,Whole Bean 1kg,1,23.54
2026-07-11,Fort Collins,Gooseneck Kettle,1,58.73
2026-07-11,Denver,Whole Bean 1kg,2,50.31
2026-07-11,Boulder,Burr Grinder,2,256.37
2026-07-11,Denver,Gooseneck Kettle,1,58.46
2026-07-11,Denver,Paper Filters,2,12.24
2026-07-11,Denver,Whole Bean 1kg,1,24.81
2026-07-11,Denver,Espresso Machine,1,340.6
2026-07-11,Denver,Burr Grinder,1,125.53
2026-07-11,Denver,Whole Bean 1kg,1,24.09
2026-07-11,Fort Collins,Paper Filters,2,12.1
2026-07-11,Denver,Espresso Machine,2,691.9
2026-07-11,Denver,Espresso Machine,1,342.39
2026-07-11,Boulder,Espresso Machine,2,680.09
2026-07-11,Fort Collins,Whole Bean 1kg,3,71.45
2026-07-11,Boulder,Whole Bean 1kg,1,22.33
2026-07-11,Fort Collins,Whole Bean 1kg,1,23.9
2026-07-11,Denver,Paper Filters,2,12.52
2026-07-11,Denver,Burr Grinder,2,252.79
2026-07-11,Denver,Paper Filters,2,12.34
2026-07-11,Boulder,Whole Bean 1kg,1,24.39
2026-07-11,Fort Collins,Burr Grinder,2,249.92
2026-07-11,Fort Collins,Whole Bean 1kg,1,22.14
2026-07-11,Fort Collins,Espresso Machine,2,720.85
2026-07-11,Boulder,Paper Filters,1,5.72
2026-07-11,Fort Collins,Whole Bean 1kg,1,24.0
2026-07-11,Fort Collins,Whole Bean 1kg,2,48.54
2026-07-11,Boulder,Whole Bean 1kg,1,24.08
2026-07-11,Denver,Whole Bean 1kg,1,24.51
2026-07-11,Denver,Paper Filters,2,11.65
2026-07-11,Boulder,Burr Grinder,1,127.97
2026-07-11,Boulder,Whole Bean 1kg,1,24.42
2026-07-11,Boulder,Paper Filters,2,12.22
2026-07-11,Denver,Espresso Machine,1,352.64
2026-07-11,Boulder,Gooseneck Kettle,2,121.78
2026-07-11,Fort Collins,Paper Filters,2,11.95
2026-07-11,Denver,Whole Bean 1kg,2,46.07
2026-07-11,Boulder,Gooseneck Kettle,2,118.19
2026-07-11,Denver,Gooseneck Kettle,1,58.36
2026-07-11,Boulder,Whole Bean 1kg,3,71.55
2026-07-11,Fort Collins,Whole Bean 1kg,1,24.35
2026-07-11,Denver,Burr Grinder,2,271.82
2026-07-11,Denver,Paper Filters,1,6.2
2026-07-11,Denver,Paper Filters,1,5.94
2026-07-11,Denver,Whole Bean 1kg,1,23.83
2026-07-11,Boulder,Whole Bean 1kg,3,73.93
2026-07-11,Boulder,Whole Bean 1kg,3,70.38
2026-07-11,Denver,Paper Filters,2,12.3
2026-07-11,Denver,Whole Bean 1kg,2,48.34
2026-07-11,Denver,Whole Bean 1kg,1,25.01
2026-07-11,Denver,Whole Bean 1kg,1,25.92
2026-07-11,Boulder,Paper Filters,2,12.0
2026-07-12,Boulder,Burr Grinder,1,125.76
2026-07-12,Fort Collins,Paper Filters,2,12.23
2026-07-12,Denver,Burr Grinder,1,124.81
2026-07-12,Boulder,Whole Bean 1kg,1,23.65
2026-07-12,Denver,Paper Filters,2,12.08
2026-07-12,Denver,Paper Filters,2,12.2
2026-07-12,Denver,Burr Grinder,2,237.35
2026-07-12,Fort Collins,Whole Bean 1kg,1,23.79
2026-07-12,Boulder,Whole Bean 1kg,2,48.1
2026-07-12,Boulder,Whole Bean 1kg,1,24.71
2026-07-12,Boulder,Whole Bean 1kg,2,49.22
2026-07-12,Denver,Espresso Machine,2,688.52
2026-07-12,Denver,Paper Filters,2,11.79
2026-07-12,Denver,Whole Bean 1kg,1,24.12
2026-07-12,Denver,Whole Bean 1kg,1,24.7
2026-07-12,Boulder,Gooseneck Kettle,1,58.85
2026-07-12,Boulder,Whole Bean 1kg,1,24.55
2026-07-12,Denver,Whole Bean 1kg,1,23.66
2026-07-12,Denver,Whole Bean 1kg,1,24.79
2026-07-12,Denver,Paper Filters,2,11.15
2026-07-12,Boulder,Whole Bean 1kg,1,23.97
2026-07-12,Fort Collins,Burr Grinder,2,265.9
2026-07-12,Fort Collins,Whole Bean 1kg,1,24.27
2026-07-12,Denver,Paper Filters,3,18.66
2026-07-12,Boulder,Burr Grinder,3,388.3
2026-07-12,Boulder,Whole Bean 1kg,1,23.1
2026-07-12,Denver,Whole Bean 1kg,1,23.91
2026-07-12,Boulder,Paper Filters,2,11.86
2026-07-12,Boulder,Paper Filters,3,16.87
2026-07-12,Denver,Whole Bean 1kg,2,47.73
2026-07-12,Denver,Espresso Machine,1,351.38
2026-07-12,Boulder,Whole Bean 1kg,2,44.75
2026-07-12,Denver,Whole Bean 1kg,3,71.21
2026-07-12,Denver,Whole Bean 1kg,1,24.66
2026-07-12,Denver,Whole Bean 1kg,1,23.47
2026-07-12,Denver,Gooseneck Kettle,3,175.49
2026-07-12,Denver,Whole Bean 1kg,1,23.54
2026-07-12,Boulder,Burr Grinder,2,264.22
2026-07-12,Fort Collins,Paper Filters,3,16.92
2026-07-12,Fort Collins,Whole Bean 1kg,2,45.04
2026-07-12,Denver,Burr Grinder,1,130.78
2026-07-12,Fort Collins,Whole Bean 1kg,2,48.65
2026-07-12,Boulder,Whole Bean 1kg,2,46.43
2026-07-12,Fort Collins,Paper Filters,2,11.94
2026-07-12,Boulder,Burr Grinder,2,260.53
2026-07-12,Boulder,Gooseneck Kettle,2,117.5
2026-07-12,Fort Collins,Whole Bean 1kg,2,48.47
2026-07-12,Boulder,Paper Filters,1,5.81
2026-07-12,Denver,Paper Filters,1,5.95
2026-07-12,Denver,Espresso Machine,1,352.85
2026-07-12,Denver,Whole Bean 1kg,1,24.78
2026-07-12,Fort Collins,Whole Bean 1kg,1,24.9
2026-07-12,Denver,Paper Filters,2,11.33
2026-07-12,Boulder,Whole Bean 1kg,1,25.1
2026-07-12,Boulder,Paper Filters,2,12.08
2026-07-12,Fort Collins,Whole Bean 1kg,2,45.59
2026-07-12,Denver,Whole Bean 1kg,1,23.83
2026-07-12,Denver,Burr Grinder,1,132.19
2026-07-13,Boulder,Whole Bean 1kg,3,70.83
2026-07-13,Fort Collins,Whole Bean 1kg,2,49.68
2026-07-13,Boulder,Espresso Machine,1,351.96
2026-07-13,Fort Collins,Paper Filters,2,11.77
2026-07-13,Denver,Espresso Machine,2,715.68
2026-07-13,Boulder,Burr Grinder,1,124.25
2026-07-13,Denver,Whole Bean 1kg,2,46.62
2026-07-13,Boulder,Burr Grinder,2,255.85
2026-07-13,Denver,Paper Filters,3,18.02
2026-07-13,Boulder,Whole Bean 1kg,1,24.09
2026-07-13,Boulder,Espresso Machine,1,348.65
2026-07-13,Boulder,Whole Bean 1kg,1,24.13
2026-07-13,Boulder,Gooseneck Kettle,2,115.52
2026-07-13,Fort Collins,Paper Filters,3,17.9
2026-07-13,Fort Collins,Espresso Machine,2,732.46
2026-07-13,Boulder,Paper Filters,2,12.35
2026-07-13,Denver,Paper Filters,1,5.74
2026-07-13,Denver,Whole Bean 1kg,1,24.46
2026-07-13,Denver,Paper Filters,1,6.04
2026-07-13,Denver,Espresso Machine,2,689.74
2026-07-13,Denver,Whole Bean 1kg,3,69.83
2026-07-13,Boulder,Espresso Machine,2,713.81
2026-07-13,Denver,Paper Filters,2,11.26
2026-07-13,Boulder,Paper Filters,2,11.13
2026-07-13,Boulder,Whole Bean 1kg,1,23.72
2026-07-13,Denver,Burr Grinder,2,259.41
2026-07-13,Denver,Whole Bean 1kg,1,24.48
2026-07-13,Fort Collins,Paper Filters,1,5.98
2026-07-13,Boulder,Burr Grinder,1,122.92
2026-07-13,Boulder,Whole Bean 1kg,2,51.08
2026-07-13,Fort Collins,Whole Bean 1kg,2,47.84
2026-07-14,Denver,Espresso Machine,1,353.59
2026-07-14,Denver,Paper Filters,2,11.93
2026-07-14,Fort Collins,Paper Filters,3,18.05
2026-07-14,Boulder,Paper Filters,2,12.5
2026-07-14,Denver,Whole Bean 1kg,1,23.68
2026-07-14,Boulder,Whole Bean 1kg,1,23.38
2026-07-14,Boulder,Paper Filters,2,11.74
2026-07-14,Denver,Whole Bean 1kg,2,46.71
2026-07-14,Denver,Gooseneck Kettle,2,120.05
2026-07-14,Boulder,Whole Bean 1kg,1,23.79
2026-07-14,Boulder,Paper Filters,2,12.26
2026-07-14,Boulder,Whole Bean 1kg,2,49.25
2026-07-14,Fort Collins,Whole Bean 1kg,2,47.79
2026-07-14,Boulder,Whole Bean 1kg,1,24.09
2026-07-14,Denver,Gooseneck Kettle,2,124.54
2026-07-14,Fort Collins,Whole Bean 1kg,2,48.33
2026-07-14,Denver,Whole Bean 1kg,2,47.09
2026-07-14,Fort Collins,Whole Bean 1kg,2,45.68
2026-07-14,Boulder,Whole Bean 1kg,1,23.85
2026-07-14,Boulder,Whole Bean 1kg,2,44.6
2026-07-14,Fort Collins,Paper Filters,1,6.06
2026-07-14,Fort Collins,Whole Bean 1kg,1,23.16
2026-07-14,Denver,Whole Bean 1kg,1,23.94
2026-07-14,Boulder,Gooseneck Kettle,1,60.4
2026-07-14,Denver,Whole Bean 1kg,3,72.3
2026-07-14,Denver,Whole Bean 1kg,1,24.88
2026-07-14,Fort Collins,Paper Filters,1,6.05
2026-07-14,Denver,Espresso Machine,2,704.64
2026-07-15,Boulder,Whole Bean 1kg,3,74.46
2026-07-15,Denver,Whole Bean 1kg,3,70.0
2026-07-15,Fort Collins,Paper Filters,2,11.38
2026-07-15,Denver,Whole Bean 1kg,2,47.85
2026-07-15,Boulder,Gooseneck Kettle,2,119.57
2026-07-15,Denver,Whole Bean 1kg,3,74.35
2026-07-15,Boulder,Paper Filters,2,11.65
2026-07-15,Fort Collins,Burr Grinder,2,265.64
2026-07-15,Denver,Paper Filters,1,5.72
2026-07-15,Fort Collins,Paper Filters,1,5.84
2026-07-15,Denver,Paper Filters,1,6.01
2026-07-15,Fort Collins,Whole Bean 1kg,2,48.43
2026-07-15,Denver,Burr Grinder,3,394.78
2026-07-15,Fort Collins,Whole Bean 1kg,1,23.51
2026-07-15,Denver,Gooseneck Kettle,2,117.92
2026-07-15,Denver,Whole Bean 1kg,2,46.46
2026-07-15,Denver,Whole Bean 1kg,1,24.55
2026-07-15,Fort Collins,Burr Grinder,1,135.55
2026-07-15,Boulder,Whole Bean 1kg,2,49.31
2026-07-15,Denver,Burr Grinder,2,284.19
2026-07-15,Denver,Whole Bean 1kg,2,47.48
2026-07-15,Denver,Whole Bean 1kg,2,48.12
2026-07-15,Boulder,Gooseneck Kettle,2,113.82
2026-07-15,Denver,Espresso Machine,1,350.4
2026-07-15,Denver,Whole Bean 1kg,2,47.81
2026-07-15,Fort Collins,Espresso Machine,1,337.01
2026-07-15,Denver,Paper Filters,2,11.99
2026-07-15,Boulder,Burr Grinder,2,265.54
2026-07-15,Fort Collins,Paper Filters,2,12.11
2026-07-15,Boulder,Paper Filters,3,18.26
2026-07-15,Boulder,Whole Bean 1kg,2,49.37
2026-07-16,Fort Collins,Paper Filters,3,18.27
2026-07-16,Boulder,Whole Bean 1kg,1,24.04
2026-07-16,Denver,Burr Grinder,2,260.34
2026-07-16,Denver,Paper Filters,2,12.14
2026-07-16,Denver,Paper Filters,1,6.05
2026-07-16,Boulder,Gooseneck Kettle,2,120.17
2026-07-16,Boulder,Whole Bean 1kg,3,72.38
2026-07-16,Fort Collins,Whole Bean 1kg,1,24.24
2026-07-16,Fort Collins,Paper Filters,1,6.38
2026-07-16,Denver,Whole Bean 1kg,2,46.55
2026-07-16,Boulder,Whole Bean 1kg,1,24.33
2026-07-16,Boulder,Whole Bean 1kg,1,23.33
2026-07-16,Boulder,Paper Filters,2,11.76
2026-07-16,Denver,Paper Filters,1,6.15
2026-07-16,Boulder,Whole Bean 1kg,1,24.88
2026-07-16,Denver,Burr Grinder,2,246.03
2026-07-16,Fort Collins,Whole Bean 1kg,1,24.62
2026-07-16,Boulder,Espresso Machine,1,349.08
2026-07-16,Boulder,Paper Filters,1,5.85
2026-07-16,Boulder,Paper Filters,1,5.94
2026-07-16,Denver,Whole Bean 1kg,2,49.34
2026-07-16,Fort Collins,Burr Grinder,3,391.93
2026-07-16,Boulder,Whole Bean 1kg,1,24.0
2026-07-16,Denver,Burr Grinder,2,277.79
2026-07-16,Boulder,Burr Grinder,1,128.76
2026-07-16,Denver,Burr Grinder,1,132.33
2026-07-16,Boulder,Whole Bean 1kg,2,45.82
2026-07-16,Boulder,Whole Bean 1kg,3,74.95
2026-07-16,Denver,Whole Bean 1kg,1,23.83
2026-07-16,Boulder,Whole Bean 1kg,1,24.02
2026-07-16,Boulder,Whole Bean 1kg,1,24.32
2026-07-16,Boulder,Whole Bean 1kg,2,48.22
2026-07-16,Fort Collins,Burr Grinder,1,129.79
2026-07-16,Denver,Whole Bean 1kg,1,23.28
2026-07-16,Denver,Burr Grinder,3,388.68
2026-07-16,Denver,Paper Filters,1,5.64
2026-07-16,Denver,Whole Bean 1kg,1,24.13
2026-07-16,Boulder,Whole Bean 1kg,2,47.84
2026-07-16,Boulder,Whole Bean 1kg,2,47.09
2026-07-16,Denver,Paper Filters,1,5.78
2026-07-16,Denver,Whole Bean 1kg,2,50.52
2026-07-16,Boulder,Burr Grinder,2,249.46
2026-07-16,Denver,Whole Bean 1kg,1,25.54
2026-07-16,Denver,Paper Filters,1,6.15
2026-07-16,Boulder,Whole Bean 1kg,2,46.54
2026-07-16,Denver,Paper Filters,1,6.05
2026-07-17,Boulder,Whole Bean 1kg,1,24.28
2026-07-17,Fort Collins,Paper Filters,2,12.36
2026-07-17,Boulder,Paper Filters,1,6.26
2026-07-17,Fort Collins,Whole Bean 1kg,3,68.7
2026-07-17,Denver,Whole Bean 1kg,2,47.55
2026-07-17,Boulder,Paper Filters,3,18.07
2026-07-17,Denver,Paper Filters,1,5.82
2026-07-17,Boulder,Whole Bean 1kg,1,23.76
2026-07-17,Denver,Paper Filters,1,5.95
2026-07-17,Boulder,Paper Filters,1,6.01
2026-07-17,Fort Collins,Whole Bean 1kg,2,48.04
2026-07-17,Denver,Paper Filters,1,6.01
2026-07-17,Denver,Gooseneck Kettle,1,60.34
2026-07-17,Boulder,Gooseneck Kettle,2,112.98
2026-07-17,Boulder,Espresso Machine,3,1055.44
2026-07-17,Boulder,Espresso Machine,1,350.72
2026-07-17,Denver,Whole Bean 1kg,2,44.69
2026-07-17,Denver,Paper Filters,1,5.78
2026-07-17,Fort Collins,Whole Bean 1kg,2,49.01
2026-07-17,Boulder,Paper Filters,3,18.51
2026-07-17,Denver,Paper Filters,1,5.85
2026-07-17,Fort Collins,Whole Bean 1kg,2,47.42
2026-07-17,Boulder,Paper Filters,1,6.16
2026-07-17,Denver,Whole Bean 1kg,1,24.32
2026-07-17,Boulder,Whole Bean 1kg,2,49.42
2026-07-17,Denver,Whole Bean 1kg,1,23.31
2026-07-17,Boulder,Espresso Machine,2,720.63
2026-07-17,Boulder,Whole Bean 1kg,1,24.15
2026-07-17,Denver,Burr Grinder,3,388.66
2026-07-17,Boulder,Whole Bean 1kg,2,44.42
2026-07-17,Boulder,Whole Bean 1kg,2,47.12
2026-07-17,Boulder,Paper Filters,1,6.1
2026-07-17,Fort Collins,Paper Filters,2,11.51
2026-07-17,Boulder,Burr Grinder,1,135.91
2026-07-17,Boulder,Paper Filters,3,18.85
2026-07-17,Denver,Paper Filters,1,5.9
2026-07-17,Boulder,Whole Bean 1kg,2,46.17
2026-07-17,Fort Collins,Whole Bean 1kg,3,72.35
2026-07-17,Denver,Burr Grinder,2,261.76
2026-07-17,Fort Collins,Gooseneck Kettle,1,59.4
2026-07-17,Denver,Whole Bean 1kg,2,46.38
2026-07-17,Boulder,Paper Filters,1,6.14
2026-07-17,Boulder,Whole Bean 1kg,3,74.25
2026-07-17,Denver,Espresso Machine,3,1017.8
2026-07-17,Boulder,Burr Grinder,2,257.24
2026-07-17,Denver,Whole Bean 1kg,1,24.47
2026-07-17,Denver,Whole Bean 1kg,2,45.91
2026-07-17,Boulder,Whole Bean 1kg,2,49.39
2026-07-17,Fort Collins,Whole Bean 1kg,2,48.78
2026-07-17,Boulder,Burr Grinder,1,124.93
2026-07-18,Denver,Burr Grinder,1,125.21
2026-07-18,Denver,Whole Bean 1kg,2,46.82
2026-07-18,Denver,Espresso Machine,2,733.31
2026-07-18,Boulder,Whole Bean 1kg,2,46.24
2026-07-18,Fort Collins,Whole Bean 1kg,2,47.64
2026-07-18,Boulder,Burr Grinder,2,257.59
2026-07-18,Denver,Whole Bean 1kg,1,24.55
2026-07-18,Denver,Whole Bean 1kg,1,24.9
2026-07-18,Boulder,Whole Bean 1kg,2,47.08
2026-07-18,Boulder,Whole Bean 1kg,2,49.57
2026-07-18,Denver,Paper Filters,2,11.67
2026-07-18,Boulder,Whole Bean 1kg,1,23.06
2026-07-18,Boulder,Espresso Machine,2,722.39
2026-07-18,Boulder,Burr Grinder,2,251.96
2026-07-18,Fort Collins,Burr Grinder,2,264.55
2026-07-18,Denver,Whole Bean 1kg,1,24.41
2026-07-18,Denver,Paper Filters,4,23.13
2026-07-18,Fort Collins,Burr Grinder,1,127.72
2026-07-18,Boulder,Paper Filters,1,5.83
2026-07-18,Fort Collins,Gooseneck Kettle,2,116.97
2026-07-18,Boulder,Burr Grinder,2,261.3
2026-07-18,Denver,Whole Bean 1kg,1,24.5
2026-07-18,Denver,Whole Bean 1kg,2,45.54
2026-07-18,Boulder,Burr Grinder,2,256.09
2026-07-18,Fort Collins,Whole Bean 1kg,1,23.59
2026-07-18,Boulder,Whole Bean 1kg,1,24.34
2026-07-18,Boulder,Espresso Machine,3,992.62
2026-07-18,Denver,Paper Filters,2,13.09
2026-07-18,Denver,Paper Filters,1,5.62
2026-07-18,Fort Collins,Whole Bean 1kg,2,47.13
2026-07-18,Denver,Whole Bean 1kg,1,23.65
2026-07-18,Boulder,Whole Bean 1kg,3,69.97
2026-07-18,Boulder,Whole Bean 1kg,1,24.97
2026-07-18,Denver,Whole Bean 1kg,3,70.83
2026-07-18,Boulder,Gooseneck Kettle,1,58.45
2026-07-18,Boulder,Whole Bean 1kg,2,48.13
2026-07-18,Boulder,Burr Grinder,1,132.41
2026-07-18,Denver,Whole Bean 1kg,1,24.51
2026-07-18,Boulder,Whole Bean 1kg,2,49.12
2026-07-18,Denver,Paper Filters,1,5.81
2026-07-18,Boulder,Burr Grinder,1,123.37
2026-07-18,Denver,Whole Bean 1kg,1,23.85
2026-07-18,Boulder,Whole Bean 1kg,2,50.38
2026-07-18,Boulder,Burr Grinder,2,251.22
2026-07-18,Fort Collins,Burr Grinder,1,135.75
2026-07-18,Denver,Burr Grinder,2,263.64
2026-07-18,Fort Collins,Paper Filters,2,11.82
2026-07-18,Boulder,Paper Filters,3,17.33
2026-07-18,Fort Collins,Whole Bean 1kg,1,23.7
2026-07-18,Denver,Paper Filters,1,5.77
2026-07-18,Fort Collins,Whole Bean 1kg,1,24.06
2026-07-18,Denver,Whole Bean 1kg,1,24.68
2026-07-18,Boulder,Paper Filters,1,5.91
2026-07-18,Denver,Burr Grinder,1,129.58
2026-07-18,Fort Collins,Burr Grinder,2,271.8
2026-07-18,Boulder,Whole Bean 1kg,2,47.69
2026-07-18,Fort Collins,Whole Bean 1kg,1,25.19
2026-07-18,Denver,Burr Grinder,1,128.2
2026-07-18,Boulder,Espresso Machine,1,347.14
2026-07-18,Denver,Whole Bean 1kg,2,46.53
2026-07-18,Denver,Burr Grinder,1,133.93
2026-07-18,Denver,Gooseneck Kettle,2,121.41
2026-07-18,Fort Collins,Whole Bean 1kg,2,49.09
2026-07-19,Fort Collins,Burr Grinder,2,267.12
2026-07-19,Denver,Paper Filters,2,12.04
2026-07-19,Boulder,Whole Bean 1kg,1,25.95
2026-07-19,Boulder,Whole Bean 1kg,1,23.8
2026-07-19,Boulder,Whole Bean 1kg,1,24.0
2026-07-19,Fort Collins,Paper Filters,2,12.19
2026-07-19,Fort Collins,Espresso Machine,1,340.87
2026-07-19,Fort Collins,Paper Filters,2,11.7
2026-07-19,Fort Collins,Whole Bean 1kg,1,25.17
2026-07-19,Boulder,Espresso Machine,1,334.97
2026-07-19,Boulder,Gooseneck Kettle,2,122.23
2026-07-19,Boulder,Whole Bean 1kg,2,47.81
2026-07-19,Fort Collins,Burr Grinder,3,388.57
2026-07-19,Denver,Paper Filters,1,5.93
2026-07-19,Denver,Burr Grinder,2,248.77
2026-07-19,Boulder,Burr Grinder,2,260.76
2026-07-19,Denver,Burr Grinder,1,128.43
2026-07-19,Boulder,Whole Bean 1kg,2,48.33
2026-07-19,Boulder,Whole Bean 1kg,1,23.6
2026-07-19,Denver,Whole Bean 1kg,2,48.24
2026-07-19,Boulder,Whole Bean 1kg,2,48.53
2026-07-19,Fort Collins,Whole Bean 1kg,1,24.16
2026-07-19,Fort Collins,Whole Bean 1kg,2,48.26
2026-07-19,Fort Collins,Paper Filters,2,12.2
2026-07-19,Denver,Espresso Machine,1,347.91
2026-07-19,Denver,Espresso Machine,2,719.96
2026-07-19,Fort Collins,Whole Bean 1kg,2,47.61
2026-07-19,Fort Collins,Whole Bean 1kg,1,23.07
2026-07-19,Fort Collins,Paper Filters,4,23.37
2026-07-19,Denver,Paper Filters,2,12.16
2026-07-19,Fort Collins,Whole Bean 1kg,1,24.28
2026-07-19,Denver,Whole Bean 1kg,2,46.2
2026-07-19,Boulder,Whole Bean 1kg,1,24.48
2026-07-19,Boulder,Whole Bean 1kg,2,44.49
2026-07-19,Boulder,Whole Bean 1kg,2,48.36
2026-07-19,Denver,Gooseneck Kettle,2,116.03
2026-07-19,Denver,Paper Filters,2,12.21
2026-07-19,Denver,Gooseneck Kettle,1,58.88
2026-07-19,Fort Collins,Burr Grinder,3,387.67
2026-07-19,Fort Collins,Whole Bean 1kg,2,45.99
2026-07-19,Boulder,Whole Bean 1kg,1,24.21
2026-07-19,Denver,Whole Bean 1kg,2,49.91
2026-07-19,Denver,Burr Grinder,1,130.95
2026-07-19,Denver,Whole Bean 1kg,2,46.19
2026-07-19,Boulder,Paper Filters,1,6.24
2026-07-19,Boulder,Burr Grinder,1,131.74
2026-07-19,Denver,Paper Filters,1,5.93
2026-07-19,Fort Collins,Whole Bean 1kg,2,46.75
2026-07-19,Denver,Whole Bean 1kg,2,46.75
2026-07-19,Boulder,Whole Bean 1kg,1,22.83
2026-07-19,Denver,Whole Bean 1kg,2,48.18
2026-07-19,Denver,Whole Bean 1kg,3,73.85
2026-07-19,Denver,Gooseneck Kettle,1,60.55
2026-07-19,Fort Collins,Whole Bean 1kg,2,49.69
2026-07-19,Boulder,Burr Grinder,1,123.79
2026-07-19,Boulder,Espresso Machine,1,339.6
2026-07-19,Denver,Paper Filters,2,11.73
2026-07-19,Denver,Whole Bean 1kg,1,24.5
2026-07-19,Boulder,Whole Bean 1kg,1,22.9
2026-07-19,Boulder,Espresso Machine,2,660.22
2026-07-19,Boulder,Paper Filters,2,12.17
2026-07-19,Boulder,Paper Filters,3,17.98
2026-07-19,Boulder,Burr Grinder,1,130.36
2026-07-19,Denver,Burr Grinder,2,254.9
2026-07-19,Denver,Whole Bean 1kg,2,48.49
2026-07-19,Boulder,Whole Bean 1kg,1,24.31
2026-07-19,Boulder,Paper Filters,1,5.85
2026-07-19,Boulder,Whole Bean 1kg,1,24.17
2026-07-19,Fort Collins,Paper Filters,1,5.85
2026-07-19,Denver,Gooseneck Kettle,1,61.62
2026-07-19,Denver,Burr Grinder,1,130.1
2026-07-19,Denver,Whole Bean 1kg,2,47.86
2026-07-19,Denver,Whole Bean 1kg,2,45.68
2026-07-19,Boulder,Whole Bean 1kg,1,25.43
2026-07-20,Denver,Burr Grinder,1,131.15
2026-07-20,Denver,Gooseneck Kettle,3,181.22
2026-07-20,Denver,Whole Bean 1kg,2,48.34
2026-07-20,Denver,Whole Bean 1kg,2,48.2
2026-07-20,Boulder,Whole Bean 1kg,2,46.62
2026-07-20,Denver,Paper Filters,1,5.7
2026-07-20,Boulder,Whole Bean 1kg,2,47.98
2026-07-20,Boulder,Paper Filters,2,11.9
2026-07-20,Denver,Whole Bean 1kg,1,23.98
2026-07-20,Boulder,Burr Grinder,2,259.54
2026-07-20,Fort Collins,Gooseneck Kettle,2,121.16
2026-07-20,Boulder,Whole Bean 1kg,1,24.75
2026-07-20,Denver,Whole Bean 1kg,1,24.29
2026-07-20,Fort Collins,Burr Grinder,2,254.24
2026-07-20,Denver,Whole Bean 1kg,2,47.58
2026-07-20,Denver,Paper Filters,2,11.74
2026-07-20,Denver,Paper Filters,1,6.2
2026-07-20,Denver,Whole Bean 1kg,1,24.22
2026-07-20,Denver,Whole Bean 1kg,2,45.28
2026-07-20,Boulder,Whole Bean 1kg,1,24.78
2026-07-20,Denver,Whole Bean 1kg,2,45.42
2026-07-20,Boulder,Burr Grinder,3,397.62
2026-07-20,Denver,Whole Bean 1kg,1,22.94
2026-07-20,Fort Collins,Whole Bean 1kg,1,25.62
2026-07-20,Boulder,Paper Filters,2,12.71
2026-07-20,Fort Collins,Whole Bean 1kg,1,23.7
2026-07-20,Denver,Paper Filters,1,5.86
2026-07-20,Boulder,Paper Filters,3,17.61
2026-07-20,Denver,Whole Bean 1kg,2,49.78
2026-07-20,Fort Collins,Burr Grinder,1,124.76
2026-07-20,Boulder,Burr Grinder,1,133.2
2026-07-20,Boulder,Whole Bean 1kg,2,47.64
2026-07-20,Boulder,Whole Bean 1kg,2,48.88
2026-07-20,Boulder,Whole Bean 1kg,3,73.27
2026-07-21,Boulder,Paper Filters,1,5.82
2026-07-21,Fort Collins,Burr Grinder,2,259.0
2026-07-21,Denver,Paper Filters,2,12.0
2026-07-21,Boulder,Whole Bean 1kg,2,50.11
2026-07-21,Fort Collins,Paper Filters,1,6.39
2026-07-21,Boulder,Gooseneck Kettle,1,57.09
2026-07-21,Denver,Burr Grinder,2,254.66
2026-07-21,Denver,Espresso Machine,2,684.74
2026-07-21,Boulder,Paper Filters,2,12.19
2026-07-21,Denver,Burr Grinder,2,266.26
2026-07-21,Denver,Gooseneck Kettle,1,57.7
2026-07-21,Boulder,Espresso Machine,1,363.33
2026-07-21,Fort Collins,Burr Grinder,1,126.65
2026-07-21,Boulder,Whole Bean 1kg,2,50.13
2026-07-21,Boulder,Espresso Machine,2,713.34
2026-07-21,Boulder,Whole Bean 1kg,2,47.05
2026-07-21,Denver,Whole Bean 1kg,3,75.66
2026-07-21,Denver,Whole Bean 1kg,2,46.72
2026-07-21,Denver,Burr Grinder,2,263.36
2026-07-21,Boulder,Paper Filters,2,11.91
2026-07-21,Denver,Gooseneck Kettle,2,119.09
2026-07-21,Denver,Whole Bean 1kg,1,23.39
2026-07-21,Boulder,Gooseneck Kettle,1,56.74
2026-07-21,Denver,Gooseneck Kettle,2,111.5
2026-07-21,Denver,Whole Bean 1kg,1,24.94
2026-07-21,Denver,Burr Grinder,1,130.03
2026-07-21,Boulder,Whole Bean 1kg,1,23.46
2026-07-21,Fort Collins,Gooseneck Kettle,2,113.92
2026-07-21,Boulder,Burr Grinder,3,373.68
2026-07-21,Denver,Whole Bean 1kg,1,24.23
2026-07-21,Boulder,Whole Bean 1kg,2,47.42
2026-07-21,Boulder,Burr Grinder,3,393.11
2026-07-21,Boulder,Whole Bean 1kg,1,22.93
2026-07-21,Boulder,Espresso Machine,1,365.64
2026-07-21,Denver,Whole Bean 1kg,3,71.73
2026-07-21,Boulder,Gooseneck Kettle,3,175.43
2026-07-21,Denver,Paper Filters,1,6.01
2026-07-21,Boulder,Whole Bean 1kg,2,47.71
2026-07-21,Boulder,Espresso Machine,1,350.62
2026-07-21,Boulder,Gooseneck Kettle,1,61.62
2026-07-21,Boulder,Paper Filters,1,5.93
2026-07-21,Boulder,Paper Filters,2,11.8
2026-07-21,Denver,Gooseneck Kettle,2,111.81
2026-07-21,Denver,Whole Bean 1kg,1,24.08
2026-07-22,Boulder,Paper Filters,1,5.92
2026-07-22,Denver,Whole Bean 1kg,4,93.58
2026-07-22,Denver,Whole Bean 1kg,2,49.86
2026-07-22,Fort Collins,Whole Bean 1kg,2,46.8
2026-07-22,Boulder,Burr Grinder,1,132.61
2026-07-22,Denver,Whole Bean 1kg,1,23.15
2026-07-22,Fort Collins,Paper Filters,2,11.82
2026-07-22,Fort Collins,Whole Bean 1kg,2,48.68
2026-07-22,Denver,Whole Bean 1kg,2,48.0
2026-07-22,Denver,Whole Bean 1kg,1,23.77
2026-07-22,Denver,Whole Bean 1kg,2,47.68
2026-07-22,Denver,Whole Bean 1kg,1,24.06
2026-07-22,Fort Collins,Whole Bean 1kg,2,45.15
2026-07-22,Denver,Whole Bean 1kg,2,48.41
2026-07-22,Fort Collins,Whole Bean 1kg,2,49.74
2026-07-22,Denver,Paper Filters,3,18.46
2026-07-22,Fort Collins,Whole Bean 1kg,2,45.99
2026-07-22,Boulder,Burr Grinder,1,125.05
2026-07-22,Boulder,Whole Bean 1kg,2,50.16
2026-07-22,Denver,Whole Bean 1kg,1,24.53
2026-07-22,Denver,Burr Grinder,2,250.42
2026-07-22,Fort Collins,Whole Bean 1kg,2,46.23
2026-07-22,Boulder,Burr Grinder,2,260.59
2026-07-22,Fort Collins,Gooseneck Kettle,2,115.65
2026-07-22,Denver,Whole Bean 1kg,3,71.53
2026-07-22,Boulder,Espresso Machine,1,358.46
2026-07-22,Boulder,Gooseneck Kettle,1,58.48
2026-07-22,Fort Collins,Whole Bean 1kg,2,47.23
2026-07-23,Denver,Burr Grinder,2,268.65
2026-07-23,Boulder,Gooseneck Kettle,2,120.36
2026-07-23,Fort Collins,Espresso Machine,2,704.48
2026-07-23,Boulder,Burr Grinder,2,244.1
2026-07-23,Fort Collins,Whole Bean 1kg,1,23.58
2026-07-23,Fort Collins,Whole Bean 1kg,2,49.63
2026-07-23,Boulder,Espresso Machine,1,343.38
2026-07-23,Denver,Burr Grinder,2,258.96
2026-07-23,Boulder,Whole Bean 1kg,2,47.9
2026-07-23,Denver,Whole Bean 1kg,3,72.96
2026-07-23,Denver,Whole Bean 1kg,1,23.5
2026-07-23,Boulder,Paper Filters,2,11.48
2026-07-23,Fort Collins,Gooseneck Kettle,1,58.96
2026-07-23,Denver,Whole Bean 1kg,1,23.41
2026-07-23,Denver,Paper Filters,2,12.16
2026-07-23,Fort Collins,Whole Bean 1kg,2,50.81
2026-07-23,Denver,Paper Filters,1,6.12
2026-07-23,Denver,Whole Bean 1kg,1,24.12
2026-07-23,Boulder,Paper Filters,2,12.37
2026-07-23,Denver,Gooseneck Kettle,1,57.19
2026-07-23,Fort Collins,Paper Filters,1,6.19
2026-07-23,Boulder,Paper Filters,1,6.13
2026-07-23,Denver,Paper Filters,2,12.22
2026-07-23,Denver,Paper Filters,1,5.68
2026-07-23,Boulder,Paper Filters,3,18.09
2026-07-23,Denver,Whole Bean 1kg,3,71.41
2026-07-23,Fort Collins,Paper Filters,1,6.3
2026-07-23,Boulder,Paper Filters,4,24.06
2026-07-23,Fort Collins,Whole Bean 1kg,1,24.15
2026-07-23,Denver,Paper Filters,2,12.24
2026-07-23,Boulder,Whole Bean 1kg,3,69.83
2026-07-24,Denver,Paper Filters,2,12.34
2026-07-24,Boulder,Whole Bean 1kg,2,47.14
2026-07-24,Denver,Paper Filters,1,6.13
2026-07-24,Denver,Whole Bean 1kg,2,48.43
2026-07-24,Boulder,Whole Bean 1kg,3,71.23
2026-07-24,Boulder,Whole Bean 1kg,1,23.82
2026-07-24,Boulder,Whole Bean 1kg,2,47.83
2026-07-24,Denver,Whole Bean 1kg,1,24.24
2026-07-24,Denver,Espresso Machine,1,338.6
2026-07-24,Denver,Whole Bean 1kg,1,24.21
2026-07-24,Denver,Paper Filters,1,5.85
2026-07-24,Fort Collins,Burr Grinder,2,267.6
2026-07-24,Denver,Whole Bean 1kg,2,49.59
2026-07-24,Boulder,Paper Filters,1,6.14
2026-07-24,Boulder,Whole Bean 1kg,1,23.49
2026-07-24,Denver,Paper Filters,1,6.03
2026-07-24,Denver,Paper Filters,2,11.67
2026-07-24,Denver,Whole Bean 1kg,2,47.04
2026-07-24,Boulder,Whole Bean 1kg,2,48.0
2026-07-24,Denver,Whole Bean 1kg,1,24.18
2026-07-24,Denver,Paper Filters,2,11.51
2026-07-24,Denver,Whole Bean 1kg,3,73.32
2026-07-24,Boulder,Gooseneck Kettle,1,57.86
2026-07-24,Denver,Paper Filters,2,12.24
2026-07-24,Denver,Whole Bean 1kg,1,24.09
2026-07-24,Fort Collins,Whole Bean 1kg,1,24.45
2026-07-24,Boulder,Whole Bean 1kg,1,23.99
2026-07-24,Denver,Whole Bean 1kg,2,50.86
2026-07-24,Fort Collins,Espresso Machine,2,731.78
2026-07-24,Fort Collins,Espresso Machine,2,719.61
2026-07-24,Denver,Burr Grinder,2,263.77
2026-07-24,Fort Collins,Whole Bean 1kg,2,48.0
2026-07-24,Boulder,Espresso Machine,2,700.8
2026-07-24,Fort Collins,Whole Bean 1kg,2,45.93
2026-07-24,Boulder,Gooseneck Kettle,2,117.31
2026-07-24,Boulder,Gooseneck Kettle,3,179.91
2026-07-24,Denver,Whole Bean 1kg,2,47.76
2026-07-24,Denver,Paper Filters,2,12.1
2026-07-24,Fort Collins,Whole Bean 1kg,1,23.65
2026-07-24,Fort Collins,Whole Bean 1kg,1,23.64
2026-07-24,Fort Collins,Whole Bean 1kg,2,47.61
2026-07-24,Boulder,Whole Bean 1kg,2,47.72
2026-07-24,Boulder,Burr Grinder,2,259.98
2026-07-24,Boulder,Gooseneck Kettle,2,123.41
2026-07-24,Denver,Whole Bean 1kg,1,24.37
2026-07-24,Denver,Whole Bean 1kg,2,44.24
2026-07-24,Boulder,Gooseneck Kettle,1,62.46
2026-07-24,Boulder,Paper Filters,2,12.31
2026-07-24,Denver,Whole Bean 1kg,2,47.27
2026-07-24,Denver,Paper Filters,2,12.3
2026-07-24,Fort Collins,Burr Grinder,3,391.32
2026-07-24,Boulder,Gooseneck Kettle,1,58.33
2026-07-24,Denver,Gooseneck Kettle,1,58.58
2026-07-24,Boulder,Whole Bean 1kg,1,24.78
2026-07-24,Fort Collins,Whole Bean 1kg,1,24.98
2026-07-24,Fort Collins,Paper Filters,1,5.83
2026-07-24,Denver,Whole Bean 1kg,2,48.44
2026-07-25,Denver,Paper Filters,1,6.32
2026-07-25,Boulder,Gooseneck Kettle,1,61.99
2026-07-25,Denver,Paper Filters,2,12.31
2026-07-25,Denver,Whole Bean 1kg,1,23.74
2026-07-25,Fort Collins,Whole Bean 1kg,2,47.75
2026-07-25,Boulder,Paper Filters,2,11.58
2026-07-25,Denver,Paper Filters,1,6.05
2026-07-25,Fort Collins,Whole Bean 1kg,1,23.42
2026-07-25,Fort Collins,Burr Grinder,1,124.29
2026-07-25,Fort Collins,Burr Grinder,2,247.85
2026-07-25,Boulder,Burr Grinder,1,137.18
2026-07-25,Boulder,Whole Bean 1kg,2,47.19
2026-07-25,Denver,Whole Bean 1kg,1,23.0
2026-07-25,Denver,Whole Bean 1kg,2,48.2
2026-07-25,Denver,Paper Filters,1,5.94
2026-07-25,Boulder,Whole Bean 1kg,2,49.79
2026-07-25,Fort Collins,Burr Grinder,1,129.87
2026-07-25,Boulder,Whole Bean 1kg,2,47.28
2026-07-25,Denver,Paper Filters,2,12.05
2026-07-25,Fort Collins,Paper Filters,1,6.35
2026-07-25,Fort Collins,Paper Filters,2,12.1
2026-07-25,Denver,Whole Bean 1kg,1,23.66
2026-07-25,Boulder,Burr Grinder,1,114.46
2026-07-25,Fort Collins,Whole Bean 1kg,2,46.77
2026-07-25,Fort Collins,Whole Bean 1kg,2,44.71
2026-07-25,Denver,Espresso Machine,1,361.69
2026-07-25,Boulder,Whole Bean 1kg,3,67.87
2026-07-25,Denver,Burr Grinder,2,249.78
2026-07-25,Boulder,Paper Filters,1,5.83
2026-07-25,Denver,Whole Bean 1kg,4,89.77
2026-07-25,Boulder,Paper Filters,2,11.47
2026-07-25,Denver,Whole Bean 1kg,1,23.65
2026-07-25,Fort Collins,Whole Bean 1kg,1,23.8
2026-07-25,Boulder,Whole Bean 1kg,1,23.75
2026-07-25,Denver,Whole Bean 1kg,2,46.75
2026-07-25,Denver,Paper Filters,2,11.52
2026-07-25,Boulder,Gooseneck Kettle,1,62.95
2026-07-25,Fort Collins,Paper Filters,1,6.15
2026-07-25,Denver,Whole Bean 1kg,1,24.42
2026-07-25,Denver,Burr Grinder,2,255.82
2026-07-25,Fort Collins,Whole Bean 1kg,1,23.66
2026-07-25,Denver,Whole Bean 1kg,2,50.57
2026-07-25,Fort Collins,Burr Grinder,1,126.85
2026-07-25,Boulder,Whole Bean 1kg,3,76.34
2026-07-25,Boulder,Whole Bean 1kg,2,48.6
2026-07-25,Boulder,Espresso Machine,1,345.08
2026-07-25,Denver,Whole Bean 1kg,3,68.72
2026-07-25,Denver,Whole Bean 1kg,1,24.37
2026-07-25,Fort Collins,Whole Bean 1kg,2,47.99
2026-07-25,Denver,Whole Bean 1kg,1,25.29
2026-07-25,Denver,Whole Bean 1kg,1,23.02
2026-07-25,Fort Collins,Whole Bean 1kg,1,24.03
2026-07-25,Boulder,Whole Bean 1kg,1,23.93
2026-07-25,Denver,Whole Bean 1kg,2,49.89
2026-07-25,Fort Collins,Espresso Machine,2,681.62
2026-07-25,Boulder,Espresso Machine,2,696.02
2026-07-25,Denver,Burr Grinder,2,249.78
2026-07-25,Denver,Burr Grinder,2,256.6
2026-07-25,Fort Collins,Paper Filters,3,17.62
2026-07-25,Boulder,Whole Bean 1kg,1,24.81
2026-07-25,Denver,Whole Bean 1kg,2,48.53
2026-07-25,Boulder,Whole Bean 1kg,1,23.17
2026-07-25,Boulder,Whole Bean 1kg,2,48.68
2026-07-25,Fort Collins,Whole Bean 1kg,3,70.53
2026-07-25,Boulder,Whole Bean 1kg,1,25.78
2026-07-25,Denver,Whole Bean 1kg,2,49.84
2026-07-26,Denver,Whole Bean 1kg,1,24.5
2026-07-26,Denver,Paper Filters,3,17.83
2026-07-26,Boulder,Burr Grinder,2,257.45
2026-07-26,Denver,Whole Bean 1kg,2,49.51
2026-07-26,Denver,Gooseneck Kettle,3,175.96
2026-07-26,Boulder,Gooseneck Kettle,2,119.48
2026-07-26,Boulder,Espresso Machine,2,659.32
2026-07-26,Denver,Burr Grinder,3,401.65
2026-07-26,Boulder,Paper Filters,1,6.61
2026-07-26,Fort Collins,Whole Bean 1kg,2,44.88
2026-07-26,Fort Collins,Paper Filters,1,5.94
2026-07-26,Boulder,Whole Bean 1kg,1,23.73
2026-07-26,Boulder,Whole Bean 1kg,2,48.27
2026-07-26,Boulder,Espresso Machine,1,335.72
2026-07-26,Denver,Paper Filters,2,12.02
2026-07-26,Denver,Gooseneck Kettle,2,116.48
2026-07-26,Denver,Whole Bean 1kg,2,48.31
2026-07-26,Fort Collins,Paper Filters,4,23.79
2026-07-26,Fort Collins,Burr Grinder,2,253.63
2026-07-26,Denver,Whole Bean 1kg,3,71.89
2026-07-26,Denver,Espresso Machine,1,360.28
2026-07-26,Boulder,Paper Filters,1,6.21
2026-07-26,Fort Collins,Paper Filters,1,6.35
2026-07-26,Boulder,Whole Bean 1kg,1,23.99
2026-07-26,Denver,Whole Bean 1kg,3,77.18
2026-07-26,Boulder,Burr Grinder,1,130.29
2026-07-26,Boulder,Whole Bean 1kg,2,50.02
2026-07-26,Denver,Whole Bean 1kg,3,74.43
2026-07-26,Fort Collins,Espresso Machine,1,353.77
2026-07-26,Denver,Whole Bean 1kg,2,49.83
2026-07-26,Denver,Burr Grinder,1,123.25
2026-07-26,Denver,Whole Bean 1kg,2,46.51
2026-07-26,Boulder,Espresso Machine,2,728.65
2026-07-26,Denver,Whole Bean 1kg,1,23.36
2026-07-26,Denver,Whole Bean 1kg,2,50.44
2026-07-26,Boulder,Whole Bean 1kg,1,23.23
2026-07-26,Denver,Whole Bean 1kg,3,69.67
2026-07-26,Denver,Whole Bean 1kg,2,48.96
2026-07-26,Denver,Burr Grinder,1,129.34
2026-07-26,Boulder,Whole Bean 1kg,1,24.25
2026-07-26,Denver,Whole Bean 1kg,2,48.21
2026-07-26,Denver,Burr Grinder,2,249.23
2026-07-26,Denver,Whole Bean 1kg,1,24.88
2026-07-26,Denver,Whole Bean 1kg,2,48.92
2026-07-26,Boulder,Burr Grinder,2,254.88
2026-07-26,Denver,Whole Bean 1kg,2,47.74
2026-07-26,Fort Collins,Whole Bean 1kg,2,47.97
2026-07-26,Boulder,Whole Bean 1kg,3,75.71
2026-07-26,Fort Collins,Paper Filters,4,23.16
2026-07-26,Denver,Espresso Machine,2,724.11
2026-07-26,Denver,Paper Filters,2,12.14
2026-07-26,Denver,Espresso Machine,2,682.52
2026-07-27,Boulder,Burr Grinder,1,128.91
2026-07-27,Boulder,Burr Grinder,2,245.42
2026-07-27,Boulder,Burr Grinder,2,246.43
2026-07-27,Boulder,Paper Filters,3,17.96
2026-07-27,Fort Collins,Whole Bean 1kg,3,73.89
2026-07-27,Fort Collins,Whole Bean 1kg,1,23.6
2026-07-27,Denver,Whole Bean 1kg,2,49.95
2026-07-27,Fort Collins,Paper Filters,1,6.04
2026-07-27,Denver,Whole Bean 1kg,2,47.78
2026-07-27,Denver,Espresso Machine,2,686.83
2026-07-27,Boulder,Whole Bean 1kg,2,49.55
2026-07-27,Boulder,Paper Filters,2,12.0
2026-07-27,Boulder,Paper Filters,2,12.08
2026-07-27,Denver,Burr Grinder,1,129.09
2026-07-27,Boulder,Paper Filters,1,6.23
2026-07-27,Boulder,Espresso Machine,1,339.45
2026-07-27,Fort Collins,Whole Bean 1kg,1,25.06
2026-07-27,Fort Collins,Whole Bean 1kg,2,50.79
2026-07-27,Fort Collins,Whole Bean 1kg,2,51.31
2026-07-27,Fort Collins,Gooseneck Kettle,2,119.23
2026-07-27,Boulder,Whole Bean 1kg,2,45.17
2026-07-27,Fort Collins,Gooseneck Kettle,1,56.81
2026-07-27,Boulder,Burr Grinder,2,266.49
2026-07-27,Boulder,Burr Grinder,1,131.57
2026-07-27,Boulder,Paper Filters,1,6.01
2026-07-27,Boulder,Whole Bean 1kg,1,23.59
2026-07-27,Denver,Paper Filters,1,6.1
2026-07-27,Fort Collins,Espresso Machine,2,699.98
2026-07-27,Boulder,Whole Bean 1kg,3,73.4
2026-07-27,Denver,Whole Bean 1kg,1,23.54
2026-07-27,Boulder,Paper Filters,3,18.37
2026-07-27,Denver,Whole Bean 1kg,1,25.32
2026-07-27,Denver,Paper Filters,3,17.63
2026-07-27,Denver,Whole Bean 1kg,1,22.23
2026-07-27,Fort Collins,Whole Bean 1kg,1,23.19
2026-07-27,Denver,Whole Bean 1kg,1,22.7
2026-07-28,Fort Collins,Whole Bean 1kg,2,47.57
2026-07-28,Denver,Whole Bean 1kg,2,46.91
2026-07-28,Boulder,Gooseneck Kettle,2,119.83
2026-07-28,Denver,Paper Filters,1,5.78
2026-07-28,Denver,Whole Bean 1kg,1,23.94
2026-07-28,Denver,Espresso Machine,2,692.79
2026-07-28,Fort Collins,Whole Bean 1kg,2,48.69
2026-07-28,Fort Collins,Burr Grinder,1,128.58
2026-07-28,Boulder,Whole Bean 1kg,2,49.24
2026-07-28,Boulder,Whole Bean 1kg,1,23.45
2026-07-28,Fort Collins,Paper Filters,2,11.39
2026-07-28,Denver,Whole Bean 1kg,2,48.65
2026-07-28,Denver,Burr Grinder,2,261.47
2026-07-28,Denver,Whole Bean 1kg,3,71.34
2026-07-28,Denver,Paper Filters,2,11.77
2026-07-28,Denver,Whole Bean 1kg,3,74.38
2026-07-28,Fort Collins,Whole Bean 1kg,1,24.03
2026-07-28,Boulder,Gooseneck Kettle,1,60.14
2026-07-28,Fort Collins,Whole Bean 1kg,1,22.96
2026-07-28,Fort Collins,Whole Bean 1kg,1,23.97
2026-07-28,Denver,Espresso Machine,2,705.2
2026-07-29,Boulder,Gooseneck Kettle,2,119.48
2026-07-29,Denver,Burr Grinder,1,135.75
2026-07-29,Denver,Gooseneck Kettle,2,117.54
2026-07-29,Boulder,Gooseneck Kettle,1,58.23
2026-07-29,Boulder,Whole Bean 1kg,1,23.63
2026-07-29,Boulder,Whole Bean 1kg,2,48.69
2026-07-29,Denver,Whole Bean 1kg,2,49.52
2026-07-29,Denver,Whole Bean 1kg,2,46.21
2026-07-29,Fort Collins,Paper Filters,2,12.69
2026-07-29,Fort Collins,Whole Bean 1kg,2,48.47
2026-07-29,Denver,Paper Filters,1,5.92
2026-07-29,Denver,Whole Bean 1kg,1,24.19
2026-07-29,Denver,Whole Bean 1kg,2,48.53
2026-07-29,Denver,Gooseneck Kettle,2,126.31
2026-07-29,Boulder,Burr Grinder,1,131.85
2026-07-29,Denver,Paper Filters,1,6.02
2026-07-29,Denver,Whole Bean 1kg,1,24.57
2026-07-29,Fort Collins,Burr Grinder,2,258.28
2026-07-29,Denver,Gooseneck Kettle,1,59.01
2026-07-29,Denver,Paper Filters,2,11.81
2026-07-29,Fort Collins,Burr Grinder,1,128.88
2026-07-29,Boulder,Burr Grinder,1,128.15
2026-07-29,Fort Collins,Gooseneck Kettle,1,59.39
2026-07-29,Denver,Paper Filters,2,12.02
2026-07-29,Boulder,Whole Bean 1kg,1,23.89
2026-07-29,Denver,Burr Grinder,3,381.22
2026-07-29,Fort Collins,Paper Filters,2,11.75
2026-07-29,Fort Collins,Paper Filters,2,12.21
2026-07-29,Fort Collins,Paper Filters,2,11.62
2026-07-29,Boulder,Gooseneck Kettle,1,61.61
2026-07-29,Fort Collins,Burr Grinder,1,125.7
2026-07-29,Boulder,Burr Grinder,1,125.6
2026-07-29,Boulder,Whole Bean 1kg,2,48.52
2026-07-30,Denver,Gooseneck Kettle,2,112.76
2026-07-30,Fort Collins,Whole Bean 1kg,3,69.3
2026-07-30,Denver,Paper Filters,3,18.71
2026-07-30,Boulder,Whole Bean 1kg,1,24.34
2026-07-30,Denver,Whole Bean 1kg,2,46.33
2026-07-30,Boulder,Whole Bean 1kg,1,22.97
2026-07-30,Denver,Paper Filters,1,5.94
2026-07-30,Boulder,Burr Grinder,3,390.63
2026-07-30,Denver,Whole Bean 1kg,1,23.03
2026-07-30,Fort Collins,Whole Bean 1kg,2,50.37
2026-07-30,Fort Collins,Burr Grinder,2,247.12
2026-07-30,Denver,Burr Grinder,2,260.85
2026-07-30,Fort Collins,Gooseneck Kettle,2,116.83
2026-07-30,Fort Collins,Gooseneck Kettle,1,60.89
2026-07-30,Denver,Whole Bean 1kg,1,24.64
2026-07-30,Boulder,Paper Filters,1,6.08
2026-07-30,Boulder,Burr Grinder,1,133.64
2026-07-30,Denver,Paper Filters,3,17.46
2026-07-30,Boulder,Paper Filters,1,5.99
2026-07-30,Denver,Burr Grinder,1,126.01
2026-07-30,Denver,Espresso Machine,3,1012.59
2026-07-30,Fort Collins,Paper Filters,2,11.56
2026-07-30,Boulder,Gooseneck Kettle,1,59.32
2026-07-30,Denver,Paper Filters,1,5.82
2026-07-30,Boulder,Espresso Machine,3,1084.1
2026-07-30,Fort Collins,Paper Filters,2,12.07
2026-07-30,Denver,Whole Bean 1kg,2,48.0
2026-07-30,Fort Collins,Whole Bean 1kg,1,24.04
2026-07-30,Denver,Whole Bean 1kg,1,24.52
2026-07-30,Denver,Whole Bean 1kg,2,46.82
2026-07-30,Denver,Whole Bean 1kg,1,24.54
2026-07-30,Fort Collins,Whole Bean 1kg,1,24.87
2026-07-30,Fort Collins,Espresso Machine,2,674.89
2026-07-30,Fort Collins,Paper Filters,2,12.29
2026-07-30,Fort Collins,Espresso Machine,1,342.33
2026-07-30,Denver,Whole Bean 1kg,1,24.21
2026-07-30,Fort Collins,Whole Bean 1kg,1,24.68
2026-07-30,Boulder,Paper Filters,2,12.06
2026-07-30,Denver,Paper Filters,1,6.13
2026-07-30,Boulder,Paper Filters,1,5.82
2026-07-30,Fort Collins,Whole Bean 1kg,2,47.42
2026-07-30,Boulder,Whole Bean 1kg,1,24.9
2026-07-30,Fort Collins,Gooseneck Kettle,2,119.23
2026-07-30,Boulder,Gooseneck Kettle,1,58.04
2026-07-30,Fort Collins,Whole Bean 1kg,2,47.8
2026-07-30,Boulder,Burr Grinder,1,134.91
2026-07-31,Boulder,Whole Bean 1kg,1,25.05
2026-07-31,Fort Collins,Whole Bean 1kg,1,24.89
2026-07-31,Denver,Whole Bean 1kg,2,49.4
2026-07-31,Boulder,Whole Bean 1kg,1,24.62
2026-07-31,Denver,Whole Bean 1kg,1,25.4
2026-07-31,Denver,Paper Filters,1,6.14
2026-07-31,Boulder,Burr Grinder,2,258.56
2026-07-31,Denver,Whole Bean 1kg,3,73.05
2026-07-31,Denver,Burr Grinder,4,491.37
2026-07-31,Denver,Paper Filters,1,5.8
2026-07-31,Fort Collins,Espresso Machine,3,995.42
2026-07-31,Denver,Paper Filters,2,12.09
2026-07-31,Boulder,Whole Bean 1kg,2,50.24
2026-07-31,Denver,Paper Filters,1,6.2
2026-07-31,Fort Collins,Paper Filters,2,11.78
2026-07-31,Fort Collins,Whole Bean 1kg,1,23.94
2026-07-31,Denver,Espresso Machine,2,658.65
2026-07-31,Denver,Gooseneck Kettle,2,111.09
2026-07-31,Fort Collins,Whole Bean 1kg,1,25.07
2026-07-31,Denver,Paper Filters,2,12.09
2026-07-31,Boulder,Paper Filters,2,12.41
2026-07-31,Denver,Whole Bean 1kg,1,23.91
2026-07-31,Denver,Whole Bean 1kg,3,72.51
2026-07-31,Denver,Whole Bean 1kg,1,23.59
2026-07-31,Denver,Paper Filters,2,12.31
2026-07-31,Fort Collins,Whole Bean 1kg,2,47.92
2026-07-31,Boulder,Burr Grinder,1,127.98
2026-07-31,Fort Collins,Burr Grinder,1,133.44
2026-07-31,Denver,Whole Bean 1kg,1,23.96
2026-07-31,Denver,Espresso Machine,2,721.21
2026-07-31,Boulder,Whole Bean 1kg,2,50.17
2026-07-31,Boulder,Burr Grinder,2,236.29
2026-07-31,Boulder,Gooseneck Kettle,2,115.05
2026-07-31,Denver,Whole Bean 1kg,3,74.58
2026-07-31,Fort Collins,Whole Bean 1kg,2,49.87
2026-07-31,Boulder,Whole Bean 1kg,3,74.31
2026-07-31,Denver,Gooseneck Kettle,1,58.83
2026-07-31,Denver,Whole Bean 1kg,2,48.51
2026-07-31,Boulder,Whole Bean 1kg,2,49.43
2026-07-31,Fort Collins,Espresso Machine,3,1024.89
2026-07-31,Fort Collins,Whole Bean 1kg,1,23.45
2026-07-31,Boulder,Paper Filters,1,6.16
2026-07-31,Boulder,Paper Filters,1,6.02
2026-07-31,Denver,Espresso Machine,2,706.32
2026-07-31,Boulder,Paper Filters,1,6.02
2026-07-31,Fort Collins,Paper Filters,3,16.73
2026-07-31,Denver,Burr Grinder,2,261.5
2026-07-31,Denver,Whole Bean 1kg,2,49.26
2026-08-01,Denver,Espresso Machine,2,677.59
2026-08-01,Denver,Whole Bean 1kg,3,71.51
2026-08-01,Boulder,Paper Filters,1,6.06
2026-08-01,Fort Collins,Burr Grinder,2,250.25
2026-08-01,Fort Collins,Gooseneck Kettle,2,120.45
2026-08-01,Denver,Whole Bean 1kg,3,71.39
2026-08-01,Fort Collins,Paper Filters,1,5.75
2026-08-01,Denver,Whole Bean 1kg,1,22.89
2026-08-01,Denver,Whole Bean 1kg,3,70.34
2026-08-01,Fort Collins,Paper Filters,3,18.34
2026-08-01,Fort Collins,Whole Bean 1kg,2,48.17
2026-08-01,Boulder,Whole Bean 1kg,1,22.95
2026-08-01,Denver,Paper Filters,3,17.54
2026-08-01,Denver,Whole Bean 1kg,2,44.73
2026-08-01,Denver,Burr Grinder,1,131.06
2026-08-01,Boulder,Whole Bean 1kg,1,23.64
2026-08-01,Denver,Whole Bean 1kg,2,48.33
2026-08-01,Denver,Whole Bean 1kg,2,47.31
2026-08-01,Denver,Whole Bean 1kg,1,24.71
2026-08-01,Denver,Paper Filters,2,12.19
2026-08-01,Denver,Whole Bean 1kg,1,24.1
2026-08-01,Denver,Whole Bean 1kg,1,24.28
2026-08-01,Boulder,Whole Bean 1kg,1,24.79
2026-08-01,Denver,Whole Bean 1kg,3,73.69
2026-08-01,Boulder,Whole Bean 1kg,2,48.73
2026-08-01,Denver,Paper Filters,1,6.2
2026-08-01,Boulder,Whole Bean 1kg,2,46.91
2026-08-01,Denver,Burr Grinder,2,248.92
2026-08-01,Boulder,Whole Bean 1kg,1,23.81
2026-08-01,Boulder,Paper Filters,1,6.02
2026-08-01,Denver,Whole Bean 1kg,3,68.63
2026-08-01,Denver,Whole Bean 1kg,2,48.77
2026-08-01,Fort Collins,Whole Bean 1kg,3,71.54
2026-08-01,Denver,Gooseneck Kettle,2,117.16
2026-08-01,Boulder,Whole Bean 1kg,2,46.42
2026-08-01,Fort Collins,Burr Grinder,2,239.68
2026-08-01,Boulder,Paper Filters,1,6.06
2026-08-01,Denver,Gooseneck Kettle,4,240.51
2026-08-01,Denver,Whole Bean 1kg,1,24.48
2026-08-01,Boulder,Whole Bean 1kg,1,24.1
2026-08-01,Denver,Whole Bean 1kg,2,51.21
2026-08-01,Fort Collins,Gooseneck Kettle,1,58.57
2026-08-01,Boulder,Gooseneck Kettle,3,170.73
2026-08-01,Boulder,Whole Bean 1kg,1,23.4
2026-08-01,Boulder,Whole Bean 1kg,2,50.14
2026-08-01,Denver,Paper Filters,2,12.03
2026-08-01,Denver,Paper Filters,2,12.54
2026-08-01,Denver,Whole Bean 1kg,2,45.0
2026-08-01,Boulder,Burr Grinder,1,127.95
2026-08-01,Fort Collins,Whole Bean 1kg,2,48.32
2026-08-01,Boulder,Paper Filters,1,6.03
2026-08-01,Boulder,Whole Bean 1kg,1,23.98
2026-08-01,Denver,Whole Bean 1kg,1,23.12
2026-08-01,Fort Collins,Burr Grinder,2,272.45
2026-08-01,Denver,Gooseneck Kettle,2,115.03
2026-08-01,Fort Collins,Paper Filters,1,6.06
2026-08-01,Denver,Paper Filters,1,5.88
2026-08-01,Boulder,Burr Grinder,1,136.25
2026-08-01,Denver,Whole Bean 1kg,2,48.13
2026-08-01,Fort Collins,Whole Bean 1kg,2,47.73
2026-08-01,Denver,Gooseneck Kettle,2,119.9
2026-08-01,Boulder,Gooseneck Kettle,2,122.29
2026-08-01,Boulder,Espresso Machine,3,1043.45
2026-08-01,Denver,Paper Filters,2,12.07
2026-08-01,Fort Collins,Whole Bean 1kg,3,73.81
2026-08-01,Denver,Whole Bean 1kg,1,24.35
2026-08-01,Denver,Whole Bean 1kg,2,45.57
2026-08-01,Fort Collins,Whole Bean 1kg,2,49.59
2026-08-01,Denver,Whole Bean 1kg,1,23.03
2026-08-01,Denver,Whole Bean 1kg,1,22.37
2026-08-01,Boulder,Paper Filters,2,11.87
2026-08-01,Fort Collins,Whole Bean 1kg,3,71.9
2026-08-01,Denver,Burr Grinder,2,259.0
2026-08-01,Denver,Whole Bean 1kg,1,24.06
2026-08-01,Denver,Gooseneck Kettle,1,58.2
2026-08-01,Denver,Whole Bean 1kg,1,23.8
2026-08-01,Boulder,Paper Filters,1,5.83
2026-08-01,Fort Collins,Whole Bean 1kg,1,22.99
2026-08-01,Boulder,Espresso Machine,1,349.4
2026-08-01,Boulder,Espresso Machine,1,353.28
2026-08-02,Denver,Whole Bean 1kg,1,23.42
2026-08-02,Boulder,Burr Grinder,1,133.61
2026-08-02,Denver,Espresso Machine,2,738.56
2026-08-02,Denver,Whole Bean 1kg,1,23.09
2026-08-02,Denver,Whole Bean 1kg,2,47.2
2026-08-02,Fort Collins,Gooseneck Kettle,2,115.89
2026-08-02,Fort Collins,Paper Filters,1,6.41
2026-08-02,Denver,Espresso Machine,1,346.47
2026-08-02,Boulder,Whole Bean 1kg,1,23.01
2026-08-02,Boulder,Paper Filters,3,17.69
2026-08-02,Boulder,Whole Bean 1kg,1,24.07
2026-08-02,Denver,Whole Bean 1kg,2,50.15
2026-08-02,Denver,Espresso Machine,2,709.7
2026-08-02,Boulder,Paper Filters,1,6.1
2026-08-02,Fort Collins,Whole Bean 1kg,2,47.39
2026-08-02,Denver,Burr Grinder,2,263.66
2026-08-02,Fort Collins,Whole Bean 1kg,2,48.89
2026-08-02,Denver,Burr Grinder,1,126.86
2026-08-02,Fort Collins,Whole Bean 1kg,1,22.43
2026-08-02,Fort Collins,Whole Bean 1kg,1,23.26
2026-08-02,Boulder,Whole Bean 1kg,2,45.59
2026-08-02,Denver,Whole Bean 1kg,3,70.34
2026-08-02,Boulder,Paper Filters,3,17.74
2026-08-02,Denver,Whole Bean 1kg,1,23.96
2026-08-02,Boulder,Espresso Machine,2,686.73
2026-08-02,Denver,Whole Bean 1kg,2,47.71
2026-08-02,Denver,Gooseneck Kettle,1,59.23
2026-08-02,Denver,Whole Bean 1kg,1,24.2
2026-08-02,Denver,Burr Grinder,2,263.42
2026-08-02,Boulder,Whole Bean 1kg,1,24.79
2026-08-02,Denver,Espresso Machine,3,1075.65
2026-08-02,Boulder,Whole Bean 1kg,2,48.22
2026-08-02,Denver,Paper Filters,1,6.24
2026-08-02,Denver,Burr Grinder,2,256.77
2026-08-02,Fort Collins,Paper Filters,1,6.0
2026-08-02,Boulder,Gooseneck Kettle,1,57.71
2026-08-02,Boulder,Paper Filters,1,5.96
2026-08-02,Fort Collins,Paper Filters,3,18.47
2026-08-02,Fort Collins,Whole Bean 1kg,2,45.35
2026-08-02,Denver,Whole Bean 1kg,2,46.93
2026-08-02,Denver,Paper Filters,1,6.0
2026-08-02,Fort Collins,Whole Bean 1kg,2,49.22
2026-08-02,Boulder,Whole Bean 1kg,1,22.98
2026-08-02,Boulder,Paper Filters,1,5.9
2026-08-02,Denver,Gooseneck Kettle,1,61.51
2026-08-02,Denver,Paper Filters,2,12.56
2026-08-02,Boulder,Whole Bean 1kg,1,24.31
2026-08-02,Fort Collins,Espresso Machine,1,355.47
2026-08-02,Fort Collins,Burr Grinder,2,241.21
2026-08-02,Denver,Paper Filters,2,11.56
2026-08-02,Boulder,Burr Grinder,2,259.77
2026-08-02,Boulder,Whole Bean 1kg,2,47.51
2026-08-02,Denver,Whole Bean 1kg,3,68.62
2026-08-02,Denver,Whole Bean 1kg,2,49.5
2026-08-02,Fort Collins,Espresso Machine,2,687.81
2026-08-02,Boulder,Whole Bean 1kg,1,24.54
2026-08-02,Denver,Whole Bean 1kg,2,44.79
2026-08-02,Boulder,Whole Bean 1kg,1,24.49
2026-08-02,Denver,Gooseneck Kettle,2,112.06
2026-08-02,Denver,Whole Bean 1kg,1,24.34
2026-08-02,Boulder,Whole Bean 1kg,2,50.78
2026-08-02,Denver,Whole Bean 1kg,2,45.68
2026-08-02,Denver,Whole Bean 1kg,1,24.75
2026-08-02,Denver,Gooseneck Kettle,2,126.55
2026-08-03,Denver,Whole Bean 1kg,2,48.57
2026-08-03,Denver,Whole Bean 1kg,3,72.41
2026-08-03,Boulder,Burr Grinder,1,120.08
2026-08-03,Boulder,Gooseneck Kettle,1,55.39
2026-08-03,Boulder,Whole Bean 1kg,2,46.93
2026-08-03,Denver,Whole Bean 1kg,1,24.3
2026-08-03,Boulder,Espresso Machine,1,332.39
2026-08-03,Fort Collins,Whole Bean 1kg,3,70.13
2026-08-03,Denver,Paper Filters,1,5.85
2026-08-03,Denver,Whole Bean 1kg,2,47.81
2026-08-03,Boulder,Whole Bean 1kg,1,22.01
2026-08-03,Denver,Whole Bean 1kg,3,75.0
2026-08-03,Fort Collins,Whole Bean 1kg,1,24.39
2026-08-03,Denver,Whole Bean 1kg,1,23.22
2026-08-03,Denver,Espresso Machine,2,677.2
2026-08-03,Fort Collins,Gooseneck Kettle,2,116.51
2026-08-03,Denver,Espresso Machine,1,349.74
2026-08-03,Denver,Espresso Machine,2,715.73
2026-08-03,Boulder,Burr Grinder,2,267.92
2026-08-03,Denver,Whole Bean 1kg,2,50.46
2026-08-03,Boulder,Paper Filters,2,12.38
2026-08-03,Boulder,Espresso Machine,1,339.43
2026-08-03,Boulder,Whole Bean 1kg,1,23.39
2026-08-03,Denver,Burr Grinder,1,123.19
2026-08-03,Fort Collins,Paper Filters,1,6.28
2026-08-03,Denver,Paper Filters,1,6.0
2026-08-03,Boulder,Whole Bean 1kg,2,48.73
2026-08-03,Boulder,Espresso Machine,2,700.13
2026-08-03,Fort Collins,Espresso Machine,1,345.75
2026-08-03,Fort Collins,Paper Filters,1,5.86
2026-08-03,Denver,Espresso Machine,1,362.98
2026-08-03,Denver,Paper Filters,2,11.62
2026-08-03,Denver,Whole Bean 1kg,2,49.02
2026-08-03,Denver,Whole Bean 1kg,3,69.03
2026-08-03,Boulder,Whole Bean 1kg,2,48.86
2026-08-03,Denver,Paper Filters,3,18.16
2026-08-03,Denver,Gooseneck Kettle,2,119.88
2026-08-03,Boulder,Burr Grinder,2,257.2
2026-08-04,Denver,Whole Bean 1kg,2,46.32
2026-08-04,Denver,Whole Bean 1kg,2,49.44
2026-08-04,Boulder,Paper Filters,3,18.63
2026-08-04,Boulder,Espresso Machine,3,1057.43
2026-08-04,Fort Collins,Whole Bean 1kg,1,24.83
2026-08-04,Fort Collins,Whole Bean 1kg,1,24.27
2026-08-04,Denver,Paper Filters,1,6.39
2026-08-04,Boulder,Gooseneck Kettle,1,59.65
2026-08-04,Boulder,Paper Filters,1,5.74
2026-08-04,Fort Collins,Whole Bean 1kg,1,23.34
2026-08-04,Denver,Whole Bean 1kg,1,24.39
2026-08-04,Denver,Whole Bean 1kg,2,47.27
2026-08-04,Denver,Whole Bean 1kg,1,23.88
2026-08-04,Denver,Burr Grinder,2,265.06
2026-08-04,Boulder,Whole Bean 1kg,1,24.07
2026-08-04,Denver,Whole Bean 1kg,2,47.04
2026-08-04,Boulder,Whole Bean 1kg,2,46.96
2026-08-04,Fort Collins,Paper Filters,1,6.28
2026-08-04,Denver,Whole Bean 1kg,2,47.88
2026-08-04,Fort Collins,Burr Grinder,3,371.24
2026-08-04,Denver,Whole Bean 1kg,1,23.96
2026-08-04,Denver,Espresso Machine,1,342.29
2026-08-04,Fort Collins,Whole Bean 1kg,2,48.55
2026-08-04,Denver,Whole Bean 1kg,1,23.89
2026-08-04,Fort Collins,Gooseneck Kettle,2,121.87
2026-08-04,Denver,Burr Grinder,1,130.72
2026-08-04,Denver,Gooseneck Kettle,1,58.4
2026-08-04,Denver,Whole Bean 1kg,2,47.14
2026-08-04,Denver,Paper Filters,2,11.54
2026-08-04,Denver,Paper Filters,2,11.94
2026-08-04,Denver,Whole Bean 1kg,3,68.19
2026-08-04,Boulder,Burr Grinder,3,376.86
2026-08-04,Denver,Whole Bean 1kg,3,66.47
2026-08-04,Denver,Whole Bean 1kg,1,24.41
2026-08-05,Fort Collins,Whole Bean 1kg,3,75.04
2026-08-05,Denver,Paper Filters,1,6.22
2026-08-05,Denver,Whole Bean 1kg,3,70.14
2026-08-05,Denver,Burr Grinder,1,127.5
2026-08-05,Denver,Whole Bean 1kg,1,23.61
2026-08-05,Denver,Paper Filters,1,6.2
2026-08-05,Fort Collins,Espresso Machine,1,345.77
2026-08-05,Denver,Gooseneck Kettle,1,58.71
2026-08-05,Boulder,Whole Bean 1kg,2,47.77
2026-08-05,Boulder,Whole Bean 1kg,2,46.5
2026-08-05,Boulder,Whole Bean 1kg,2,45.68
2026-08-05,Boulder,Whole Bean 1kg,1,24.33
2026-08-05,Denver,Burr Grinder,1,135.64
2026-08-05,Boulder,Whole Bean 1kg,1,24.98
2026-08-05,Boulder,Whole Bean 1kg,2,47.67
2026-08-05,Boulder,Espresso Machine,2,725.37
2026-08-05,Denver,Paper Filters,1,5.98
2026-08-05,Denver,Whole Bean 1kg,2,49.11
2026-08-05,Fort Collins,Paper Filters,1,6.04
2026-08-05,Boulder,Espresso Machine,2,715.53
2026-08-05,Denver,Whole Bean 1kg,1,23.73
2026-08-05,Boulder,Whole Bean 1kg,1,23.57
2026-08-05,Fort Collins,Whole Bean 1kg,1,24.27
2026-08-05,Denver,Paper Filters,1,6.14
2026-08-05,Denver,Whole Bean 1kg,1,24.46
2026-08-05,Boulder,Whole Bean 1kg,1,24.16
2026-08-05,Boulder,Paper Filters,1,5.99
2026-08-05,Boulder,Gooseneck Kettle,1,58.84
2026-08-05,Denver,Whole Bean 1kg,1,23.65
2026-08-05,Fort Collins,Burr Grinder,1,129.75
2026-08-05,Boulder,Whole Bean 1kg,2,46.43
2026-08-05,Denver,Whole Bean 1kg,3,73.84
2026-08-05,Denver,Whole Bean 1kg,1,24.67
2026-08-06,Fort Collins,Burr Grinder,3,371.19
2026-08-06,Boulder,Whole Bean 1kg,1,23.61
2026-08-06,Denver,Paper Filters,2,11.78
2026-08-06,Boulder,Paper Filters,1,5.92
2026-08-06,Boulder,Espresso Machine,1,357.13
2026-08-06,Denver,Whole Bean 1kg,2,50.3
2026-08-06,Boulder,Whole Bean 1kg,2,48.52
2026-08-06,Denver,Whole Bean 1kg,1,23.99
2026-08-06,Denver,Whole Bean 1kg,1,23.98
2026-08-06,Denver,Paper Filters,1,6.22
2026-08-06,Fort Collins,Gooseneck Kettle,2,121.55
2026-08-06,Fort Collins,Whole Bean 1kg,2,48.25
2026-08-06,Denver,Whole Bean 1kg,2,51.14
2026-08-06,Boulder,Burr Grinder,2,259.23
2026-08-06,Denver,Whole Bean 1kg,1,22.96
2026-08-06,Boulder,Paper Filters,1,5.8
2026-08-06,Boulder,Paper Filters,1,6.01
2026-08-06,Denver,Gooseneck Kettle,2,118.78
2026-08-06,Fort Collins,Whole Bean 1kg,3,72.19
2026-08-06,Denver,Whole Bean 1kg,3,75.06
2026-08-06,Fort Collins,Gooseneck Kettle,1,61.09
2026-08-06,Boulder,Paper Filters,1,6.26
2026-08-06,Fort Collins,Whole Bean 1kg,2,46.96
2026-08-06,Denver,Whole Bean 1kg,3,71.26
2026-08-06,Boulder,Whole Bean 1kg,2,47.0
2026-08-06,Denver,Whole Bean 1kg,1,25.09
2026-08-06,Boulder,Whole Bean 1kg,1,24.77
2026-08-06,Boulder,Whole Bean 1kg,2,46.49
2026-08-06,Denver,Espresso Machine,1,347.72
2026-08-06,Fort Collins,Paper Filters,1,6.06
2026-08-06,Denver,Paper Filters,1,5.99
2026-08-06,Denver,Whole Bean 1kg,1,24.27
2026-08-06,Boulder,Gooseneck Kettle,2,119.91
2026-08-06,Boulder,Burr Grinder,2,257.28
2026-08-06,Boulder,Espresso Machine,1,381.05
2026-08-06,Denver,Paper Filters,2,11.8
2026-08-07,Boulder,Whole Bean 1kg,3,70.05
2026-08-07,Denver,Whole Bean 1kg,1,24.09
2026-08-07,Boulder,Burr Grinder,1,131.16
2026-08-07,Boulder,Burr Grinder,1,129.77
2026-08-07,Fort Collins,Whole Bean 1kg,2,47.31
2026-08-07,Fort Collins,Whole Bean 1kg,2,49.26
2026-08-07,Denver,Paper Filters,1,5.67
2026-08-07,Denver,Whole Bean 1kg,1,24.41
2026-08-07,Denver,Whole Bean 1kg,2,48.38
2026-08-07,Fort Collins,Espresso Machine,2,719.72
2026-08-07,Fort Collins,Whole Bean 1kg,2,47.75
2026-08-07,Denver,Burr Grinder,1,124.61
2026-08-07,Boulder,Whole Bean 1kg,1,23.75
2026-08-07,Boulder,Whole Bean 1kg,1,24.54
2026-08-07,Boulder,Gooseneck Kettle,2,113.35
2026-08-07,Denver,Espresso Machine,1,359.19
2026-08-07,Boulder,Whole Bean 1kg,3,72.13
2026-08-07,Boulder,Paper Filters,2,12.11
2026-08-07,Boulder,Burr Grinder,2,265.62
2026-08-07,Fort Collins,Gooseneck Kettle,1,58.64
2026-08-07,Denver,Whole Bean 1kg,2,48.87
2026-08-07,Boulder,Gooseneck Kettle,3,175.26
2026-08-07,Boulder,Gooseneck Kettle,2,122.15
2026-08-07,Denver,Whole Bean 1kg,1,23.97
2026-08-07,Denver,Burr Grinder,1,123.03
2026-08-07,Denver,Paper Filters,2,12.03
2026-08-07,Denver,Burr Grinder,1,128.55
2026-08-07,Denver,Whole Bean 1kg,1,23.48
2026-08-07,Boulder,Whole Bean 1kg,2,48.67
2026-08-07,Denver,Gooseneck Kettle,2,112.16
2026-08-07,Boulder,Paper Filters,2,12.05
2026-08-07,Boulder,Espresso Machine,1,340.5
2026-08-07,Fort Collins,Espresso Machine,1,336.38
2026-08-07,Denver,Paper Filters,2,12.85
2026-08-07,Boulder,Paper Filters,1,6.07
2026-08-07,Denver,Burr Grinder,2,252.64
2026-08-07,Boulder,Burr Grinder,1,131.01
2026-08-07,Boulder,Paper Filters,2,12.76
2026-08-07,Boulder,Gooseneck Kettle,3,180.32
2026-08-07,Denver,Burr Grinder,3,383.77
2026-08-07,Denver,Whole Bean 1kg,2,49.38
2026-08-07,Denver,Gooseneck Kettle,2,117.62
2026-08-07,Fort Collins,Whole Bean 1kg,1,24.05
2026-08-07,Fort Collins,Espresso Machine,1,340.15
2026-08-07,Boulder,Burr Grinder,2,264.41
2026-08-07,Denver,Whole Bean 1kg,2,47.37
2026-08-07,Boulder,Whole Bean 1kg,2,47.48
2026-08-07,Boulder,Paper Filters,2,12.34
2026-08-07,Denver,Burr Grinder,3,395.45
2026-08-07,Boulder,Burr Grinder,2,259.63
2026-08-08,Boulder,Whole Bean 1kg,2,50.6
2026-08-08,Boulder,Burr Grinder,1,126.78
2026-08-08,Denver,Paper Filters,2,12.18
2026-08-08,Denver,Gooseneck Kettle,2,115.56
2026-08-08,Denver,Espresso Machine,2,708.06
2026-08-08,Boulder,Whole Bean 1kg,1,25.69
2026-08-08,Denver,Whole Bean 1kg,2,47.58
2026-08-08,Denver,Whole Bean 1kg,1,23.25
2026-08-08,Boulder,Whole Bean 1kg,2,49.21
2026-08-08,Denver,Burr Grinder,1,129.76
2026-08-08,Fort Collins,Whole Bean 1kg,2,47.82
2026-08-08,Boulder,Whole Bean 1kg,2,49.5
2026-08-08,Boulder,Whole Bean 1kg,1,24.23
2026-08-08,Denver,Whole Bean 1kg,1,23.81
2026-08-08,Boulder,Paper Filters,1,5.66
2026-08-08,Denver,Whole Bean 1kg,2,47.72
2026-08-08,Denver,Espresso Machine,2,702.33
2026-08-08,Boulder,Paper Filters,3,17.74
2026-08-08,Boulder,Paper Filters,2,12.02
2026-08-08,Denver,Burr Grinder,1,121.23
2026-08-08,Boulder,Whole Bean 1kg,2,49.83
2026-08-08,Boulder,Espresso Machine,2,730.74
2026-08-08,Fort Collins,Whole Bean 1kg,2,45.52
2026-08-08,Denver,Whole Bean 1kg,3,71.62
2026-08-08,Denver,Burr Grinder,1,131.6
2026-08-08,Denver,Paper Filters,1,6.04
2026-08-08,Boulder,Whole Bean 1kg,3,69.59
2026-08-08,Boulder,Whole Bean 1kg,1,23.52
2026-08-08,Boulder,Burr Grinder,3,375.36
2026-08-08,Denver,Whole Bean 1kg,1,22.78
2026-08-08,Denver,Paper Filters,1,6.16
2026-08-08,Denver,Paper Filters,3,18.9
2026-08-08,Denver,Paper Filters,1,5.94
2026-08-08,Denver,Whole Bean 1kg,2,48.2
2026-08-08,Denver,Whole Bean 1kg,2,47.12
2026-08-08,Denver,Whole Bean 1kg,2,47.07
2026-08-08,Denver,Whole Bean 1kg,1,23.93
2026-08-08,Denver,Paper Filters,3,17.14
2026-08-08,Boulder,Espresso Machine,1,359.56
2026-08-08,Denver,Burr Grinder,2,259.51
2026-08-08,Denver,Gooseneck Kettle,1,59.18
2026-08-08,Boulder,Whole Bean 1kg,2,50.93
2026-08-08,Fort Collins,Whole Bean 1kg,1,24.87
2026-08-08,Fort Collins,Whole Bean 1kg,1,24.06
2026-08-08,Fort Collins,Whole Bean 1kg,3,72.97
2026-08-08,Boulder,Whole Bean 1kg,3,67.92
2026-08-08,Boulder,Paper Filters,2,11.89
2026-08-08,Fort Collins,Whole Bean 1kg,2,48.87
2026-08-08,Denver,Gooseneck Kettle,2,121.33
2026-08-08,Denver,Espresso Machine,3,1064.29
2026-08-08,Fort Collins,Espresso Machine,3,1015.77
2026-08-08,Denver,Gooseneck Kettle,2,113.52
2026-08-08,Fort Collins,Whole Bean 1kg,4,91.98
2026-08-08,Boulder,Paper Filters,4,24.5
2026-08-08,Fort Collins,Whole Bean 1kg,2,45.96
2026-08-08,Denver,Burr Grinder,1,127.77
2026-08-08,Denver,Whole Bean 1kg,2,47.06
2026-08-08,Boulder,Burr Grinder,1,132.1
2026-08-08,Denver,Gooseneck Kettle,1,59.75
2026-08-08,Boulder,Whole Bean 1kg,3,71.88
2026-08-08,Denver,Whole Bean 1kg,1,23.62
2026-08-08,Denver,Whole Bean 1kg,1,25.08
2026-08-08,Fort Collins,Burr Grinder,1,125.82
2026-08-08,Fort Collins,Paper Filters,2,11.6
2026-08-08,Boulder,Burr Grinder,3,382.55
2026-08-08,Denver,Whole Bean 1kg,1,24.11
2026-08-08,Fort Collins,Gooseneck Kettle,1,57.64
2026-08-08,Denver,Paper Filters,2,11.31
2026-08-08,Fort Collins,Gooseneck Kettle,1,61.14
2026-08-08,Boulder,Whole Bean 1kg,4,95.27
2026-08-08,Denver,Whole Bean 1kg,1,25.01
2026-08-08,Denver,Burr Grinder,2,263.37
2026-08-08,Denver,Whole Bean 1kg,1,23.84
2026-08-08,Boulder,Burr Grinder,1,125.93
2026-08-08,Boulder,Espresso Machine,2,704.34
2026-08-08,Boulder,Whole Bean 1kg,1,22.65
2026-08-08,Denver,Whole Bean 1kg,1,24.21
2026-08-08,Denver,Burr Grinder,1,129.71
2026-08-08,Fort Collins,Burr Grinder,2,243.08
2026-08-08,Fort Collins,Gooseneck Kettle,1,60.88
2026-08-08,Denver,Paper Filters,2,12.07
2026-08-08,Boulder,Whole Bean 1kg,1,24.46
2026-08-08,Boulder,Gooseneck Kettle,1,61.26
2026-08-09,Denver,Whole Bean 1kg,2,48.1
2026-08-09,Denver,Whole Bean 1kg,4,97.8
2026-08-09,Boulder,Paper Filters,1,5.96
2026-08-09,Fort Collins,Paper Filters,1,6.08
2026-08-09,Denver,Whole Bean 1kg,3,70.64
2026-08-09,Denver,Whole Bean 1kg,3,73.94
2026-08-09,Denver,Whole Bean 1kg,2,46.83
2026-08-09,Denver,Whole Bean 1kg,3,73.6
2026-08-09,Denver,Burr Grinder,1,140.61
2026-08-09,Denver,Whole Bean 1kg,3,70.72
2026-08-09,Denver,Whole Bean 1kg,2,44.36
2026-08-09,Denver,Burr Grinder,1,131.16
2026-08-09,Denver,Paper Filters,1,6.36
2026-08-09,Denver,Whole Bean 1kg,1,24.07
2026-08-09,Boulder,Paper Filters,2,11.99
2026-08-09,Denver,Paper Filters,2,11.6
2026-08-09,Boulder,Whole Bean 1kg,2,48.07
2026-08-09,Fort Collins,Whole Bean 1kg,1,23.45
2026-08-09,Fort Collins,Paper Filters,2,12.1
2026-08-09,Boulder,Espresso Machine,2,687.67
2026-08-09,Fort Collins,Whole Bean 1kg,2,49.77
2026-08-09,Denver,Gooseneck Kettle,2,118.05
2026-08-09,Denver,Burr Grinder,2,248.23
2026-08-09,Denver,Whole Bean 1kg,1,23.44
2026-08-09,Boulder,Paper Filters,2,12.09
2026-08-09,Boulder,Burr Grinder,1,130.09
2026-08-09,Fort Collins,Whole Bean 1kg,2,49.63
2026-08-09,Fort Collins,Whole Bean 1kg,2,47.5
2026-08-09,Denver,Whole Bean 1kg,2,47.9
2026-08-09,Fort Collins,Whole Bean 1kg,1,23.97
2026-08-09,Fort Collins,Paper Filters,1,6.11
2026-08-09,Denver,Paper Filters,1,6.11
2026-08-09,Denver,Paper Filters,1,5.91
2026-08-09,Denver,Whole Bean 1kg,2,45.7
2026-08-09,Denver,Paper Filters,2,11.94
2026-08-09,Boulder,Paper Filters,2,11.47
2026-08-09,Denver,Gooseneck Kettle,2,114.75
2026-08-09,Denver,Gooseneck Kettle,2,119.63
2026-08-09,Boulder,Whole Bean 1kg,1,24.23
2026-08-09,Denver,Whole Bean 1kg,2,47.3
2026-08-09,Denver,Paper Filters,1,6.06
2026-08-09,Denver,Espresso Machine,2,705.35
2026-08-09,Boulder,Paper Filters,1,5.97
2026-08-09,Boulder,Gooseneck Kettle,1,58.81
2026-08-09,Fort Collins,Burr Grinder,4,530.37
2026-08-09,Denver,Gooseneck Kettle,1,60.32
2026-08-09,Boulder,Whole Bean 1kg,1,22.89
2026-08-09,Boulder,Paper Filters,1,5.83
2026-08-09,Denver,Whole Bean 1kg,1,24.67
2026-08-09,Denver,Espresso Machine,1,354.55
2026-08-09,Fort Collins,Espresso Machine,2,679.79
2026-08-09,Denver,Paper Filters,2,12.82
2026-08-09,Denver,Paper Filters,1,6.22
2026-08-10,Fort Collins,Burr Grinder,3,405.56
2026-08-10,Denver,Paper Filters,1,5.85
2026-08-10,Boulder,Paper Filters,1,5.97
2026-08-10,Denver,Whole Bean 1kg,3,71.13
2026-08-10,Denver,Paper Filters,1,6.03
2026-08-10,Boulder,Paper Filters,2,12.04
2026-08-10,Denver,Burr Grinder,1,133.84
2026-08-10,Denver,Whole Bean 1kg,2,49.28
2026-08-10,Boulder,Gooseneck Kettle,1,57.8
2026-08-10,Denver,Whole Bean 1kg,1,24.37
2026-08-10,Denver,Paper Filters,2,11.73
2026-08-10,Boulder,Gooseneck Kettle,1,62.29
2026-08-10,Boulder,Paper Filters,2,11.5
2026-08-10,Fort Collins,Whole Bean 1kg,1,24.8
2026-08-10,Denver,Whole Bean 1kg,2,48.17
2026-08-10,Fort Collins,Whole Bean 1kg,3,72.86
2026-08-10,Boulder,Whole Bean 1kg,1,24.6
2026-08-10,Boulder,Paper Filters,1,6.01
2026-08-10,Fort Collins,Whole Bean 1kg,1,24.13
2026-08-10,Denver,Whole Bean 1kg,2,46.72
2026-08-10,Boulder,Whole Bean 1kg,1,23.78
2026-08-10,Denver,Whole Bean 1kg,3,70.97
2026-08-10,Fort Collins,Burr Grinder,3,387.42
2026-08-10,Denver,Whole Bean 1kg,1,23.66
2026-08-10,Denver,Whole Bean 1kg,2,47.4
2026-08-10,Fort Collins,Whole Bean 1kg,1,23.39
2026-08-10,Fort Collins,Paper Filters,1,5.74
2026-08-10,Fort Collins,Whole Bean 1kg,1,24.45
2026-08-10,Denver,Burr Grinder,1,131.84
2026-08-10,Denver,Whole Bean 1kg,1,24.34
2026-08-10,Fort Collins,Whole Bean 1kg,3,73.77
2026-08-10,Boulder,Espresso Machine,2,697.59
2026-08-11,Boulder,Paper Filters,2,12.0
2026-08-11,Fort Collins,Paper Filters,2,11.63
2026-08-11,Boulder,Whole Bean 1kg,2,46.57
2026-08-11,Boulder,Whole Bean 1kg,1,24.62
2026-08-11,Denver,Paper Filters,1,5.82
2026-08-11,Denver,Paper Filters,1,6.12
2026-08-11,Denver,Gooseneck Kettle,3,181.22
2026-08-11,Fort Collins,Whole Bean 1kg,1,23.86
2026-08-11,Denver,Paper Filters,3,18.22
2026-08-11,Boulder,Paper Filters,1,6.06
2026-08-11,Fort Collins,Whole Bean 1kg,2,48.43
2026-08-11,Denver,Burr Grinder,1,130.46
2026-08-11,Boulder,Burr Grinder,2,264.47
2026-08-11,Fort Collins,Whole Bean 1kg,1,25.16
2026-08-11,Denver,Whole Bean 1kg,2,49.46
2026-08-11,Denver,Whole Bean 1kg,1,23.82
2026-08-11,Boulder,Burr Grinder,1,128.98
2026-08-11,Denver,Whole Bean 1kg,2,49.99
2026-08-11,Denver,Whole Bean 1kg,1,23.18
2026-08-11,Denver,Paper Filters,2,12.55
2026-08-11,Fort Collins,Paper Filters,2,11.79
2026-08-11,Fort Collins,Paper Filters,3,18.83
2026-08-11,Boulder,Espresso Machine,2,696.89
2026-08-11,Boulder,Whole Bean 1kg,1,23.54
2026-08-11,Boulder,Burr Grinder,2,265.13
2026-08-11,Fort Collins,Paper Filters,2,11.83
2026-08-12,Denver,Burr Grinder,2,264.05
2026-08-12,Boulder,Burr Grinder,2,252.35
2026-08-12,Fort Collins,Whole Bean 1kg,3,72.25
2026-08-12,Denver,Paper Filters,1,6.02
2026-08-12,Boulder,Paper Filters,3,17.68
2026-08-12,Boulder,Whole Bean 1kg,1,23.5
2026-08-12,Denver,Paper Filters,2,11.78
2026-08-12,Denver,Whole Bean 1kg,1,24.67
2026-08-12,Boulder,Whole Bean 1kg,3,72.54
2026-08-12,Boulder,Whole Bean 1kg,1,24.01
2026-08-12,Denver,Whole Bean 1kg,1,24.36
2026-08-12,Denver,Whole Bean 1kg,1,23.06
2026-08-12,Denver,Whole Bean 1kg,2,46.4
2026-08-12,Boulder,Paper Filters,1,5.63
2026-08-12,Fort Collins,Burr Grinder,3,377.77
2026-08-12,Denver,Whole Bean 1kg,2,46.21
2026-08-12,Denver,Whole Bean 1kg,1,23.66
2026-08-12,Boulder,Whole Bean 1kg,2,51.61
2026-08-12,Denver,Paper Filters,2,12.07
2026-08-12,Fort Collins,Espresso Machine,4,1423.84
2026-08-12,Fort Collins,Whole Bean 1kg,1,24.52
2026-08-12,Boulder,Espresso Machine,1,357.24
2026-08-12,Denver,Whole Bean 1kg,2,47.13
2026-08-12,Denver,Gooseneck Kettle,1,59.99
2026-08-12,Denver,Burr Grinder,3,393.01
2026-08-12,Boulder,Whole Bean 1kg,1,23.65
2026-08-12,Denver,Paper Filters,1,5.79
2026-08-12,Denver,Whole Bean 1kg,1,24.43
2026-08-12,Boulder,Whole Bean 1kg,2,45.94
2026-08-12,Denver,Burr Grinder,2,257.13
2026-08-12,Boulder,Gooseneck Kettle,1,61.5
2026-08-12,Denver,Whole Bean 1kg,2,47.7
2026-08-12,Boulder,Whole Bean 1kg,2,47.14
2026-08-12,Denver,Whole Bean 1kg,2,49.21
2026-08-12,Denver,Paper Filters,1,5.95
2026-08-12,Denver,Paper Filters,3,17.85
2026-08-12,Fort Collins,Gooseneck Kettle,2,123.7
2026-08-12,Boulder,Paper Filters,1,6.29
2026-08-12,Fort Collins,Burr Grinder,2,260.77
2026-08-13,Boulder,Burr Grinder,1,136.12
2026-08-13,Boulder,Whole Bean 1kg,2,46.48
2026-08-13,Denver,Whole Bean 1kg,2,46.8
2026-08-13,Boulder,Whole Bean 1kg,1,24.47
2026-08-13,Denver,Whole Bean 1kg,1,24.09
2026-08-13,Boulder,Burr Grinder,1,134.86
2026-08-13,Boulder,Whole Bean 1kg,3,68.65
2026-08-13,Boulder,Burr Grinder,1,126.4
2026-08-13,Boulder,Paper Filters,2,12.28
2026-08-13,Boulder,Espresso Machine,2,693.66
2026-08-13,Fort Collins,Whole Bean 1kg,1,25.01
2026-08-13,Denver,Burr Grinder,1,129.45
2026-08-13,Denver,Whole Bean 1kg,3,75.29
2026-08-13,Boulder,Whole Bean 1kg,1,25.05
2026-08-13,Boulder,Gooseneck Kettle,3,185.04
2026-08-13,Boulder,Whole Bean 1kg,2,49.03
2026-08-13,Denver,Whole Bean 1kg,1,23.99
2026-08-13,Denver,Whole Bean 1kg,3,79.22
2026-08-13,Denver,Whole Bean 1kg,2,49.14
2026-08-13,Denver,Gooseneck Kettle,2,117.55
2026-08-13,Boulder,Whole Bean 1kg,3,72.32
2026-08-13,Denver,Gooseneck Kettle,2,110.73
2026-08-13,Fort Collins,Paper Filters,3,17.95
2026-08-13,Boulder,Whole Bean 1kg,2,46.95
2026-08-13,Fort Collins,Espresso Machine,2,705.88
2026-08-13,Denver,Whole Bean 1kg,1,23.51
2026-08-13,Denver,Whole Bean 1kg,1,25.11
2026-08-13,Fort Collins,Espresso Machine,3,1057.38
2026-08-13,Denver,Burr Grinder,3,414.35
2026-08-13,Boulder,Whole Bean 1kg,2,47.35
2026-08-13,Boulder,Whole Bean 1kg,1,23.51
2026-08-13,Denver,Whole Bean 1kg,3,69.25
2026-08-13,Denver,Paper Filters,4,23.13
2026-08-13,Fort Collins,Whole Bean 1kg,1,25.13
2026-08-13,Fort Collins,Gooseneck Kettle,1,57.55
2026-08-13,Boulder,Burr Grinder,3,365.93
2026-08-13,Boulder,Whole Bean 1kg,2,48.45
2026-08-13,Denver,Burr Grinder,1,128.51
2026-08-13,Fort Collins,Espresso Machine,1,346.91
2026-08-13,Denver,Paper Filters,3,17.24
2026-08-13,Boulder,Gooseneck Kettle,3,179.33
2026-08-13,Denver,Burr Grinder,2,255.25
2026-08-13,Denver,Whole Bean 1kg,1,24.05
2026-08-13,Boulder,Gooseneck Kettle,2,116.7
2026-08-13,Denver,Whole Bean 1kg,2,46.08
2026-08-13,Denver,Whole Bean 1kg,1,23.83
2026-08-14,Denver,Whole Bean 1kg,1,22.7
2026-08-14,Boulder,Whole Bean 1kg,2,48.64
2026-08-14,Denver,Whole Bean 1kg,1,22.49
2026-08-14,Boulder,Burr Grinder,2,255.56
2026-08-14,Fort Collins,Whole Bean 1kg,3,73.65
2026-08-14,Denver,Burr Grinder,2,259.69
2026-08-14,Boulder,Burr Grinder,2,257.94
2026-08-14,Denver,Whole Bean 1kg,1,23.29
2026-08-14,Fort Collins,Whole Bean 1kg,1,24.95
2026-08-14,Denver,Whole Bean 1kg,2,48.81
2026-08-14,Denver,Burr Grinder,1,127.74
2026-08-14,Boulder,Whole Bean 1kg,1,23.96
2026-08-14,Fort Collins,Whole Bean 1kg,2,47.9
2026-08-14,Boulder,Whole Bean 1kg,1,24.77
2026-08-14,Denver,Burr Grinder,2,269.16
2026-08-14,Fort Collins,Burr Grinder,1,124.52
2026-08-14,Denver,Whole Bean 1kg,2,48.7
2026-08-14,Boulder,Gooseneck Kettle,2,118.1
2026-08-14,Denver,Burr Grinder,1,127.17
2026-08-14,Boulder,Whole Bean 1kg,1,24.1
2026-08-14,Denver,Burr Grinder,2,250.86
2026-08-14,Boulder,Burr Grinder,1,126.7
2026-08-14,Boulder,Gooseneck Kettle,1,60.85
2026-08-14,Fort Collins,Paper Filters,1,5.71
2026-08-14,Denver,Burr Grinder,2,261.06
2026-08-14,Denver,Burr Grinder,2,260.75
2026-08-14,Boulder,Gooseneck Kettle,1,56.09
2026-08-14,Denver,Whole Bean 1kg,1,24.06
2026-08-14,Denver,Paper Filters,3,18.03
2026-08-14,Fort Collins,Whole Bean 1kg,2,47.46
2026-08-14,Denver,Burr Grinder,2,260.88
2026-08-14,Boulder,Whole Bean 1kg,1,22.71
2026-08-14,Fort Collins,Paper Filters,3,18.79
2026-08-14,Boulder,Espresso Machine,2,687.08
2026-08-14,Fort Collins,Whole Bean 1kg,3,68.7
2026-08-14,Fort Collins,Paper Filters,2,11.85
2026-08-14,Denver,Burr Grinder,1,129.18
2026-08-14,Boulder,Paper Filters,1,5.76
2026-08-14,Denver,Gooseneck Kettle,2,119.16
2026-08-14,Boulder,Gooseneck Kettle,2,116.08
2026-08-14,Denver,Whole Bean 1kg,1,24.01
2026-08-14,Denver,Whole Bean 1kg,2,48.28
2026-08-14,Denver,Gooseneck Kettle,2,124.2
2026-08-14,Boulder,Whole Bean 1kg,2,47.93
2026-08-14,Fort Collins,Espresso Machine,1,369.38
2026-08-14,Boulder,Burr Grinder,1,126.08
2026-08-14,Fort Collins,Whole Bean 1kg,3,70.36
2026-08-14,Denver,Whole Bean 1kg,2,46.36
2026-08-14,Fort Collins,Gooseneck Kettle,2,112.79
2026-08-14,Denver,Espresso Machine,2,690.3
2026-08-14,Fort Collins,Paper Filters,2,11.73
2026-08-14,Boulder,Gooseneck Kettle,1,58.66
2026-08-14,Fort Collins,Espresso Machine,3,1051.14
2026-08-14,Denver,Paper Filters,2,11.79
2026-08-14,Denver,Whole Bean 1kg,1,23.9
2026-08-14,Denver,Whole Bean 1kg,2,47.8
2026-08-14,Boulder,Burr Grinder,2,267.15
2026-08-14,Fort Collins,Whole Bean 1kg,2,47.82
2026-08-14,Boulder,Paper Filters,3,17.32
2026-08-14,Denver,Paper Filters,2,12.11
2026-08-14,Denver,Whole Bean 1kg,1,23.12
2026-08-14,Boulder,Paper Filters,1,6.11
2026-08-14,Fort Collins,Whole Bean 1kg,2,45.49
2026-08-14,Boulder,Burr Grinder,1,129.62
2026-08-14,Denver,Whole Bean 1kg,1,23.52
2026-08-14,Denver,Paper Filters,2,12.43
2026-08-14,Fort Collins,Whole Bean 1kg,1,23.47
2026-08-14,Denver,Whole Bean 1kg,3,69.57
2026-08-15,Denver,Burr Grinder,2,259.82
2026-08-15,Fort Collins,Paper Filters,1,6.01
2026-08-15,Denver,Whole Bean 1kg,2,46.19
2026-08-15,Denver,Whole Bean 1kg,1,24.81
2026-08-15,Denver,Gooseneck Kettle,1,56.74
2026-08-15,Denver,Paper Filters,2,11.5
2026-08-15,Denver,Paper Filters,2,12.09
2026-08-15,Denver,Whole Bean 1kg,1,24.46
2026-08-15,Fort Collins,Paper Filters,1,5.86
2026-08-15,Boulder,Whole Bean 1kg,1,22.58
2026-08-15,Denver,Burr Grinder,2,257.75
2026-08-15,Denver,Gooseneck Kettle,1,61.34
2026-08-15,Denver,Burr Grinder,1,131.23
2026-08-15,Denver,Gooseneck Kettle,2,114.98
2026-08-15,Fort Collins,Paper Filters,1,6.05
2026-08-15,Fort Collins,Paper Filters,2,11.91
2026-08-15,Boulder,Whole Bean 1kg,2,48.18
2026-08-15,Denver,Espresso Machine,2,714.47
2026-08-15,Denver,Paper Filters,2,11.96
2026-08-15,Denver,Gooseneck Kettle,2,121.94
2026-08-15,Denver,Paper Filters,2,12.13
2026-08-15,Fort Collins,Whole Bean 1kg,3,72.77
2026-08-15,Denver,Burr Grinder,1,132.85
2026-08-15,Fort Collins,Espresso Machine,3,1086.52
2026-08-15,Denver,Paper Filters,2,12.37
2026-08-15,Denver,Whole Bean 1kg,2,46.97
2026-08-15,Boulder,Espresso Machine,3,1007.95
2026-08-15,Fort Collins,Burr Grinder,1,134.54
2026-08-15,Denver,Whole Bean 1kg,1,23.32
2026-08-15,Boulder,Gooseneck Kettle,2,118.68
2026-08-15,Fort Collins,Burr Grinder,2,255.65
2026-08-15,Denver,Whole Bean 1kg,1,23.88
2026-08-15,Denver,Paper Filters,1,5.7
2026-08-15,Boulder,Burr Grinder,2,258.19
2026-08-15,Boulder,Burr Grinder,1,124.0
2026-08-15,Fort Collins,Whole Bean 1kg,1,25.31
2026-08-15,Denver,Whole Bean 1kg,1,23.43
2026-08-15,Denver,Whole Bean 1kg,1,24.67
2026-08-15,Denver,Whole Bean 1kg,1,24.4
2026-08-15,Fort Collins,Whole Bean 1kg,2,47.99
2026-08-15,Denver,Paper Filters,2,12.5
2026-08-15,Denver,Paper Filters,2,12.17
2026-08-15,Fort Collins,Whole Bean 1kg,1,23.7
2026-08-15,Fort Collins,Whole Bean 1kg,1,23.48
2026-08-15,Denver,Paper Filters,3,18.72
2026-08-15,Fort Collins,Burr Grinder,2,264.16
2026-08-15,Boulder,Paper Filters,2,11.21
2026-08-15,Fort Collins,Burr Grinder,1,137.37
2026-08-15,Denver,Espresso Machine,3,1016.2
2026-08-15,Denver,Espresso Machine,2,675.67
2026-08-15,Boulder,Burr Grinder,1,127.91
2026-08-15,Boulder,Espresso Machine,3,1059.79
2026-08-15,Denver,Burr Grinder,2,254.19
2026-08-15,Boulder,Whole Bean 1kg,2,49.65
2026-08-15,Fort Collins,Paper Filters,2,11.54
2026-08-15,Denver,Paper Filters,1,5.98
2026-08-15,Boulder,Paper Filters,2,12.17
2026-08-15,Denver,Whole Bean 1kg,2,50.36
2026-08-16,Boulder,Paper Filters,1,6.1
2026-08-16,Denver,Espresso Machine,2,674.52
2026-08-16,Denver,Paper Filters,2,11.61
2026-08-16,Denver,Paper Filters,1,6.18
2026-08-16,Fort Collins,Whole Bean 1kg,1,24.43
2026-08-16,Fort Collins,Paper Filters,1,5.8
2026-08-16,Boulder,Whole Bean 1kg,2,48.75
2026-08-16,Boulder,Whole Bean 1kg,4,95.78
2026-08-16,Denver,Espresso Machine,1,336.24
2026-08-16,Boulder,Whole Bean 1kg,2,44.6
2026-08-16,Denver,Gooseneck Kettle,2,115.48
2026-08-16,Denver,Whole Bean 1kg,2,50.09
2026-08-16,Boulder,Paper Filters,2,12.04
2026-08-16,Boulder,Gooseneck Kettle,1,59.3
2026-08-16,Boulder,Whole Bean 1kg,1,24.6
2026-08-16,Denver,Burr Grinder,1,125.67
2026-08-16,Boulder,Paper Filters,2,12.08
2026-08-16,Fort Collins,Paper Filters,1,5.84
2026-08-16,Denver,Whole Bean 1kg,2,48.77
2026-08-16,Fort Collins,Gooseneck Kettle,2,121.35
2026-08-16,Boulder,Paper Filters,1,6.16
2026-08-16,Fort Collins,Paper Filters,2,12.38
2026-08-16,Denver,Gooseneck Kettle,2,116.97
2026-08-16,Boulder,Burr Grinder,2,267.5
2026-08-16,Fort Collins,Paper Filters,3,19.09
2026-08-16,Fort Collins,Burr Grinder,2,255.92
2026-08-16,Boulder,Whole Bean 1kg,1,23.54
2026-08-16,Boulder,Paper Filters,1,6.1
2026-08-16,Boulder,Paper Filters,1,6.01
2026-08-16,Boulder,Whole Bean 1kg,2,48.51
2026-08-16,Denver,Whole Bean 1kg,3,74.98
2026-08-16,Denver,Espresso Machine,1,336.82
2026-08-16,Boulder,Whole Bean 1kg,1,24.04
2026-08-16,Fort Collins,Paper Filters,3,18.63
2026-08-16,Denver,Espresso Machine,1,340.31
2026-08-16,Denver,Whole Bean 1kg,3,68.69
2026-08-16,Fort Collins,Paper Filters,1,6.07
2026-08-16,Boulder,Espresso Machine,1,345.92
2026-08-16,Boulder,Whole Bean 1kg,2,46.8
2026-08-16,Denver,Whole Bean 1kg,1,24.39
2026-08-16,Boulder,Whole Bean 1kg,2,48.47
2026-08-16,Denver,Paper Filters,2,11.48
2026-08-16,Fort Collins,Whole Bean 1kg,2,47.86
2026-08-16,Fort Collins,Whole Bean 1kg,1,24.79
2026-08-16,Boulder,Paper Filters,2,12.09
2026-08-16,Boulder,Whole Bean 1kg,1,23.17
2026-08-16,Boulder,Whole Bean 1kg,1,23.3
2026-08-16,Denver,Whole Bean 1kg,1,23.6
2026-08-16,Boulder,Paper Filters,2,11.79
2026-08-16,Boulder,Whole Bean 1kg,1,23.8
2026-08-16,Denver,Burr Grinder,2,260.3
2026-08-16,Boulder,Burr Grinder,1,124.93
2026-08-16,Denver,Whole Bean 1kg,2,46.18
2026-08-16,Denver,Whole Bean 1kg,1,23.73
2026-08-16,Boulder,Whole Bean 1kg,3,72.41
2026-08-16,Denver,Paper Filters,1,6.29
2026-08-16,Fort Collins,Gooseneck Kettle,1,56.82
2026-08-16,Denver,Paper Filters,2,11.56
2026-08-16,Denver,Burr Grinder,1,124.7
2026-08-17,Boulder,Burr Grinder,2,257.55
2026-08-17,Fort Collins,Whole Bean 1kg,1,24.85
2026-08-17,Denver,Gooseneck Kettle,1,62.16
2026-08-17,Fort Collins,Whole Bean 1kg,1,24.76
2026-08-17,Boulder,Burr Grinder,1,134.32
2026-08-17,Fort Collins,Burr Grinder,3,395.48
2026-08-17,Boulder,Burr Grinder,2,263.84
2026-08-17,Denver,Paper Filters,2,12.2
2026-08-17,Denver,Espresso Machine,1,343.64
2026-08-17,Fort Collins,Whole Bean 1kg,2,47.9
2026-08-17,Denver,Paper Filters,1,6.03
2026-08-17,Denver,Espresso Machine,2,670.95
2026-08-17,Fort Collins,Whole Bean 1kg,1,23.67
2026-08-17,Denver,Paper Filters,1,5.78
2026-08-17,Boulder,Gooseneck Kettle,3,178.81
2026-08-17,Denver,Paper Filters,1,5.92
2026-08-17,Boulder,Whole Bean 1kg,2,46.73
2026-08-17,Boulder,Paper Filters,2,11.72
2026-08-17,Denver,Whole Bean 1kg,1,23.05
2026-08-17,Denver,Paper Filters,2,11.99
2026-08-17,Denver,Paper Filters,2,12.77
2026-08-17,Fort Collins,Whole Bean 1kg,2,45.66
2026-08-17,Fort Collins,Whole Bean 1kg,1,23.53
2026-08-17,Fort Collins,Whole Bean 1kg,1,22.62
2026-08-17,Boulder,Espresso Machine,2,714.58
2026-08-17,Fort Collins,Burr Grinder,1,126.08
2026-08-17,Boulder,Paper Filters,1,6.02
2026-08-17,Boulder,Espresso Machine,2,725.98
2026-08-17,Fort Collins,Paper Filters,2,11.46
2026-08-17,Boulder,Whole Bean 1kg,1,24.47
2026-08-17,Boulder,Whole Bean 1kg,3,70.95
2026-08-17,Denver,Whole Bean 1kg,1,23.97
2026-08-17,Denver,Whole Bean 1kg,2,46.97
2026-08-18,Denver,Espresso Machine,2,663.08
2026-08-18,Boulder,Whole Bean 1kg,2,47.38
2026-08-18,Boulder,Paper Filters,1,6.18
2026-08-18,Boulder,Paper Filters,2,11.96
2026-08-18,Boulder,Paper Filters,2,11.77
2026-08-18,Fort Collins,Whole Bean 1kg,3,67.45
2026-08-18,Fort Collins,Whole Bean 1kg,1,24.47
2026-08-18,Boulder,Burr Grinder,2,258.9
2026-08-18,Boulder,Whole Bean 1kg,2,47.32
2026-08-18,Boulder,Gooseneck Kettle,1,58.57
2026-08-18,Denver,Gooseneck Kettle,1,56.58
2026-08-18,Boulder,Whole Bean 1kg,1,23.94
2026-08-18,Denver,Whole Bean 1kg,1,22.72
2026-08-18,Boulder,Paper Filters,2,11.95
2026-08-18,Denver,Whole Bean 1kg,1,23.18
2026-08-18,Boulder,Whole Bean 1kg,1,23.92
2026-08-18,Boulder,Whole Bean 1kg,2,48.67
2026-08-18,Denver,Gooseneck Kettle,2,116.53
2026-08-18,Denver,Whole Bean 1kg,1,23.91
2026-08-18,Boulder,Burr Grinder,1,127.4
2026-08-18,Denver,Paper Filters,2,12.19
2026-08-18,Fort Collins,Paper Filters,1,6.01
2026-08-18,Denver,Burr Grinder,1,134.57
2026-08-18,Fort Collins,Gooseneck Kettle,1,59.07
2026-08-18,Denver,Whole Bean 1kg,1,23.22
2026-08-18,Denver,Paper Filters,1,6.0
2026-08-18,Denver,Whole Bean 1kg,1,25.06
2026-08-18,Denver,Espresso Machine,1,353.67
2026-08-18,Denver,Espresso Machine,2,702.18
2026-08-18,Denver,Whole Bean 1kg,1,24.53
2026-08-18,Boulder,Burr Grinder,1,130.7
2026-08-18,Denver,Whole Bean 1kg,1,23.92
2026-08-18,Boulder,Whole Bean 1kg,1,24.26
2026-08-18,Denver,Whole Bean 1kg,1,23.73
2026-08-18,Boulder,Whole Bean 1kg,2,47.13
2026-08-18,Boulder,Espresso Machine,1,376.58
2026-08-18,Fort Collins,Paper Filters,1,6.16
2026-08-18,Denver,Whole Bean 1kg,4,94.95
2026-08-19,Boulder,Whole Bean 1kg,3,71.47
2026-08-19,Denver,Gooseneck Kettle,2,116.16
2026-08-19,Boulder,Gooseneck Kettle,2,123.48
2026-08-19,Denver,Whole Bean 1kg,1,23.9
2026-08-19,Denver,Paper Filters,1,5.73
2026-08-19,Boulder,Whole Bean 1kg,1,24.61
2026-08-19,Denver,Whole Bean 1kg,2,48.57
2026-08-19,Boulder,Gooseneck Kettle,1,61.25
2026-08-19,Boulder,Whole Bean 1kg,1,23.42
2026-08-19,Denver,Burr Grinder,3,387.67
2026-08-19,Denver,Gooseneck Kettle,2,122.61
2026-08-19,Fort Collins,Whole Bean 1kg,2,46.02
2026-08-19,Denver,Whole Bean 1kg,2,48.71
2026-08-19,Denver,Gooseneck Kettle,2,110.79
2026-08-19,Fort Collins,Whole Bean 1kg,2,47.35
2026-08-19,Denver,Burr Grinder,2,265.18
2026-08-19,Denver,Paper Filters,2,11.9
2026-08-19,Denver,Espresso Machine,1,343.9
2026-08-19,Boulder,Paper Filters,1,6.28
2026-08-19,Fort Collins,Whole Bean 1kg,3,72.63
2026-08-19,Boulder,Burr Grinder,2,262.49
2026-08-19,Denver,Paper Filters,2,11.94
2026-08-19,Boulder,Gooseneck Kettle,2,116.8
2026-08-19,Denver,Whole Bean 1kg,1,23.32
2026-08-19,Boulder,Paper Filters,3,17.28
2026-08-19,Fort Collins,Burr Grinder,1,122.3
2026-08-19,Denver,Burr Grinder,2,259.55
2026-08-19,Boulder,Whole Bean 1kg,2,49.21
2026-08-19,Boulder,Whole Bean 1kg,1,23.26
2026-08-19,Fort Collins,Paper Filters,1,6.12
2026-08-19,Denver,Espresso Machine,2,709.55
2026-08-19,Denver,Paper Filters,1,6.46
2026-08-20,Boulder,Burr Grinder,2,251.22
2026-08-20,Denver,Whole Bean 1kg,2,49.43
2026-08-20,Boulder,Espresso Machine,1,361.09
2026-08-20,Denver,Paper Filters,1,6.3
2026-08-20,Denver,Espresso Machine,2,702.72
2026-08-20,Denver,Paper Filters,3,18.12
2026-08-20,Denver,Whole Bean 1kg,3,71.6
2026-08-20,Boulder,Whole Bean 1kg,1,24.22
2026-08-20,Denver,Burr Grinder,2,252.52
2026-08-20,Denver,Gooseneck Kettle,2,112.26
2026-08-20,Denver,Whole Bean 1kg,2,47.56
2026-08-20,Denver,Paper Filters,1,6.2
2026-08-20,Denver,Paper Filters,1,5.96
2026-08-20,Fort Collins,Whole Bean 1kg,2,48.87
2026-08-20,Boulder,Whole Bean 1kg,1,24.1
2026-08-20,Boulder,Paper Filters,3,17.19
2026-08-20,Boulder,Burr Grinder,1,134.08
2026-08-20,Boulder,Paper Filters,1,5.73
2026-08-20,Denver,Paper Filters,2,12.26
2026-08-20,Denver,Paper Filters,1,6.45
2026-08-20,Denver,Paper Filters,2,11.94
2026-08-20,Boulder,Whole Bean 1kg,3,71.11
2026-08-20,Denver,Burr Grinder,3,373.72
2026-08-20,Boulder,Whole Bean 1kg,2,46.99
2026-08-20,Boulder,Paper Filters,1,5.84
2026-08-20,Fort Collins,Paper Filters,1,5.99
2026-08-20,Fort Collins,Whole Bean 1kg,1,23.01
2026-08-20,Denver,Paper Filters,3,17.74
2026-08-20,Denver,Whole Bean 1kg,1,24.08
2026-08-20,Boulder,Whole Bean 1kg,1,22.95
2026-08-20,Boulder,Whole Bean 1kg,1,23.96
2026-08-20,Fort Collins,Whole Bean 1kg,2,49.53
2026-08-20,Denver,Whole Bean 1kg,2,47.14
2026-08-20,Denver,Whole Bean 1kg,2,48.21
2026-08-20,Boulder,Whole Bean 1kg,3,72.2
2026-08-20,Denver,Whole Bean 1kg,1,23.89
2026-08-20,Denver,Whole Bean 1kg,2,46.66
2026-08-20,Denver,Espresso Machine,2,713.49
2026-08-20,Denver,Whole Bean 1kg,2,46.37
2026-08-20,Denver,Paper Filters,3,17.88
2026-08-20,Denver,Paper Filters,2,12.23
2026-08-20,Fort Collins,Paper Filters,2,11.11
2026-08-20,Boulder,Burr Grinder,1,128.63
2026-08-20,Boulder,Espresso Machine,1,345.95
2026-08-21,Denver,Espresso Machine,1,357.14
2026-08-21,Denver,Whole Bean 1kg,2,45.98
2026-08-21,Boulder,Whole Bean 1kg,3,73.13
2026-08-21,Fort Collins,Espresso Machine,1,346.14
2026-08-21,Denver,Paper Filters,1,5.43
2026-08-21,Boulder,Paper Filters,2,12.17
2026-08-21,Boulder,Espresso Machine,2,689.12
2026-08-21,Denver,Espresso Machine,2,706.88
2026-08-21,Denver,Burr Grinder,2,256.93
2026-08-21,Denver,Whole Bean 1kg,2,48.97
2026-08-21,Denver,Paper Filters,1,5.87
2026-08-21,Fort Collins,Paper Filters,1,6.01
2026-08-21,Denver,Burr Grinder,2,256.73
2026-08-21,Boulder,Burr Grinder,3,387.63
2026-08-21,Fort Collins,Whole Bean 1kg,3,74.78
2026-08-21,Boulder,Paper Filters,3,17.92
2026-08-21,Denver,Whole Bean 1kg,2,48.59
2026-08-21,Boulder,Gooseneck Kettle,2,115.85
2026-08-21,Fort Collins,Espresso Machine,1,343.25
2026-08-21,Boulder,Whole Bean 1kg,1,23.65
2026-08-21,Boulder,Paper Filters,1,6.03
2026-08-21,Denver,Gooseneck Kettle,2,116.97
2026-08-21,Boulder,Whole Bean 1kg,2,49.88
2026-08-21,Boulder,Gooseneck Kettle,1,57.19
2026-08-21,Boulder,Whole Bean 1kg,2,49.11
2026-08-21,Boulder,Whole Bean 1kg,1,23.45
2026-08-21,Denver,Whole Bean 1kg,1,24.26
2026-08-21,Denver,Paper Filters,2,12.05
2026-08-21,Boulder,Whole Bean 1kg,1,24.35
2026-08-21,Boulder,Paper Filters,1,6.04
2026-08-21,Denver,Whole Bean 1kg,2,47.78
2026-08-21,Boulder,Paper Filters,2,12.49
2026-08-21,Fort Collins,Gooseneck Kettle,2,118.04
2026-08-21,Boulder,Burr Grinder,3,391.07
2026-08-21,Fort Collins,Paper Filters,1,6.18
2026-08-21,Denver,Paper Filters,2,12.36
2026-08-21,Denver,Whole Bean 1kg,1,24.19
2026-08-21,Denver,Espresso Machine,1,346.82
2026-08-21,Fort Collins,Whole Bean 1kg,2,48.08
2026-08-21,Fort Collins,Whole Bean 1kg,1,24.57
2026-08-21,Denver,Paper Filters,2,11.92
2026-08-21,Denver,Burr Grinder,4,506.73
2026-08-21,Denver,Espresso Machine,1,353.27
2026-08-21,Boulder,Whole Bean 1kg,4,99.61
2026-08-21,Fort Collins,Paper Filters,2,12.23
2026-08-21,Boulder,Whole Bean 1kg,2,48.83
2026-08-21,Denver,Whole Bean 1kg,1,24.16
2026-08-21,Denver,Gooseneck Kettle,3,173.5
2026-08-21,Denver,Burr Grinder,3,394.59
2026-08-21,Fort Collins,Gooseneck Kettle,1,60.95
2026-08-21,Boulder,Whole Bean 1kg,1,24.14
2026-08-21,Boulder,Whole Bean 1kg,3,74.61
2026-08-21,Fort Collins,Espresso Machine,3,1063.88
2026-08-21,Denver,Paper Filters,1,6.13
2026-08-21,Fort Collins,Whole Bean 1kg,2,48.32
2026-08-22,Boulder,Whole Bean 1kg,2,49.41
2026-08-22,Boulder,Paper Filters,2,11.78
2026-08-22,Boulder,Whole Bean 1kg,2,46.36
2026-08-22,Denver,Whole Bean 1kg,1,24.65
2026-08-22,Boulder,Burr Grinder,2,256.06
2026-08-22,Fort Collins,Burr Grinder,1,125.3
2026-08-22,Denver,Whole Bean 1kg,2,47.13
2026-08-22,Denver,Whole Bean 1kg,1,23.88
2026-08-22,Boulder,Paper Filters,2,12.54
2026-08-22,Denver,Burr Grinder,1,131.39
2026-08-22,Fort Collins,Paper Filters,1,5.65
2026-08-22,Boulder,Whole Bean 1kg,1,24.44
2026-08-22,Boulder,Gooseneck Kettle,2,121.82
2026-08-22,Denver,Burr Grinder,1,126.99
2026-08-22,Denver,Gooseneck Kettle,1,59.03
2026-08-22,Denver,Paper Filters,2,12.2
2026-08-22,Boulder,Whole Bean 1kg,1,24.09
2026-08-22,Denver,Whole Bean 1kg,2,46.0
2026-08-22,Boulder,Burr Grinder,1,125.95
2026-08-22,Boulder,Espresso Machine,4,1367.01
2026-08-22,Boulder,Paper Filters,2,12.6
2026-08-22,Denver,Whole Bean 1kg,1,23.66
2026-08-22,Denver,Paper Filters,2,11.87
2026-08-22,Fort Collins,Whole Bean 1kg,2,49.92
2026-08-22,Denver,Whole Bean 1kg,2,45.9
2026-08-22,Denver,Paper Filters,1,6.19
2026-08-22,Boulder,Espresso Machine,1,325.1
2026-08-22,Boulder,Gooseneck Kettle,2,116.79
2026-08-22,Boulder,Whole Bean 1kg,1,23.75
2026-08-22,Denver,Whole Bean 1kg,3,71.68
2026-08-22,Denver,Gooseneck Kettle,1,60.48
2026-08-22,Denver,Paper Filters,2,11.76
2026-08-22,Boulder,Whole Bean 1kg,1,24.73
2026-08-22,Denver,Gooseneck Kettle,2,125.24
2026-08-22,Denver,Paper Filters,1,6.26
2026-08-22,Denver,Whole Bean 1kg,2,47.61
2026-08-22,Denver,Burr Grinder,3,380.91
2026-08-22,Denver,Gooseneck Kettle,1,59.58
2026-08-22,Boulder,Whole Bean 1kg,1,23.35
2026-08-22,Fort Collins,Espresso Machine,2,702.26
2026-08-22,Fort Collins,Whole Bean 1kg,2,48.25
2026-08-22,Denver,Espresso Machine,1,325.61
2026-08-22,Denver,Burr Grinder,2,248.91
2026-08-22,Boulder,Whole Bean 1kg,1,23.59
2026-08-22,Boulder,Whole Bean 1kg,1,24.08
2026-08-22,Fort Collins,Whole Bean 1kg,1,23.71
2026-08-22,Denver,Whole Bean 1kg,1,23.21
2026-08-22,Denver,Whole Bean 1kg,2,47.74
2026-08-22,Fort Collins,Whole Bean 1kg,2,48.03
2026-08-22,Fort Collins,Burr Grinder,2,256.08
2026-08-22,Boulder,Paper Filters,1,6.0
2026-08-22,Boulder,Whole Bean 1kg,1,23.58
2026-08-22,Boulder,Espresso Machine,1,356.76
2026-08-22,Boulder,Gooseneck Kettle,2,118.28
2026-08-22,Fort Collins,Whole Bean 1kg,2,46.79
2026-08-22,Denver,Whole Bean 1kg,2,47.31
2026-08-22,Boulder,Whole Bean 1kg,2,51.25
2026-08-22,Denver,Paper Filters,1,6.07
2026-08-22,Boulder,Gooseneck Kettle,1,59.16
2026-08-22,Fort Collins,Burr Grinder,2,257.0
2026-08-22,Denver,Whole Bean 1kg,1,22.85
2026-08-22,Fort Collins,Gooseneck Kettle,2,113.14
2026-08-22,Boulder,Whole Bean 1kg,2,46.29
2026-08-22,Boulder,Burr Grinder,1,128.36
2026-08-22,Denver,Whole Bean 1kg,3,70.87
2026-08-22,Boulder,Espresso Machine,1,343.35
2026-08-22,Denver,Whole Bean 1kg,3,72.97
2026-08-22,Fort Collins,Espresso Machine,1,348.72
2026-08-22,Fort Collins,Espresso Machine,2,722.02
2026-08-22,Denver,Paper Filters,1,6.1
2026-08-22,Denver,Burr Grinder,2,268.04
2026-08-22,Denver,Whole Bean 1kg,3,70.06
2026-08-22,Fort Collins,Espresso Machine,1,333.89
2026-08-22,Boulder,Whole Bean 1kg,2,48.79
2026-08-22,Fort Collins,Whole Bean 1kg,1,23.86
2026-08-22,Denver,Whole Bean 1kg,2,50.19
2026-08-22,Fort Collins,Gooseneck Kettle,2,110.69
2026-08-23,Denver,Paper Filters,1,5.89
2026-08-23,Fort Collins,Whole Bean 1kg,2,46.75
2026-08-23,Denver,Whole Bean 1kg,2,46.24
2026-08-23,Boulder,Gooseneck Kettle,1,57.92
2026-08-23,Boulder,Whole Bean 1kg,2,47.67
2026-08-23,Denver,Gooseneck Kettle,2,118.64
2026-08-23,Denver,Whole Bean 1kg,1,25.01
2026-08-23,Boulder,Whole Bean 1kg,2,46.31
2026-08-23,Denver,Paper Filters,2,12.22
2026-08-23,Boulder,Whole Bean 1kg,1,23.48
2026-08-23,Denver,Paper Filters,1,6.22
2026-08-23,Denver,Espresso Machine,2,743.36
2026-08-23,Boulder,Paper Filters,4,24.79
2026-08-23,Boulder,Whole Bean 1kg,2,49.25
2026-08-23,Denver,Whole Bean 1kg,2,48.54
2026-08-23,Boulder,Whole Bean 1kg,2,49.85
2026-08-23,Fort Collins,Whole Bean 1kg,1,23.83
2026-08-23,Denver,Whole Bean 1kg,2,48.01
2026-08-23,Fort Collins,Gooseneck Kettle,2,119.19
2026-08-23,Boulder,Paper Filters,3,17.62
2026-08-23,Fort Collins,Whole Bean 1kg,1,23.37
2026-08-23,Boulder,Paper Filters,2,11.37
2026-08-23,Fort Collins,Espresso Machine,1,334.67
2026-08-23,Denver,Gooseneck Kettle,3,179.85
2026-08-23,Denver,Burr Grinder,2,260.35
2026-08-23,Boulder,Paper Filters,1,5.96
2026-08-23,Denver,Whole Bean 1kg,2,48.66
2026-08-23,Boulder,Gooseneck Kettle,1,60.33
2026-08-23,Fort Collins,Espresso Machine,2,698.18
2026-08-23,Fort Collins,Whole Bean 1kg,2,50.74
2026-08-23,Fort Collins,Whole Bean 1kg,1,24.88
2026-08-23,Boulder,Whole Bean 1kg,2,47.45
2026-08-23,Denver,Gooseneck Kettle,1,59.93
2026-08-23,Denver,Whole Bean 1kg,2,48.06
2026-08-23,Denver,Whole Bean 1kg,3,76.67
2026-08-23,Denver,Whole Bean 1kg,3,74.35
2026-08-23,Denver,Paper Filters,3,18.08
2026-08-23,Boulder,Gooseneck Kettle,1,59.08
2026-08-23,Denver,Whole Bean 1kg,1,22.66
2026-08-23,Boulder,Whole Bean 1kg,2,48.06
2026-08-23,Denver,Gooseneck Kettle,1,59.71
2026-08-23,Fort Collins,Paper Filters,2,11.7
2026-08-23,Denver,Burr Grinder,1,132.53
2026-08-23,Denver,Paper Filters,1,5.92
2026-08-23,Fort Collins,Whole Bean 1kg,1,24.1
2026-08-23,Boulder,Gooseneck Kettle,2,117.79
2026-08-23,Fort Collins,Paper Filters,1,5.99
2026-08-23,Denver,Whole Bean 1kg,2,50.3
2026-08-23,Fort Collins,Whole Bean 1kg,1,23.41
2026-08-23,Denver,Whole Bean 1kg,1,24.21
2026-08-23,Denver,Gooseneck Kettle,2,123.3
2026-08-23,Boulder,Gooseneck Kettle,3,178.04
2026-08-23,Boulder,Whole Bean 1kg,1,24.4
2026-08-23,Boulder,Paper Filters,1,6.06
2026-08-23,Boulder,Whole Bean 1kg,3,74.13
2026-08-23,Denver,Whole Bean 1kg,1,25.05
2026-08-23,Fort Collins,Whole Bean 1kg,1,24.0
2026-08-23,Boulder,Paper Filters,1,6.25
2026-08-23,Boulder,Gooseneck Kettle,3,173.21
2026-08-24,Denver,Whole Bean 1kg,1,23.19
2026-08-24,Boulder,Paper Filters,1,6.26
2026-08-24,Fort Collins,Whole Bean 1kg,2,51.03
2026-08-24,Denver,Whole Bean 1kg,1,24.61
2026-08-24,Boulder,Burr Grinder,2,255.37
2026-08-24,Denver,Paper Filters,3,18.51
2026-08-24,Boulder,Paper Filters,1,6.23
2026-08-24,Fort Collins,Burr Grinder,1,128.27
2026-08-24,Denver,Whole Bean 1kg,1,24.53
2026-08-24,Fort Collins,Whole Bean 1kg,2,49.09
2026-08-24,Denver,Whole Bean 1kg,2,50.33
2026-08-24,Denver,Whole Bean 1kg,1,23.28
2026-08-24,Fort Collins,Whole Bean 1kg,3,71.4
2026-08-24,Fort Collins,Whole Bean 1kg,1,22.81
2026-08-24,Denver,Gooseneck Kettle,1,58.65
2026-08-24,Boulder,Whole Bean 1kg,2,49.38
2026-08-24,Denver,Paper Filters,2,12.17
2026-08-24,Denver,Whole Bean 1kg,2,48.69
2026-08-24,Denver,Whole Bean 1kg,1,24.63
2026-08-24,Denver,Whole Bean 1kg,2,49.49
2026-08-24,Denver,Whole Bean 1kg,2,47.35
2026-08-24,Denver,Paper Filters,3,18.09
2026-08-24,Denver,Espresso Machine,2,700.38
2026-08-24,Denver,Paper Filters,2,11.81
2026-08-24,Boulder,Paper Filters,2,12.29
2026-08-24,Fort Collins,Whole Bean 1kg,1,23.68
2026-08-24,Denver,Burr Grinder,3,379.35
2026-08-24,Denver,Burr Grinder,2,256.48
2026-08-24,Denver,Espresso Machine,1,351.12
2026-08-24,Fort Collins,Burr Grinder,3,380.99
2026-08-24,Boulder,Gooseneck Kettle,2,118.28
2026-08-24,Boulder,Gooseneck Kettle,1,57.17
2026-08-24,Denver,Whole Bean 1kg,3,75.03
2026-08-24,Denver,Whole Bean 1kg,1,23.39
2026-08-25,Boulder,Whole Bean 1kg,1,24.54
2026-08-25,Boulder,Whole Bean 1kg,2,48.47
2026-08-25,Denver,Whole Bean 1kg,2,47.41
2026-08-25,Denver,Gooseneck Kettle,2,118.93
2026-08-25,Denver,Burr Grinder,1,127.56
2026-08-25,Boulder,Paper Filters,2,12.2
2026-08-25,Denver,Whole Bean 1kg,1,25.01
2026-08-25,Boulder,Whole Bean 1kg,3,73.28
2026-08-25,Boulder,Whole Bean 1kg,3,71.28
2026-08-25,Boulder,Paper Filters,1,6.06
2026-08-25,Denver,Paper Filters,2,12.15
2026-08-25,Boulder,Whole Bean 1kg,2,50.53
2026-08-25,Denver,Paper Filters,2,12.09
2026-08-25,Fort Collins,Whole Bean 1kg,1,24.34
2026-08-25,Boulder,Whole Bean 1kg,1,24.29
2026-08-25,Fort Collins,Whole Bean 1kg,2,48.01
2026-08-25,Boulder,Whole Bean 1kg,2,49.47
2026-08-25,Denver,Gooseneck Kettle,1,58.83
2026-08-25,Boulder,Burr Grinder,2,266.22
2026-08-25,Denver,Paper Filters,2,11.5
2026-08-25,Denver,Burr Grinder,1,126.38
2026-08-25,Denver,Burr Grinder,1,128.43
2026-08-25,Denver,Paper Filters,1,6.29
2026-08-25,Denver,Whole Bean 1kg,3,70.2
2026-08-26,Denver,Whole Bean 1kg,2,48.54
2026-08-26,Denver,Espresso Machine,2,676.71
2026-08-26,Denver,Burr Grinder,3,383.29
2026-08-26,Boulder,Gooseneck Kettle,3,175.91
2026-08-26,Denver,Gooseneck Kettle,2,115.56
2026-08-26,Denver,Gooseneck Kettle,3,181.87
2026-08-26,Fort Collins,Paper Filters,2,11.6
2026-08-26,Denver,Paper Filters,2,11.79
2026-08-26,Denver,Whole Bean 1kg,3,70.45
2026-08-26,Denver,Gooseneck Kettle,2,121.63
2026-08-26,Fort Collins,Whole Bean 1kg,2,48.7
2026-08-26,Boulder,Whole Bean 1kg,1,23.95
2026-08-26,Fort Collins,Paper Filters,2,11.94
2026-08-26,Denver,Gooseneck Kettle,1,58.57
2026-08-26,Boulder,Paper Filters,2,12.02
2026-08-26,Boulder,Paper Filters,1,5.97
2026-08-26,Fort Collins,Paper Filters,1,6.34
2026-08-26,Denver,Gooseneck Kettle,3,167.35
2026-08-26,Boulder,Burr Grinder,1,136.6
2026-08-26,Boulder,Burr Grinder,1,137.54
2026-08-26,Boulder,Whole Bean 1kg,1,24.21
2026-08-26,Denver,Whole Bean 1kg,1,24.32
2026-08-26,Boulder,Whole Bean 1kg,2,48.88
2026-08-26,Denver,Paper Filters,2,12.32
2026-08-26,Boulder,Whole Bean 1kg,2,49.57
2026-08-26,Fort Collins,Whole Bean 1kg,2,46.91
2026-08-26,Denver,Burr Grinder,3,394.9
2026-08-26,Denver,Whole Bean 1kg,4,94.3
2026-08-26,Denver,Burr Grinder,1,128.44
2026-08-26,Denver,Paper Filters,2,11.94
2026-08-26,Fort Collins,Gooseneck Kettle,1,58.73
2026-08-26,Denver,Whole Bean 1kg,2,49.41
2026-08-26,Denver,Whole Bean 1kg,1,22.8
2026-08-26,Denver,Whole Bean 1kg,2,47.97
2026-08-26,Denver,Paper Filters,1,6.13
2026-08-26,Denver,Paper Filters,1,6.11
2026-08-26,Denver,Burr Grinder,1,127.82
2026-08-26,Denver,Paper Filters,2,12.07
2026-08-27,Denver,Whole Bean 1kg,1,23.09
2026-08-27,Denver,Paper Filters,1,5.88
2026-08-27,Denver,Espresso Machine,2,675.96
2026-08-27,Fort Collins,Burr Grinder,1,126.68
2026-08-27,Fort Collins,Whole Bean 1kg,1,24.79
2026-08-27,Fort Collins,Paper Filters,2,12.67
2026-08-27,Denver,Whole Bean 1kg,3,68.84
2026-08-27,Denver,Burr Grinder,1,130.66
2026-08-27,Boulder,Paper Filters,2,12.03
2026-08-27,Denver,Paper Filters,2,12.04
2026-08-27,Denver,Whole Bean 1kg,2,47.68
2026-08-27,Denver,Burr Grinder,2,256.57
2026-08-27,Denver,Whole Bean 1kg,1,23.74
2026-08-27,Denver,Espresso Machine,1,358.47
2026-08-27,Boulder,Whole Bean 1kg,1,23.53
2026-08-27,Boulder,Whole Bean 1kg,2,48.82
2026-08-27,Denver,Paper Filters,2,11.9
2026-08-27,Fort Collins,Espresso Machine,3,1057.88
2026-08-27,Denver,Paper Filters,1,5.74
2026-08-27,Boulder,Whole Bean 1kg,1,25.0
2026-08-27,Fort Collins,Gooseneck Kettle,2,115.31
2026-08-27,Denver,Paper Filters,2,11.68
2026-08-27,Denver,Whole Bean 1kg,2,47.57
2026-08-27,Boulder,Espresso Machine,2,674.16
2026-08-27,Boulder,Whole Bean 1kg,1,23.76
2026-08-27,Fort Collins,Whole Bean 1kg,2,46.69
2026-08-27,Denver,Burr Grinder,1,126.1
2026-08-27,Denver,Paper Filters,2,11.9
2026-08-27,Boulder,Paper Filters,1,6.15
2026-08-27,Denver,Whole Bean 1kg,2,50.18
2026-08-27,Fort Collins,Whole Bean 1kg,2,47.95
2026-08-27,Denver,Paper Filters,1,5.99
2026-08-27,Boulder,Paper Filters,1,5.77
2026-08-27,Denver,Burr Grinder,1,134.35
2026-08-27,Denver,Burr Grinder,1,125.79
2026-08-27,Denver,Whole Bean 1kg,2,47.75
2026-08-27,Denver,Whole Bean 1kg,1,23.91
2026-08-27,Boulder,Whole Bean 1kg,1,23.68
2026-08-27,Fort Collins,Whole Bean 1kg,3,70.66
2026-08-27,Denver,Paper Filters,1,5.82
2026-08-28,Denver,Whole Bean 1kg,1,24.4
2026-08-28,Boulder,Espresso Machine,1,343.32
2026-08-28,Fort Collins,Whole Bean 1kg,1,25.02
2026-08-28,Denver,Burr Grinder,1,123.47
2026-08-28,Boulder,Whole Bean 1kg,1,23.63
2026-08-28,Denver,Whole Bean 1kg,2,51.31
2026-08-28,Boulder,Gooseneck Kettle,1,61.32
2026-08-28,Denver,Burr Grinder,2,246.76
2026-08-28,Denver,Espresso Machine,1,357.64
2026-08-28,Boulder,Whole Bean 1kg,3,72.2
2026-08-28,Fort Collins,Paper Filters,3,18.47
2026-08-28,Denver,Whole Bean 1kg,1,24.21
2026-08-28,Boulder,Whole Bean 1kg,2,46.82
2026-08-28,Fort Collins,Paper Filters,2,12.18
2026-08-28,Boulder,Whole Bean 1kg,2,46.66
2026-08-28,Denver,Paper Filters,1,5.73
2026-08-28,Denver,Burr Grinder,1,125.0
2026-08-28,Boulder,Whole Bean 1kg,1,23.82
2026-08-28,Fort Collins,Whole Bean 1kg,1,24.4
2026-08-28,Denver,Whole Bean 1kg,2,47.83
2026-08-28,Boulder,Gooseneck Kettle,1,60.53
2026-08-28,Denver,Paper Filters,2,11.68
2026-08-28,Boulder,Gooseneck Kettle,2,119.4
2026-08-28,Denver,Gooseneck Kettle,1,58.04
2026-08-28,Fort Collins,Whole Bean 1kg,2,46.08
2026-08-28,Boulder,Whole Bean 1kg,3,68.92
2026-08-28,Boulder,Whole Bean 1kg,3,70.92
2026-08-28,Denver,Whole Bean 1kg,1,23.26
2026-08-28,Boulder,Paper Filters,2,11.75
2026-08-28,Denver,Whole Bean 1kg,1,23.18
2026-08-28,Denver,Burr Grinder,1,128.69
2026-08-28,Boulder,Whole Bean 1kg,1,24.07
2026-08-28,Boulder,Gooseneck Kettle,2,118.09
2026-08-28,Denver,Whole Bean 1kg,3,72.45
2026-08-28,Boulder,Whole Bean 1kg,3,75.96
2026-08-28,Denver,Paper Filters,2,12.36
2026-08-28,Boulder,Gooseneck Kettle,1,58.18
2026-08-28,Fort Collins,Gooseneck Kettle,1,56.85
2026-08-28,Denver,Paper Filters,2,11.65
2026-08-28,Boulder,Burr Grinder,1,130.49
2026-08-28,Denver,Whole Bean 1kg,2,48.32
2026-08-28,Denver,Burr Grinder,1,136.43
2026-08-28,Denver,Whole Bean 1kg,3,72.17
2026-08-28,Boulder,Gooseneck Kettle,1,58.83
2026-08-28,Denver,Burr Grinder,2,264.96
2026-08-28,Denver,Gooseneck Kettle,2,119.2
2026-08-28,Boulder,Burr Grinder,2,250.27
2026-08-28,Denver,Burr Grinder,1,124.36
2026-08-28,Denver,Espresso Machine,1,344.62
2026-08-28,Denver,Paper Filters,2,11.72
2026-08-28,Boulder,Paper Filters,2,12.01
2026-08-28,Fort Collins,Whole Bean 1kg,2,50.23
2026-08-28,Denver,Whole Bean 1kg,3,75.12
2026-08-28,Denver,Gooseneck Kettle,1,58.55
2026-08-28,Fort Collins,Espresso Machine,1,355.43
2026-08-28,Denver,Burr Grinder,1,128.24
2026-08-28,Fort Collins,Whole Bean 1kg,1,23.0
2026-08-28,Denver,Burr Grinder,2,261.99
2026-08-28,Denver,Whole Bean 1kg,2,46.64
2026-08-28,Boulder,Whole Bean 1kg,1,23.53
2026-08-28,Boulder,Paper Filters,1,6.24
2026-08-28,Denver,Whole Bean 1kg,2,48.38
2026-08-28,Boulder,Burr Grinder,1,130.88
2026-08-28,Fort Collins,Whole Bean 1kg,1,23.44
2026-08-28,Fort Collins,Whole Bean 1kg,2,48.67
2026-08-28,Denver,Paper Filters,2,11.69
2026-08-28,Boulder,Gooseneck Kettle,2,120.1
2026-08-28,Boulder,Whole Bean 1kg,1,24.77
2026-08-29,Fort Collins,Paper Filters,1,6.09
2026-08-29,Fort Collins,Paper Filters,1,5.85
2026-08-29,Boulder,Espresso Machine,1,349.44
2026-08-29,Boulder,Whole Bean 1kg,2,47.4
2026-08-29,Denver,Whole Bean 1kg,1,23.59
2026-08-29,Boulder,Burr Grinder,1,132.74
2026-08-29,Boulder,Paper Filters,1,6.19
2026-08-29,Denver,Whole Bean 1kg,2,48.54
2026-08-29,Denver,Whole Bean 1kg,2,48.64
2026-08-29,Boulder,Whole Bean 1kg,2,48.31
2026-08-29,Boulder,Whole Bean 1kg,1,24.45
2026-08-29,Denver,Whole Bean 1kg,2,48.7
2026-08-29,Boulder,Gooseneck Kettle,3,176.43
2026-08-29,Denver,Paper Filters,1,5.84
2026-08-29,Boulder,Whole Bean 1kg,2,46.78
2026-08-29,Denver,Whole Bean 1kg,3,75.73
2026-08-29,Denver,Whole Bean 1kg,1,24.55
2026-08-29,Denver,Paper Filters,2,11.91
2026-08-29,Denver,Paper Filters,1,5.9
2026-08-29,Boulder,Whole Bean 1kg,2,49.28
2026-08-29,Boulder,Burr Grinder,1,128.23
2026-08-29,Denver,Whole Bean 1kg,2,48.89
2026-08-29,Denver,Whole Bean 1kg,1,24.35
2026-08-29,Boulder,Paper Filters,2,11.89
2026-08-29,Fort Collins,Whole Bean 1kg,1,23.67
2026-08-29,Denver,Burr Grinder,3,376.7
2026-08-29,Denver,Burr Grinder,2,256.1
2026-08-29,Denver,Paper Filters,1,5.9
2026-08-29,Denver,Paper Filters,2,11.58
2026-08-29,Boulder,Whole Bean 1kg,2,47.37
2026-08-29,Denver,Espresso Machine,1,347.67
2026-08-29,Denver,Gooseneck Kettle,2,114.8
2026-08-29,Fort Collins,Whole Bean 1kg,2,48.98
2026-08-29,Denver,Whole Bean 1kg,1,24.08
2026-08-29,Denver,Gooseneck Kettle,1,58.95
2026-08-29,Fort Collins,Paper Filters,1,6.26
2026-08-29,Fort Collins,Whole Bean 1kg,1,24.31
2026-08-29,Denver,Espresso Machine,1,344.01
2026-08-29,Boulder,Whole Bean 1kg,3,69.36
2026-08-29,Boulder,Whole Bean 1kg,2,47.25
2026-08-29,Boulder,Paper Filters,2,11.4
2026-08-29,Boulder,Whole Bean 1kg,2,49.86
2026-08-29,Boulder,Paper Filters,1,6.09
2026-08-29,Denver,Whole Bean 1kg,2,46.88
2026-08-29,Boulder,Whole Bean 1kg,1,23.52
2026-08-29,Boulder,Paper Filters,2,12.03
2026-08-29,Denver,Paper Filters,1,5.88
2026-08-29,Boulder,Burr Grinder,2,257.47
2026-08-29,Denver,Burr Grinder,1,131.98
2026-08-29,Denver,Whole Bean 1kg,3,71.89
2026-08-29,Boulder,Whole Bean 1kg,1,24.11
2026-08-29,Denver,Burr Grinder,1,121.55
2026-08-29,Boulder,Gooseneck Kettle,2,116.58
2026-08-29,Boulder,Whole Bean 1kg,1,25.02
2026-08-29,Denver,Gooseneck Kettle,2,113.1
2026-08-29,Boulder,Paper Filters,2,12.71
2026-08-29,Boulder,Whole Bean 1kg,3,72.54
2026-08-29,Denver,Gooseneck Kettle,2,122.42
2026-08-29,Denver,Paper Filters,2,11.73
2026-08-29,Boulder,Gooseneck Kettle,2,114.44
2026-08-29,Fort Collins,Gooseneck Kettle,2,118.16
2026-08-29,Denver,Espresso Machine,2,706.22
2026-08-29,Fort Collins,Gooseneck Kettle,2,118.81
2026-08-29,Boulder,Whole Bean 1kg,1,24.52
2026-08-29,Boulder,Burr Grinder,2,256.51
2026-08-29,Fort Collins,Gooseneck Kettle,2,119.47
2026-08-29,Boulder,Whole Bean 1kg,1,23.61
2026-08-29,Boulder,Paper Filters,2,12.17
2026-08-29,Denver,Espresso Machine,1,330.49
2026-08-29,Fort Collins,Whole Bean 1kg,2,47.33
2026-08-29,Boulder,Whole Bean 1kg,2,47.48
2026-08-29,Denver,Paper Filters,1,5.78
2026-08-29,Denver,Whole Bean 1kg,1,23.74
2026-08-29,Fort Collins,Espresso Machine,1,358.45
2026-08-29,Fort Collins,Burr Grinder,2,262.62
2026-08-30,Denver,Gooseneck Kettle,1,58.65
2026-08-30,Boulder,Burr Grinder,1,128.81
2026-08-30,Denver,Gooseneck Kettle,2,118.13
2026-08-30,Denver,Burr Grinder,3,376.7
2026-08-30,Boulder,Paper Filters,3,17.97
2026-08-30,Boulder,Whole Bean 1kg,2,48.41
2026-08-30,Denver,Whole Bean 1kg,2,49.01
2026-08-30,Denver,Whole Bean 1kg,1,24.4
2026-08-30,Denver,Burr Grinder,1,131.01
2026-08-30,Boulder,Whole Bean 1kg,1,23.98
2026-08-30,Boulder,Burr Grinder,2,253.6
2026-08-30,Boulder,Whole Bean 1kg,2,50.15
2026-08-30,Boulder,Espresso Machine,4,1362.44
2026-08-30,Fort Collins,Gooseneck Kettle,1,59.48
2026-08-30,Boulder,Whole Bean 1kg,1,24.24
2026-08-30,Boulder,Whole Bean 1kg,1,24.05
2026-08-30,Denver,Paper Filters,2,11.45
2026-08-30,Boulder,Burr Grinder,2,270.13
2026-08-30,Denver,Whole Bean 1kg,1,24.04
2026-08-30,Fort Collins,Whole Bean 1kg,3,76.02
2026-08-30,Denver,Whole Bean 1kg,1,22.69
2026-08-30,Boulder,Burr Grinder,1,129.3
2026-08-30,Denver,Paper Filters,1,6.07
2026-08-30,Denver,Paper Filters,2,12.08
2026-08-30,Boulder,Gooseneck Kettle,2,119.93
2026-08-30,Denver,Paper Filters,1,6.09
2026-08-30,Denver,Paper Filters,3,18.74
2026-08-30,Denver,Paper Filters,1,5.9
2026-08-30,Boulder,Burr Grinder,2,265.03
2026-08-30,Fort Collins,Burr Grinder,1,134.95
2026-08-30,Boulder,Paper Filters,1,6.11
2026-08-30,Denver,Paper Filters,2,11.75
2026-08-30,Denver,Gooseneck Kettle,1,55.58
2026-08-30,Boulder,Paper Filters,2,12.15
2026-08-30,Denver,Paper Filters,1,5.88
2026-08-30,Denver,Paper Filters,1,6.01
2026-08-30,Denver,Whole Bean 1kg,1,24.31
2026-08-30,Denver,Whole Bean 1kg,1,24.38
2026-08-30,Fort Collins,Whole Bean 1kg,3,71.86
2026-08-30,Fort Collins,Whole Bean 1kg,2,49.64
2026-08-30,Fort Collins,Burr Grinder,1,131.32
2026-08-30,Boulder,Paper Filters,1,5.96
2026-08-30,Boulder,Espresso Machine,2,698.56
2026-08-30,Boulder,Whole Bean 1kg,2,47.71
2026-08-30,Denver,Burr Grinder,1,122.47
2026-08-30,Denver,Whole Bean 1kg,2,47.25
2026-08-30,Fort Collins,Burr Grinder,2,261.95
2026-08-30,Denver,Burr Grinder,2,269.98
2026-08-30,Denver,Burr Grinder,3,378.52
2026-08-30,Fort Collins,Whole Bean 1kg,1,23.8
2026-08-30,Denver,Paper Filters,1,5.88
2026-08-30,Boulder,Paper Filters,1,5.83
2026-08-30,Fort Collins,Whole Bean 1kg,1,23.86
2026-08-30,Fort Collins,Whole Bean 1kg,2,47.08
2026-08-30,Boulder,Paper Filters,2,11.84
2026-08-30,Boulder,Paper Filters,1,6.09
2026-08-31,Fort Collins,Whole Bean 1kg,1,23.53
2026-08-31,Fort Collins,Whole Bean 1kg,3,74.82
2026-08-31,Boulder,Whole Bean 1kg,1,24.38
2026-08-31,Fort Collins,Paper Filters,2,11.12
2026-08-31,Boulder,Espresso Machine,1,336.72
2026-08-31,Fort Collins,Paper Filters,2,12.23
2026-08-31,Denver,Paper Filters,2,11.56
2026-08-31,Boulder,Burr Grinder,1,129.73
2026-08-31,Denver,Whole Bean 1kg,3,68.28
2026-08-31,Fort Collins,Whole Bean 1kg,2,51.18
2026-08-31,Denver,Paper Filters,1,6.25
2026-08-31,Fort Collins,Whole Bean 1kg,1,25.7
2026-08-31,Denver,Paper Filters,1,5.72
2026-08-31,Boulder,Paper Filters,2,11.47
2026-08-31,Denver,Paper Filters,2,11.7
2026-08-31,Fort Collins,Whole Bean 1kg,2,46.05
2026-08-31,Denver,Espresso Machine,1,357.78
2026-08-31,Denver,Whole Bean 1kg,1,24.76
2026-08-31,Boulder,Whole Bean 1kg,1,24.64
2026-08-31,Denver,Whole Bean 1kg,2,49.2
2026-08-31,Denver,Espresso Machine,1,334.51
2026-08-31,Denver,Whole Bean 1kg,1,23.49
2026-08-31,Denver,Burr Grinder,1,123.38
2026-08-31,Denver,Whole Bean 1kg,2,44.98
2026-08-31,Denver,Espresso Machine,1,342.19
2026-08-31,Fort Collins,Gooseneck Kettle,2,115.27
2026-08-31,Fort Collins,Whole Bean 1kg,1,24.36
2026-08-31,Denver,Whole Bean 1kg,2,47.84
2026-08-31,Fort Collins,Whole Bean 1kg,2,50.93
