date,revenue,units_sold,product,region
2026-03-05,77.82,1,Team,APAC
2026-03-05,19.71,1,Starter,US East
2026-03-05,19.65,1,Starter,US West
2026-03-05,39.57,2,Starter,US East
2026-03-05,476.33,2,Business,US West
2026-03-05,71.41,1,Team,US East
2026-03-05,17.58,1,Starter,US West
2026-03-05,76.06,1,Team,Europe
2026-03-05,81.15,1,Team,US West
2026-03-05,253.33,1,Business,US West
2026-03-05,18.37,1,Starter,Europe
2026-03-05,19.5,1,Starter,APAC
2026-03-05,162.96,2,Team,US West
2026-03-05,256.64,1,Business,US West
2026-03-05,37.52,2,Starter,Europe
2026-03-05,80.35,1,Team,US West
2026-03-05,80.95,1,Team,Europe
2026-03-05,37.66,2,Starter,US West
2026-03-05,145.57,2,Team,US West
2026-03-05,18.04,1,Starter,APAC
2026-03-05,40.47,2,Starter,Europe
2026-03-05,19.23,1,Starter,US West
2026-03-05,241.84,1,Business,Europe
2026-03-05,152.11,2,Team,US West
2026-03-05,76.1,1,Team,Europe
2026-03-05,246.24,1,Business,US East
2026-03-05,37.64,2,Starter,US West
2026-03-05,42.01,2,Starter,US East
2026-03-05,20.26,1,Starter,US East
2026-03-05,19.57,1,Starter,US East
2026-03-05,79.76,1,Team,US East
2026-03-05,37.2,2,Starter,APAC
2026-03-05,19.76,1,Starter,APAC
2026-03-05,530.92,2,Business,Europe
2026-03-05,76.24,1,Team,US West
2026-03-05,242.18,1,Business,Europe
2026-03-05,17.17,1,Starter,US West
2026-03-05,39.1,2,Starter,US East
2026-03-05,245.97,3,Team,US East
2026-03-05,80.52,1,Team,US East
2026-03-05,159.6,2,Team,US West
2026-03-05,865.39,1,Enterprise,US West
2026-03-05,39.56,2,Starter,US East
2026-03-05,243.42,1,Business,US East
2026-03-05,38.03,2,Starter,Europe
2026-03-06,246.54,1,Business,US West
2026-03-06,74.78,1,Team,Europe
2026-03-06,74.39,1,Team,Europe
2026-03-06,35.1,2,Starter,US East
2026-03-06,80.19,1,Team,US East
2026-03-06,165.5,2,Team,US East
2026-03-06,247.42,1,Business,US West
2026-03-06,154.01,2,Team,APAC
2026-03-06,165.6,2,Team,US West
2026-03-06,78.51,1,Team,US West
2026-03-06,472.36,2,Business,US East
2026-03-06,75.27,1,Team,US West
2026-03-06,20.04,1,Starter,US West
2026-03-06,19.42,1,Starter,US East
2026-03-06,36.36,2,Starter,Europe
2026-03-06,246.25,1,Business,APAC
2026-03-06,171.63,2,Team,US West
2026-03-06,163.63,2,Team,Europe
2026-03-06,548.41,2,Business,APAC
2026-03-06,241.28,1,Business,Europe
2026-03-06,36.93,2,Starter,Europe
2026-03-06,37.97,2,Starter,US East
2026-03-06,1693.1,2,Enterprise,US West
2026-03-06,868.03,1,Enterprise,US West
2026-03-06,79.18,1,Team,US West
2026-03-06,38.28,2,Starter,APAC
2026-03-06,240.17,1,Business,US East
2026-03-06,80.35,1,Team,US West
2026-03-06,252.44,1,Business,US East
2026-03-06,72.75,1,Team,Europe
2026-03-06,17.91,1,Starter,US East
2026-03-06,253.2,1,Business,US West
2026-03-06,17.91,1,Starter,US West
2026-03-06,36.66,2,Starter,Europe
2026-03-06,18.14,1,Starter,US West
2026-03-06,38.25,2,Starter,US West
2026-03-06,252.07,3,Team,US East
2026-03-06,81.46,1,Team,Europe
2026-03-06,165.03,2,Team,APAC
2026-03-06,40.46,2,Starter,US East
2026-03-06,159.52,2,Team,Europe
2026-03-06,18.4,1,Starter,US West
2026-03-06,162.48,2,Team,US West
2026-03-06,507.25,2,Business,US West
2026-03-06,41.06,2,Starter,APAC
2026-03-06,16.91,1,Starter,US West
2026-03-06,37.76,2,Starter,US West
2026-03-06,37.15,2,Starter,US West
2026-03-06,80.25,1,Team,US East
2026-03-06,153.68,2,Team,US West
2026-03-06,19.94,1,Starter,Europe
2026-03-06,250.5,1,Business,Europe
2026-03-06,76.65,1,Team,US East
2026-03-06,19.42,1,Starter,Europe
2026-03-06,915.39,1,Enterprise,US East
2026-03-06,507.28,2,Business,US West
2026-03-06,75.79,1,Team,Europe
2026-03-06,37.92,2,Starter,US West
2026-03-07,1788.14,2,Enterprise,US West
2026-03-07,158.88,2,Team,US West
2026-03-07,79.66,1,Team,US East
2026-03-07,78.69,1,Team,APAC
2026-03-07,52.78,3,Starter,APAC
2026-03-07,18.83,1,Starter,US East
2026-03-07,152.06,2,Team,US East
2026-03-07,19.89,1,Starter,US East
2026-03-07,262.05,1,Business,APAC
2026-03-07,254.61,1,Business,US West
2026-03-07,41.21,2,Starter,US West
2026-03-07,34.41,2,Starter,US East
2026-03-07,245.53,3,Team,US East
2026-03-07,81.82,1,Team,US West
2026-03-07,39.37,2,Starter,US West
2026-03-07,38.43,2,Starter,US West
2026-03-07,19.09,1,Starter,Europe
2026-03-07,1760.4,2,Enterprise,US West
2026-03-07,80.26,1,Team,US West
2026-03-07,80.41,1,Team,APAC
2026-03-07,503.36,2,Business,APAC
2026-03-07,39.39,2,Starter,US West
2026-03-07,74.99,1,Team,Europe
2026-03-07,36.58,2,Starter,Europe
2026-03-07,1891.35,2,Enterprise,US West
2026-03-07,497.15,2,Business,US West
2026-03-07,84.63,1,Team,US East
2026-03-07,837.08,1,Enterprise,US East
2026-03-07,1872.92,2,Enterprise,US West
2026-03-07,75.31,1,Team,US East
2026-03-07,19.46,1,Starter,US West
2026-03-07,19.47,1,Starter,US West
2026-03-07,464.2,2,Business,US West
2026-03-07,242.37,1,Business,Europe
2026-03-08,18.99,1,Starter,US West
2026-03-08,19.53,1,Starter,Europe
2026-03-08,860.38,1,Enterprise,US East
2026-03-08,74.23,1,Team,US West
2026-03-08,251.92,1,Business,US East
2026-03-08,38.55,2,Starter,US West
2026-03-08,19.73,1,Starter,Europe
2026-03-08,34.16,2,Starter,APAC
2026-03-08,19.94,1,Starter,US West
2026-03-08,19.46,1,Starter,US West
2026-03-08,176.07,2,Team,US West
2026-03-08,18.69,1,Starter,US East
2026-03-08,256.02,1,Business,US West
2026-03-08,41.7,2,Starter,Europe
2026-03-08,18.84,1,Starter,US East
2026-03-08,169.99,2,Team,US West
2026-03-08,72.79,1,Team,APAC
2026-03-08,74.76,1,Team,US West
2026-03-08,149.95,2,Team,US West
2026-03-09,38.9,2,Starter,US East
2026-03-09,254.83,1,Business,US West
2026-03-09,80.44,1,Team,US West
2026-03-09,169.56,2,Team,US West
2026-03-09,78.55,1,Team,US West
2026-03-09,37.58,2,Starter,Europe
2026-03-09,502.6,2,Business,Europe
2026-03-09,20.08,1,Starter,Europe
2026-03-09,82.34,1,Team,US West
2026-03-09,19.77,1,Starter,US East
2026-03-09,19.23,1,Starter,Europe
2026-03-09,19.64,1,Starter,US East
2026-03-09,17.92,1,Starter,US East
2026-03-09,75.48,1,Team,US East
2026-03-09,85.16,1,Team,US East
2026-03-09,37.89,2,Starter,Europe
2026-03-09,19.1,1,Starter,US West
2026-03-09,274.52,1,Business,US East
2026-03-09,36.29,2,Starter,US West
2026-03-09,18.27,1,Starter,US East
2026-03-09,480.05,2,Business,APAC
2026-03-09,84.88,1,Team,US East
2026-03-09,19.43,1,Starter,US West
2026-03-09,20.14,1,Starter,US East
2026-03-09,502.35,2,Business,US West
2026-03-09,248.66,3,Team,US West
2026-03-09,18.83,1,Starter,Europe
2026-03-09,36.21,2,Starter,US West
2026-03-09,81.94,1,Team,US West
2026-03-09,243.16,1,Business,US West
2026-03-09,489.83,2,Business,US East
2026-03-09,269.07,1,Business,US West
2026-03-09,159.76,2,Team,US East
2026-03-09,79.73,1,Team,US West
2026-03-09,149.1,2,Team,US East
2026-03-09,81.73,1,Team,US West
2026-03-09,74.25,1,Team,US East
2026-03-09,152.76,2,Team,US West
2026-03-09,74.04,1,Team,US East
2026-03-09,17.6,1,Starter,US East
2026-03-09,75.81,1,Team,US West
2026-03-09,18.64,1,Starter,US West
2026-03-09,39.81,2,Starter,US East
2026-03-09,80.09,1,Team,US East
2026-03-09,883.26,1,Enterprise,US East
2026-03-09,150.54,2,Team,US East
2026-03-09,36.26,2,Starter,US East
2026-03-09,87.5,1,Team,US West
2026-03-09,38.96,2,Starter,Europe
2026-03-09,79.79,1,Team,US East
2026-03-09,19.92,1,Starter,US West
2026-03-09,42.91,2,Starter,US East
2026-03-09,2704.16,3,Enterprise,US East
2026-03-09,505.8,2,Business,Europe
2026-03-09,262.91,1,Business,US West
2026-03-09,72.18,1,Team,US West
2026-03-09,262.39,1,Business,APAC
2026-03-09,40.79,2,Starter,APAC
2026-03-09,78.8,1,Team,US West
2026-03-09,922.83,1,Enterprise,Europe
2026-03-09,275.71,1,Business,US West
2026-03-10,161.44,2,Team,US West
2026-03-10,74.17,1,Team,US West
2026-03-10,78.81,1,Team,Europe
2026-03-10,169.19,2,Team,US West
2026-03-10,245.7,1,Business,US West
2026-03-10,21.37,1,Starter,Europe
2026-03-10,42.64,2,Starter,US East
2026-03-10,73.65,1,Team,Europe
2026-03-10,507.32,2,Business,US East
2026-03-10,19.86,1,Starter,Europe
2026-03-10,79.23,1,Team,US East
2026-03-10,79.33,1,Team,US West
2026-03-10,18.19,1,Starter,US West
2026-03-10,937.93,1,Enterprise,US East
2026-03-10,250.14,1,Business,Europe
2026-03-10,158.82,2,Team,US East
2026-03-10,39.66,2,Starter,US East
2026-03-10,77.52,1,Team,Europe
2026-03-10,19.39,1,Starter,US West
2026-03-10,37.67,2,Starter,US West
2026-03-10,20.3,1,Starter,Europe
2026-03-10,37.54,2,Starter,Europe
2026-03-10,18.11,1,Starter,Europe
2026-03-10,741.81,3,Business,Europe
2026-03-10,922.54,1,Enterprise,Europe
2026-03-10,19.48,1,Starter,US East
2026-03-10,236.47,1,Business,APAC
2026-03-10,34.18,2,Starter,APAC
2026-03-10,18.43,1,Starter,US East
2026-03-10,18.17,1,Starter,US East
2026-03-10,87.97,1,Team,US East
2026-03-10,18.66,1,Starter,US West
2026-03-10,253.94,1,Business,US East
2026-03-10,21.2,1,Starter,US West
2026-03-10,17.79,1,Starter,US East
2026-03-10,19.83,1,Starter,US East
2026-03-10,278.8,1,Business,US East
2026-03-10,40.72,2,Starter,US West
2026-03-11,40.98,2,Starter,Europe
2026-03-11,74.38,1,Team,Europe
2026-03-11,462.28,2,Business,US West
2026-03-11,78.91,1,Team,US East
2026-03-11,909.13,1,Enterprise,US West
2026-03-11,70.65,1,Team,US West
2026-03-11,37.69,2,Starter,US West
2026-03-11,18.58,1,Starter,US East
2026-03-11,77.65,1,Team,US East
2026-03-11,39.46,2,Starter,US West
2026-03-11,224.99,3,Team,US West
2026-03-11,19.27,1,Starter,Europe
2026-03-11,81.86,1,Team,US East
2026-03-11,159.81,2,Team,Europe
2026-03-11,17.7,1,Starter,US West
2026-03-11,77.3,1,Team,US East
2026-03-11,153.2,2,Team,US West
2026-03-11,37.34,2,Starter,Europe
2026-03-11,473.5,2,Business,US West
2026-03-11,148.78,2,Team,US East
2026-03-11,237.62,1,Business,Europe
2026-03-11,518.84,2,Business,US West
2026-03-11,160.35,2,Team,Europe
2026-03-11,77.74,1,Team,US West
2026-03-11,16.04,1,Starter,US East
2026-03-11,515.71,2,Business,APAC
2026-03-11,165.45,2,Team,Europe
2026-03-11,484.9,2,Business,APAC
2026-03-11,18.88,1,Starter,US East
2026-03-11,19.52,1,Starter,Europe
2026-03-11,242.99,1,Business,US East
2026-03-11,498.54,2,Business,US West
2026-03-11,470.45,2,Business,US East
2026-03-11,79.65,1,Team,US West
2026-03-11,35.73,2,Starter,Europe
2026-03-11,78.26,1,Team,US West
2026-03-11,85.71,1,Team,US East
2026-03-11,20.84,1,Starter,APAC
2026-03-11,39.71,2,Starter,US West
2026-03-11,74.06,1,Team,Europe
2026-03-11,38.72,2,Starter,Europe
2026-03-11,18.73,1,Starter,US East
2026-03-11,35.23,2,Starter,Europe
2026-03-11,74.86,1,Team,US West
2026-03-11,279.57,1,Business,Europe
2026-03-11,850.55,1,Enterprise,APAC
2026-03-11,146.07,2,Team,US West
2026-03-11,914.82,1,Enterprise,US West
2026-03-11,259.86,1,Business,APAC
2026-03-11,37.41,2,Starter,US West
2026-03-11,75.45,1,Team,APAC
2026-03-11,220.89,1,Business,Europe
2026-03-11,153.44,2,Team,US East
2026-03-11,158.2,2,Team,US West
2026-03-11,35.45,2,Starter,US East
2026-03-11,81.03,1,Team,APAC
2026-03-11,73.63,1,Team,US West
2026-03-11,236.46,3,Team,US East
2026-03-11,160.59,2,Team,Europe
2026-03-11,36.41,2,Starter,US West
2026-03-11,70.6,1,Team,US West
2026-03-11,243.92,1,Business,Europe
2026-03-11,36.44,2,Starter,US West
2026-03-11,230.17,1,Business,US West
2026-03-11,56.67,3,Starter,US East
2026-03-12,18.25,1,Starter,Europe
2026-03-12,462.32,2,Business,US West
2026-03-12,18.82,1,Starter,US East
2026-03-12,20.1,1,Starter,US West
2026-03-12,1803.59,2,Enterprise,Europe
2026-03-12,80.51,1,Team,Europe
2026-03-12,166.44,2,Team,US East
2026-03-12,75.48,1,Team,APAC
2026-03-12,17.95,1,Starter,US West
2026-03-12,36.51,2,Starter,US West
2026-03-12,1786.6,2,Enterprise,APAC
2026-03-12,242.45,1,Business,Europe
2026-03-12,18.67,1,Starter,Europe
2026-03-12,83.7,1,Team,US East
2026-03-12,477.77,2,Business,US West
2026-03-12,167.1,2,Team,US West
2026-03-12,34.55,2,Starter,APAC
2026-03-12,36.75,2,Starter,Europe
2026-03-12,21.1,1,Starter,US East
2026-03-12,36.98,2,Starter,APAC
2026-03-12,17.83,1,Starter,US West
2026-03-12,37.45,2,Starter,US West
2026-03-12,40.73,2,Starter,US East
2026-03-12,38.62,2,Starter,US West
2026-03-12,17.94,1,Starter,US West
2026-03-12,871.28,1,Enterprise,US East
2026-03-12,20.26,1,Starter,US East
2026-03-12,253.1,1,Business,US West
2026-03-12,18.02,1,Starter,Europe
2026-03-12,1879.61,2,Enterprise,Europe
2026-03-12,19.44,1,Starter,US East
2026-03-12,509.26,2,Business,Europe
2026-03-12,74.33,1,Team,US West
2026-03-12,489.12,2,Business,US East
2026-03-12,824.07,1,Enterprise,Europe
2026-03-12,61.08,3,Starter,US West
2026-03-12,79.78,1,Team,Europe
2026-03-12,32.2,2,Starter,US East
2026-03-12,154.28,2,Team,US West
2026-03-12,474.54,2,Business,US West
2026-03-12,19.68,1,Starter,Europe
2026-03-12,161.02,2,Team,US East
2026-03-12,19.22,1,Starter,Europe
2026-03-12,149.54,2,Team,US West
2026-03-12,160.79,2,Team,US East
2026-03-12,256.38,1,Business,US West
2026-03-12,83.35,1,Team,US West
2026-03-12,75.34,1,Team,US West
2026-03-12,159.39,2,Team,US East
2026-03-12,41.24,2,Starter,US East
2026-03-12,73.83,1,Team,US West
2026-03-12,166.32,2,Team,Europe
2026-03-12,79.55,1,Team,US East
2026-03-12,38.67,2,Starter,US East
2026-03-12,20.67,1,Starter,US East
2026-03-12,77.19,1,Team,Europe
2026-03-12,76.61,1,Team,US East
2026-03-12,20.08,1,Starter,US West
2026-03-12,79.57,1,Team,APAC
2026-03-12,503.73,2,Business,US West
2026-03-12,80.67,1,Team,APAC
2026-03-12,77.54,1,Team,US East
2026-03-12,78.64,1,Team,US West
2026-03-12,74.79,1,Team,US West
2026-03-12,236.21,1,Business,Europe
2026-03-12,38.65,2,Starter,US East
2026-03-12,250.68,1,Business,US West
2026-03-12,507.8,2,Business,APAC
2026-03-12,38.44,2,Starter,US East
2026-03-13,17.54,1,Starter,US East
2026-03-13,242.46,1,Business,US East
2026-03-13,18.58,1,Starter,US West
2026-03-13,467.05,2,Business,APAC
2026-03-13,148.74,2,Team,US East
2026-03-13,39.41,2,Starter,US West
2026-03-13,40.04,2,Starter,US East
2026-03-13,17.97,1,Starter,US West
2026-03-13,77.86,1,Team,US East
2026-03-13,150.24,2,Team,US East
2026-03-13,80.52,1,Team,APAC
2026-03-13,40.35,2,Starter,US West
2026-03-13,1815.52,2,Enterprise,Europe
2026-03-13,85.06,1,Team,Europe
2026-03-13,38.69,2,Starter,Europe
2026-03-13,482.47,2,Business,US East
2026-03-13,78.47,1,Team,US West
2026-03-13,19.57,1,Starter,US West
2026-03-13,37.88,2,Starter,US West
2026-03-13,21.71,1,Starter,US West
2026-03-13,77.11,1,Team,Europe
2026-03-13,36.96,2,Starter,US West
2026-03-13,81.79,1,Team,US West
2026-03-13,79.79,1,Team,US East
2026-03-13,260.36,1,Business,US East
2026-03-13,70.76,1,Team,APAC
2026-03-13,18.58,1,Starter,US West
2026-03-13,18.73,1,Starter,Europe
2026-03-13,248.0,1,Business,US West
2026-03-13,38.26,2,Starter,Europe
2026-03-13,149.37,2,Team,APAC
2026-03-13,148.41,2,Team,Europe
2026-03-13,245.27,1,Business,Europe
2026-03-13,80.74,1,Team,US West
2026-03-13,250.45,1,Business,US West
2026-03-13,234.87,3,Team,US West
2026-03-13,472.98,2,Business,US East
2026-03-13,82.22,1,Team,APAC
2026-03-13,18.62,1,Starter,Europe
2026-03-13,222.09,3,Team,US East
2026-03-13,19.2,1,Starter,US East
2026-03-13,445.9,2,Business,US East
2026-03-13,80.79,1,Team,US West
2026-03-13,35.38,2,Starter,Europe
2026-03-13,18.76,1,Starter,Europe
2026-03-13,77.95,1,Team,US East
2026-03-13,261.28,1,Business,US West
2026-03-13,80.2,1,Team,US West
2026-03-13,264.37,1,Business,US East
2026-03-13,36.43,2,Starter,APAC
2026-03-13,172.84,2,Team,US East
2026-03-13,41.85,2,Starter,Europe
2026-03-13,35.02,2,Starter,US East
2026-03-13,481.18,2,Business,US West
2026-03-13,1803.75,2,Enterprise,US West
2026-03-13,39.93,2,Starter,Europe
2026-03-13,969.79,1,Enterprise,Europe
2026-03-13,19.04,1,Starter,Europe
2026-03-13,38.94,2,Starter,US East
2026-03-13,247.83,1,Business,US East
2026-03-13,499.36,2,Business,Europe
2026-03-13,17.51,1,Starter,Europe
2026-03-14,74.11,1,Team,US East
2026-03-14,77.66,1,Team,US West
2026-03-14,40.88,2,Starter,US East
2026-03-14,489.19,2,Business,US West
2026-03-14,18.8,1,Starter,APAC
2026-03-14,71.22,1,Team,US East
2026-03-14,238.82,1,Business,US West
2026-03-14,19.0,1,Starter,US West
2026-03-14,35.49,2,Starter,Europe
2026-03-14,80.53,1,Team,US East
2026-03-14,38.65,2,Starter,APAC
2026-03-14,164.04,2,Team,US West
2026-03-14,38.37,2,Starter,Europe
2026-03-14,81.48,1,Team,US West
2026-03-14,18.45,1,Starter,US West
2026-03-14,161.47,2,Team,Europe
2026-03-14,509.4,2,Business,US West
2026-03-14,1789.52,2,Enterprise,APAC
2026-03-14,34.66,2,Starter,US East
2026-03-14,51.74,3,Starter,US West
2026-03-14,490.7,2,Business,US West
2026-03-14,83.18,1,Team,US East
2026-03-14,242.83,1,Business,Europe
2026-03-14,17.43,1,Starter,Europe
2026-03-14,40.54,2,Starter,US West
2026-03-14,16.49,1,Starter,US West
2026-03-14,17.06,1,Starter,US East
2026-03-15,35.17,2,Starter,US East
2026-03-15,145.5,2,Team,US East
2026-03-15,18.87,1,Starter,Europe
2026-03-15,82.17,1,Team,Europe
2026-03-15,81.25,1,Team,APAC
2026-03-15,37.54,2,Starter,US East
2026-03-15,38.89,2,Starter,US West
2026-03-15,153.92,2,Team,Europe
2026-03-15,180.45,2,Team,Europe
2026-03-15,940.99,1,Enterprise,US West
2026-03-15,18.7,1,Starter,Europe
2026-03-15,21.09,1,Starter,Europe
2026-03-15,38.18,2,Starter,US West
2026-03-15,67.87,1,Team,US East
2026-03-15,153.01,2,Team,US East
2026-03-15,78.51,1,Team,Europe
2026-03-15,36.49,2,Starter,US West
2026-03-15,257.21,1,Business,US East
2026-03-15,155.43,2,Team,US West
2026-03-15,163.08,2,Team,US West
2026-03-15,20.69,1,Starter,Europe
2026-03-15,904.48,1,Enterprise,APAC
2026-03-15,40.48,2,Starter,US East
2026-03-15,155.79,2,Team,US West
2026-03-15,19.71,1,Starter,US West
2026-03-15,248.95,1,Business,Europe
2026-03-15,19.15,1,Starter,US West
2026-03-15,68.43,1,Team,US West
2026-03-15,160.55,2,Team,Europe
2026-03-15,37.59,2,Starter,US East
2026-03-16,38.48,2,Starter,US West
2026-03-16,74.71,1,Team,US West
2026-03-16,18.63,1,Starter,US West
2026-03-16,19.72,1,Starter,Europe
2026-03-16,38.09,2,Starter,US East
2026-03-16,19.1,1,Starter,US East
2026-03-16,83.58,1,Team,US East
2026-03-16,36.75,2,Starter,APAC
2026-03-16,252.71,1,Business,US West
2026-03-16,17.53,1,Starter,APAC
2026-03-16,36.17,2,Starter,Europe
2026-03-16,81.18,1,Team,Europe
2026-03-16,261.42,1,Business,Europe
2026-03-16,76.89,1,Team,US West
2026-03-16,38.28,2,Starter,APAC
2026-03-16,251.84,1,Business,US East
2026-03-16,1845.13,2,Enterprise,US East
2026-03-16,40.13,2,Starter,US East
2026-03-16,517.27,2,Business,US East
2026-03-16,255.48,1,Business,US West
2026-03-16,159.43,2,Team,Europe
2026-03-16,77.25,1,Team,APAC
2026-03-16,906.79,1,Enterprise,Europe
2026-03-16,253.91,1,Business,US East
2026-03-16,34.53,2,Starter,US East
2026-03-16,144.38,2,Team,US West
2026-03-16,19.33,1,Starter,Europe
2026-03-16,20.39,1,Starter,US East
2026-03-16,57.87,3,Starter,US East
2026-03-16,19.34,1,Starter,US West
2026-03-16,254.62,1,Business,US West
2026-03-16,161.04,2,Team,US West
2026-03-16,20.11,1,Starter,US West
2026-03-16,216.45,3,Team,US East
2026-03-16,171.6,2,Team,Europe
2026-03-16,837.8,1,Enterprise,APAC
2026-03-16,80.26,1,Team,US East
2026-03-16,145.73,2,Team,US West
2026-03-16,1913.38,2,Enterprise,Europe
2026-03-16,18.69,1,Starter,Europe
2026-03-16,260.07,1,Business,US West
2026-03-16,76.36,1,Team,Europe
2026-03-16,245.94,1,Business,Europe
2026-03-16,19.19,1,Starter,Europe
2026-03-16,917.49,1,Enterprise,Europe
2026-03-16,35.73,2,Starter,US East
2026-03-16,943.05,1,Enterprise,US West
2026-03-16,35.25,2,Starter,APAC
2026-03-16,77.21,1,Team,US East
2026-03-16,20.38,1,Starter,Europe
2026-03-16,888.16,1,Enterprise,US West
2026-03-16,18.21,1,Starter,US East
2026-03-16,173.29,2,Team,US West
2026-03-16,465.07,2,Business,Europe
2026-03-16,78.75,1,Team,US West
2026-03-16,43.98,2,Starter,US East
2026-03-17,56.08,3,Starter,Europe
2026-03-17,256.89,1,Business,Europe
2026-03-17,78.77,1,Team,US East
2026-03-17,20.34,1,Starter,US East
2026-03-17,19.18,1,Starter,US West
2026-03-17,1908.19,2,Enterprise,US West
2026-03-17,78.66,1,Team,US West
2026-03-17,37.39,2,Starter,US West
2026-03-17,2635.69,3,Enterprise,US West
2026-03-17,76.8,1,Team,US West
2026-03-17,17.74,1,Starter,US East
2026-03-17,17.78,1,Starter,APAC
2026-03-17,36.97,2,Starter,US West
2026-03-17,71.89,1,Team,US West
2026-03-17,464.46,2,Business,Europe
2026-03-17,84.33,1,Team,US West
2026-03-17,20.05,1,Starter,US West
2026-03-17,145.18,2,Team,APAC
2026-03-17,254.86,1,Business,Europe
2026-03-17,17.91,1,Starter,US East
2026-03-17,1919.22,2,Enterprise,US East
2026-03-17,165.11,2,Team,US East
2026-03-17,79.62,1,Team,Europe
2026-03-17,19.27,1,Starter,Europe
2026-03-17,76.49,1,Team,US West
2026-03-17,165.96,2,Team,US West
2026-03-17,41.04,2,Starter,US West
2026-03-17,80.67,1,Team,US West
2026-03-17,18.97,1,Starter,US West
2026-03-17,1767.48,2,Enterprise,Europe
2026-03-17,76.48,1,Team,US West
2026-03-17,154.59,2,Team,US East
2026-03-17,151.37,2,Team,US West
2026-03-17,82.96,1,Team,US West
2026-03-17,253.53,1,Business,US West
2026-03-17,251.03,1,Business,US West
2026-03-17,38.93,2,Starter,Europe
2026-03-17,538.32,2,Business,US West
2026-03-17,18.98,1,Starter,Europe
2026-03-17,155.94,2,Team,US West
2026-03-17,83.52,1,Team,Europe
2026-03-17,39.54,2,Starter,US East
2026-03-17,19.59,1,Starter,US East
2026-03-17,159.51,2,Team,US West
2026-03-17,76.35,1,Team,US East
2026-03-17,154.42,2,Team,US West
2026-03-17,82.1,1,Team,US East
2026-03-17,37.87,2,Starter,US West
2026-03-17,81.17,1,Team,US West
2026-03-17,79.49,1,Team,US West
2026-03-17,533.05,2,Business,US East
2026-03-17,488.45,2,Business,Europe
2026-03-17,82.39,1,Team,US East
2026-03-17,19.03,1,Starter,Europe
2026-03-17,807.34,1,Enterprise,US East
2026-03-17,80.16,1,Team,US West
2026-03-17,497.77,2,Business,US West
2026-03-17,20.25,1,Starter,US West
2026-03-17,81.17,1,Team,US West
2026-03-17,84.39,1,Team,US West
2026-03-17,19.68,1,Starter,US East
2026-03-17,512.9,2,Business,US East
2026-03-17,1665.05,2,Enterprise,Europe
2026-03-17,38.58,2,Starter,US East
2026-03-17,76.05,1,Team,US East
2026-03-17,38.38,2,Starter,US West
2026-03-17,79.15,1,Team,Europe
2026-03-17,19.25,1,Starter,US East
2026-03-17,18.57,1,Starter,US West
2026-03-17,18.92,1,Starter,Europe
2026-03-17,754.11,3,Business,US East
2026-03-17,155.58,2,Team,US East
2026-03-17,19.44,1,Starter,US East
2026-03-18,82.79,1,Team,US West
2026-03-18,37.22,2,Starter,Europe
2026-03-18,37.26,2,Starter,APAC
2026-03-18,76.66,1,Team,Europe
2026-03-18,726.2,3,Business,US East
2026-03-18,18.49,1,Starter,US West
2026-03-18,17.25,1,Starter,US West
2026-03-18,524.99,2,Business,APAC
2026-03-18,82.13,1,Team,US West
2026-03-18,56.85,3,Starter,US West
2026-03-18,19.94,1,Starter,US East
2026-03-18,518.65,2,Business,Europe
2026-03-18,251.52,1,Business,APAC
2026-03-18,158.3,2,Team,US East
2026-03-18,79.13,1,Team,US East
2026-03-18,19.76,1,Starter,US East
2026-03-18,752.81,3,Business,US West
2026-03-18,84.95,1,Team,US East
2026-03-18,41.42,2,Starter,US West
2026-03-18,272.63,1,Business,Europe
2026-03-18,39.81,2,Starter,US West
2026-03-18,153.19,2,Team,US East
2026-03-18,164.97,2,Team,US West
2026-03-18,66.04,1,Team,US West
2026-03-18,938.66,1,Enterprise,US West
2026-03-18,157.07,2,Team,US East
2026-03-18,38.32,2,Starter,US West
2026-03-18,86.81,1,Team,US East
2026-03-18,19.82,1,Starter,US West
2026-03-18,1971.33,2,Enterprise,Europe
2026-03-18,1735.75,2,Enterprise,US East
2026-03-18,35.81,2,Starter,Europe
2026-03-18,1763.01,2,Enterprise,US East
2026-03-18,243.33,1,Business,US West
2026-03-18,79.73,1,Team,APAC
2026-03-18,83.03,1,Team,US West
2026-03-18,40.09,2,Starter,US West
2026-03-18,313.73,4,Team,Europe
2026-03-18,154.55,2,Team,US West
2026-03-18,264.72,1,Business,Europe
2026-03-18,36.45,2,Starter,Europe
2026-03-18,259.31,1,Business,APAC
2026-03-18,20.69,1,Starter,Europe
2026-03-18,81.8,1,Team,US West
2026-03-18,155.77,2,Team,Europe
2026-03-18,498.12,2,Business,US West
2026-03-18,171.13,2,Team,US East
2026-03-18,19.71,1,Starter,Europe
2026-03-18,40.47,2,Starter,Europe
2026-03-18,79.58,1,Team,Europe
2026-03-18,726.05,3,Business,US West
2026-03-18,159.09,2,Team,US East
2026-03-18,82.19,1,Team,Europe
2026-03-18,18.28,1,Starter,Europe
2026-03-18,918.97,1,Enterprise,US East
2026-03-18,239.9,1,Business,Europe
2026-03-18,2052.51,2,Enterprise,Europe
2026-03-18,903.36,1,Enterprise,US West
2026-03-18,17.32,1,Starter,US West
2026-03-18,19.92,1,Starter,Europe
2026-03-18,19.19,1,Starter,US East
2026-03-18,138.81,2,Team,US East
2026-03-18,83.98,1,Team,US West
2026-03-18,74.83,1,Team,Europe
2026-03-18,243.4,1,Business,Europe
2026-03-19,20.81,1,Starter,Europe
2026-03-19,80.62,1,Team,US West
2026-03-19,36.46,2,Starter,US East
2026-03-19,73.75,1,Team,Europe
2026-03-19,82.34,1,Team,US West
2026-03-19,249.46,1,Business,US West
2026-03-19,82.35,1,Team,US East
2026-03-19,160.53,2,Team,US East
2026-03-19,38.05,2,Starter,APAC
2026-03-19,38.62,2,Starter,US East
2026-03-19,166.99,2,Team,US East
2026-03-19,20.04,1,Starter,US West
2026-03-19,19.2,1,Starter,APAC
2026-03-19,36.15,2,Starter,US East
2026-03-19,20.26,1,Starter,Europe
2026-03-19,856.14,1,Enterprise,Europe
2026-03-19,472.83,2,Business,Europe
2026-03-19,84.4,1,Team,Europe
2026-03-19,164.67,2,Team,APAC
2026-03-19,1812.02,2,Enterprise,US East
2026-03-19,34.23,2,Starter,US East
2026-03-19,38.75,2,Starter,US West
2026-03-19,17.48,1,Starter,Europe
2026-03-19,236.49,1,Business,US East
2026-03-19,158.47,2,Team,US West
2026-03-19,37.97,2,Starter,US West
2026-03-19,20.59,1,Starter,US West
2026-03-19,158.6,2,Team,US East
2026-03-19,20.75,1,Starter,US East
2026-03-19,76.98,1,Team,US West
2026-03-19,253.21,1,Business,APAC
2026-03-19,79.56,1,Team,US West
2026-03-19,79.72,1,Team,US East
2026-03-19,160.21,2,Team,US East
2026-03-19,19.46,1,Starter,US West
2026-03-19,41.06,2,Starter,US West
2026-03-19,19.82,1,Starter,US West
2026-03-19,146.99,2,Team,US East
2026-03-19,35.11,2,Starter,Europe
2026-03-19,79.67,1,Team,APAC
2026-03-19,18.69,1,Starter,APAC
2026-03-19,38.2,2,Starter,US West
2026-03-19,253.44,1,Business,US East
2026-03-19,39.74,2,Starter,US East
2026-03-19,231.22,1,Business,Europe
2026-03-19,37.68,2,Starter,APAC
2026-03-19,19.26,1,Starter,US West
2026-03-19,1785.35,2,Enterprise,Europe
2026-03-19,166.76,2,Team,Europe
2026-03-19,37.43,2,Starter,US East
2026-03-19,88.53,1,Team,Europe
2026-03-19,38.54,2,Starter,US East
2026-03-19,78.15,1,Team,Europe
2026-03-19,880.74,1,Enterprise,Europe
2026-03-19,19.32,1,Starter,Europe
2026-03-19,248.47,1,Business,Europe
2026-03-19,37.07,2,Starter,US East
2026-03-19,75.7,1,Team,Europe
2026-03-19,834.07,1,Enterprise,Europe
2026-03-19,36.97,2,Starter,US West
2026-03-19,854.71,1,Enterprise,US East
2026-03-19,78.92,1,Team,US East
2026-03-19,261.49,1,Business,Europe
2026-03-19,155.35,2,Team,US West
2026-03-19,154.1,2,Team,US East
2026-03-19,74.44,1,Team,US West
2026-03-19,19.6,1,Starter,US East
2026-03-19,39.96,2,Starter,Europe
2026-03-19,80.38,1,Team,US East
2026-03-19,79.51,1,Team,US West
2026-03-19,74.76,1,Team,US East
2026-03-19,37.04,2,Starter,US West
2026-03-20,38.19,2,Starter,US East
2026-03-20,243.09,1,Business,US West
2026-03-20,18.47,1,Starter,US East
2026-03-20,85.16,1,Team,US West
2026-03-20,786.89,3,Business,Europe
2026-03-20,19.44,1,Starter,US West
2026-03-20,83.47,1,Team,US West
2026-03-20,511.48,2,Business,Europe
2026-03-20,252.0,1,Business,US West
2026-03-20,38.14,2,Starter,US West
2026-03-20,163.25,2,Team,US East
2026-03-20,517.45,2,Business,US East
2026-03-20,854.12,1,Enterprise,Europe
2026-03-20,81.61,1,Team,APAC
2026-03-20,18.08,1,Starter,Europe
2026-03-20,78.31,1,Team,US West
2026-03-20,238.14,1,Business,US West
2026-03-20,81.34,1,Team,US East
2026-03-20,19.23,1,Starter,Europe
2026-03-20,38.72,2,Starter,US East
2026-03-20,18.88,1,Starter,US West
2026-03-20,18.74,1,Starter,Europe
2026-03-20,155.15,2,Team,US East
2026-03-20,505.48,2,Business,US West
2026-03-20,230.89,1,Business,US West
2026-03-20,19.3,1,Starter,Europe
2026-03-20,241.94,3,Team,US West
2026-03-20,58.2,3,Starter,Europe
2026-03-20,18.56,1,Starter,US East
2026-03-20,21.23,1,Starter,US West
2026-03-20,72.67,1,Team,US West
2026-03-20,489.02,2,Business,US West
2026-03-20,33.31,2,Starter,US West
2026-03-20,16.31,1,Starter,US East
2026-03-20,228.57,3,Team,US West
2026-03-20,153.3,2,Team,US East
2026-03-20,39.48,2,Starter,US East
2026-03-20,38.28,2,Starter,APAC
2026-03-20,240.26,3,Team,US East
2026-03-20,1833.56,2,Enterprise,US West
2026-03-20,20.7,1,Starter,US East
2026-03-20,479.98,2,Business,US East
2026-03-20,18.85,1,Starter,APAC
2026-03-20,159.26,2,Team,APAC
2026-03-20,17.8,1,Starter,APAC
2026-03-20,488.43,2,Business,US West
2026-03-20,38.43,2,Starter,Europe
2026-03-20,18.78,1,Starter,US East
2026-03-20,18.61,1,Starter,Europe
2026-03-20,500.59,2,Business,US East
2026-03-20,37.03,2,Starter,US West
2026-03-21,77.3,1,Team,US East
2026-03-21,16.17,1,Starter,Europe
2026-03-21,549.02,2,Business,US West
2026-03-21,76.29,1,Team,US East
2026-03-21,19.72,1,Starter,US West
2026-03-21,84.45,1,Team,APAC
2026-03-21,1856.76,2,Enterprise,US East
2026-03-21,497.77,2,Business,US East
2026-03-21,40.93,2,Starter,US West
2026-03-21,19.27,1,Starter,Europe
2026-03-21,150.24,2,Team,US West
2026-03-21,37.88,2,Starter,US West
2026-03-21,34.35,2,Starter,APAC
2026-03-21,19.67,1,Starter,APAC
2026-03-21,19.75,1,Starter,US East
2026-03-21,77.13,1,Team,US West
2026-03-21,909.98,1,Enterprise,US East
2026-03-21,951.5,1,Enterprise,US East
2026-03-21,18.22,1,Starter,US East
2026-03-21,19.68,1,Starter,Europe
2026-03-21,18.67,1,Starter,Europe
2026-03-21,257.93,1,Business,US West
2026-03-21,20.19,1,Starter,US East
2026-03-21,160.21,2,Team,US West
2026-03-21,36.14,2,Starter,Europe
2026-03-21,16.86,1,Starter,APAC
2026-03-21,36.67,2,Starter,US West
2026-03-21,38.65,2,Starter,US East
2026-03-21,71.2,1,Team,Europe
2026-03-21,258.52,1,Business,Europe
2026-03-21,2708.14,3,Enterprise,US East
2026-03-22,155.7,2,Team,US West
2026-03-22,17.58,1,Starter,US West
2026-03-22,74.54,1,Team,US West
2026-03-22,38.57,2,Starter,US West
2026-03-22,38.2,2,Starter,Europe
2026-03-22,153.82,2,Team,Europe
2026-03-22,155.35,2,Team,Europe
2026-03-22,161.87,2,Team,Europe
2026-03-22,19.24,1,Starter,APAC
2026-03-22,75.96,1,Team,Europe
2026-03-22,36.75,2,Starter,US West
2026-03-22,502.75,2,Business,US West
2026-03-22,812.59,1,Enterprise,Europe
2026-03-22,75.18,1,Team,Europe
2026-03-22,165.28,2,Team,US East
2026-03-22,169.71,2,Team,US West
2026-03-22,77.25,1,Team,US East
2026-03-22,159.35,2,Team,Europe
2026-03-22,71.53,1,Team,US West
2026-03-22,1800.74,2,Enterprise,US West
2026-03-22,151.23,2,Team,US West
2026-03-22,77.79,1,Team,US West
2026-03-22,255.84,1,Business,US East
2026-03-22,80.52,1,Team,US West
2026-03-22,161.46,2,Team,Europe
2026-03-22,19.67,1,Starter,US East
2026-03-22,38.53,2,Starter,Europe
2026-03-22,254.58,1,Business,US East
2026-03-23,19.94,1,Starter,US West
2026-03-23,864.16,1,Enterprise,US West
2026-03-23,18.49,1,Starter,Europe
2026-03-23,231.33,1,Business,Europe
2026-03-23,180.29,2,Team,US West
2026-03-23,19.62,1,Starter,US East
2026-03-23,18.94,1,Starter,Europe
2026-03-23,33.75,2,Starter,US East
2026-03-23,39.12,2,Starter,US East
2026-03-23,86.74,1,Team,Europe
2026-03-23,159.3,2,Team,APAC
2026-03-23,164.55,2,Team,APAC
2026-03-23,495.5,2,Business,US East
2026-03-23,78.04,1,Team,Europe
2026-03-23,54.81,3,Starter,US East
2026-03-23,77.85,1,Team,US East
2026-03-23,39.27,2,Starter,Europe
2026-03-23,511.36,2,Business,US West
2026-03-23,18.55,1,Starter,US West
2026-03-23,19.93,1,Starter,US East
2026-03-23,223.33,1,Business,US East
2026-03-23,18.99,1,Starter,US East
2026-03-23,18.71,1,Starter,Europe
2026-03-23,221.96,1,Business,US West
2026-03-23,773.94,3,Business,Europe
2026-03-23,80.93,1,Team,US East
2026-03-23,18.01,1,Starter,APAC
2026-03-23,39.53,2,Starter,Europe
2026-03-23,75.28,1,Team,US West
2026-03-23,20.25,1,Starter,Europe
2026-03-23,37.19,2,Starter,US East
2026-03-23,77.86,1,Team,US East
2026-03-23,81.79,1,Team,US East
2026-03-23,489.63,2,Business,US East
2026-03-23,82.09,1,Team,US East
2026-03-23,249.34,1,Business,US East
2026-03-23,255.67,1,Business,APAC
2026-03-23,503.83,2,Business,Europe
2026-03-23,155.87,2,Team,US West
2026-03-23,77.91,1,Team,US West
2026-03-23,18.56,1,Starter,US East
2026-03-23,18.18,1,Starter,Europe
2026-03-23,1882.98,2,Enterprise,US West
2026-03-24,39.69,2,Starter,APAC
2026-03-24,165.66,2,Team,Europe
2026-03-24,85.41,1,Team,US West
2026-03-24,80.99,1,Team,Europe
2026-03-24,163.97,2,Team,US West
2026-03-24,19.71,1,Starter,Europe
2026-03-24,19.83,1,Starter,US West
2026-03-24,1766.41,2,Enterprise,US East
2026-03-24,36.67,2,Starter,Europe
2026-03-24,18.13,1,Starter,APAC
2026-03-24,37.05,2,Starter,US West
2026-03-24,18.2,1,Starter,Europe
2026-03-24,21.73,1,Starter,US East
2026-03-24,80.43,1,Team,US East
2026-03-24,157.09,2,Team,US West
2026-03-24,77.59,1,Team,US West
2026-03-24,167.75,2,Team,US East
2026-03-24,39.32,2,Starter,Europe
2026-03-24,19.76,1,Starter,Europe
2026-03-24,494.29,2,Business,US West
2026-03-24,78.22,1,Team,Europe
2026-03-24,18.87,1,Starter,US East
2026-03-24,18.03,1,Starter,US West
2026-03-24,876.85,1,Enterprise,Europe
2026-03-24,77.54,1,Team,US West
2026-03-24,74.34,1,Team,Europe
2026-03-24,17.86,1,Starter,US East
2026-03-24,170.32,2,Team,US East
2026-03-24,17.89,1,Starter,Europe
2026-03-24,39.26,2,Starter,Europe
2026-03-24,167.54,2,Team,US West
2026-03-24,83.57,1,Team,US West
2026-03-24,158.9,2,Team,APAC
2026-03-24,889.24,1,Enterprise,US East
2026-03-24,230.0,3,Team,US East
2026-03-24,76.02,1,Team,US West
2026-03-24,73.94,1,Team,APAC
2026-03-24,18.29,1,Starter,US East
2026-03-24,35.54,2,Starter,US East
2026-03-24,39.85,2,Starter,Europe
2026-03-24,77.19,1,Team,US East
2026-03-24,164.03,2,Team,APAC
2026-03-24,169.07,2,Team,US East
2026-03-24,157.22,2,Team,US West
2026-03-24,150.69,2,Team,US West
2026-03-24,41.33,2,Starter,US West
2026-03-24,163.34,2,Team,APAC
2026-03-24,267.83,1,Business,APAC
2026-03-24,151.34,2,Team,US East
2026-03-24,19.3,1,Starter,US West
2026-03-24,19.39,1,Starter,US West
2026-03-24,161.14,2,Team,APAC
2026-03-24,19.61,1,Starter,US East
2026-03-24,18.42,1,Starter,US East
2026-03-24,17.55,1,Starter,US East
2026-03-24,40.83,2,Starter,US West
2026-03-25,20.2,1,Starter,US West
2026-03-25,19.91,1,Starter,US West
2026-03-25,499.11,2,Business,US West
2026-03-25,487.78,2,Business,APAC
2026-03-25,162.52,2,Team,US West
2026-03-25,249.46,1,Business,US West
2026-03-25,480.53,2,Business,US West
2026-03-25,76.8,1,Team,APAC
2026-03-25,874.62,1,Enterprise,US West
2026-03-25,39.44,2,Starter,APAC
2026-03-25,255.99,1,Business,Europe
2026-03-25,74.51,1,Team,US West
2026-03-25,19.04,1,Starter,US East
2026-03-25,77.41,1,Team,US West
2026-03-25,946.95,1,Enterprise,US East
2026-03-25,80.0,1,Team,Europe
2026-03-25,20.33,1,Starter,US East
2026-03-25,252.83,1,Business,US East
2026-03-25,79.22,1,Team,US West
2026-03-25,484.1,2,Business,APAC
2026-03-25,1737.43,2,Enterprise,Europe
2026-03-25,153.71,2,Team,Europe
2026-03-25,265.45,1,Business,Europe
2026-03-25,160.9,2,Team,US East
2026-03-25,246.79,1,Business,US West
2026-03-25,773.43,1,Enterprise,US West
2026-03-25,243.06,1,Business,US East
2026-03-25,151.69,2,Team,US East
2026-03-25,17.66,1,Starter,Europe
2026-03-25,506.56,2,Business,US East
2026-03-25,38.29,2,Starter,Europe
2026-03-25,19.5,1,Starter,US West
2026-03-25,17.96,1,Starter,US East
2026-03-25,84.4,1,Team,US East
2026-03-25,85.57,1,Team,US East
2026-03-25,72.64,1,Team,US East
2026-03-25,81.75,1,Team,US West
2026-03-25,18.57,1,Starter,US West
2026-03-25,958.14,1,Enterprise,US West
2026-03-25,249.91,3,Team,US East
2026-03-25,929.3,1,Enterprise,US West
2026-03-25,508.43,2,Business,US East
2026-03-25,18.76,1,Starter,Europe
2026-03-25,78.05,1,Team,US East
2026-03-25,245.2,1,Business,Europe
2026-03-25,77.24,1,Team,US West
2026-03-25,498.42,2,Business,US West
2026-03-25,565.52,2,Business,US East
2026-03-25,465.51,2,Business,Europe
2026-03-25,78.28,1,Team,US West
2026-03-25,36.74,2,Starter,APAC
2026-03-25,927.21,1,Enterprise,US East
2026-03-25,160.18,2,Team,APAC
2026-03-25,79.6,1,Team,US East
2026-03-25,39.2,2,Starter,US East
2026-03-26,503.43,2,Business,US West
2026-03-26,18.86,1,Starter,US West
2026-03-26,252.73,1,Business,US West
2026-03-26,79.57,1,Team,Europe
2026-03-26,146.64,2,Team,US West
2026-03-26,156.63,2,Team,US East
2026-03-26,37.99,2,Starter,Europe
2026-03-26,67.86,1,Team,US West
2026-03-26,21.22,1,Starter,US East
2026-03-26,18.53,1,Starter,US East
2026-03-26,20.92,1,Starter,US East
2026-03-26,247.64,1,Business,US West
2026-03-26,18.83,1,Starter,US West
2026-03-26,147.68,2,Team,US West
2026-03-26,81.83,1,Team,US East
2026-03-26,57.74,3,Starter,US East
2026-03-26,38.55,2,Starter,APAC
2026-03-26,78.41,1,Team,APAC
2026-03-26,167.85,2,Team,US East
2026-03-26,164.74,2,Team,US East
2026-03-26,251.35,1,Business,US East
2026-03-26,82.52,1,Team,US East
2026-03-26,1830.96,2,Enterprise,US West
2026-03-26,18.92,1,Starter,US West
2026-03-26,153.66,2,Team,US East
2026-03-26,40.9,2,Starter,US West
2026-03-26,154.68,2,Team,US East
2026-03-26,168.19,2,Team,Europe
2026-03-26,17.37,1,Starter,Europe
2026-03-26,163.96,2,Team,US East
2026-03-26,41.29,2,Starter,Europe
2026-03-26,81.47,1,Team,Europe
2026-03-26,20.0,1,Starter,US West
2026-03-26,37.9,2,Starter,Europe
2026-03-26,147.59,2,Team,US East
2026-03-26,18.36,1,Starter,US West
2026-03-26,78.57,1,Team,US East
2026-03-26,513.39,2,Business,US West
2026-03-26,74.85,1,Team,Europe
2026-03-26,37.81,2,Starter,Europe
2026-03-26,32.41,2,Starter,Europe
2026-03-26,36.97,2,Starter,Europe
2026-03-26,141.83,2,Team,Europe
2026-03-26,241.61,1,Business,US East
2026-03-26,18.16,1,Starter,US East
2026-03-26,38.14,2,Starter,US East
2026-03-26,267.28,1,Business,US East
2026-03-27,36.95,2,Starter,Europe
2026-03-27,35.06,2,Starter,Europe
2026-03-27,175.54,2,Team,US West
2026-03-27,18.46,1,Starter,Europe
2026-03-27,74.54,1,Team,Europe
2026-03-27,231.18,1,Business,Europe
2026-03-27,148.15,2,Team,US East
2026-03-27,467.43,2,Business,US East
2026-03-27,73.72,1,Team,US East
2026-03-27,168.31,2,Team,US West
2026-03-27,158.93,2,Team,US West
2026-03-27,170.41,2,Team,US East
2026-03-27,247.3,1,Business,US West
2026-03-27,76.89,1,Team,US West
2026-03-27,36.18,2,Starter,US West
2026-03-27,462.0,2,Business,APAC
2026-03-27,41.19,2,Starter,Europe
2026-03-27,78.33,1,Team,US East
2026-03-27,1756.95,2,Enterprise,Europe
2026-03-27,271.09,1,Business,US East
2026-03-27,159.99,2,Team,US East
2026-03-27,81.58,1,Team,APAC
2026-03-27,18.53,1,Starter,APAC
2026-03-27,263.17,1,Business,US West
2026-03-27,74.06,1,Team,APAC
2026-03-27,493.56,2,Business,US East
2026-03-27,39.79,2,Starter,US East
2026-03-27,483.71,2,Business,Europe
2026-03-27,227.99,1,Business,US East
2026-03-27,81.73,1,Team,Europe
2026-03-27,236.21,1,Business,US West
2026-03-27,20.85,1,Starter,US West
2026-03-27,1932.89,2,Enterprise,US West
2026-03-27,72.7,1,Team,Europe
2026-03-27,72.58,1,Team,US West
2026-03-27,169.63,2,Team,US East
2026-03-27,252.44,1,Business,US East
2026-03-27,161.76,2,Team,Europe
2026-03-27,224.33,1,Business,Europe
2026-03-27,228.25,1,Business,Europe
2026-03-27,20.18,1,Starter,APAC
2026-03-27,17.02,1,Starter,Europe
2026-03-27,19.69,1,Starter,US West
2026-03-27,512.15,2,Business,US East
2026-03-27,172.91,2,Team,US West
2026-03-27,38.83,2,Starter,US East
2026-03-27,76.43,1,Team,US West
2026-03-27,73.43,1,Team,US West
2026-03-27,448.02,2,Business,Europe
2026-03-27,79.29,1,Team,US East
2026-03-27,83.68,1,Team,US East
2026-03-28,248.97,1,Business,APAC
2026-03-28,20.27,1,Starter,Europe
2026-03-28,161.27,2,Team,US East
2026-03-28,38.21,2,Starter,US West
2026-03-28,39.46,2,Starter,US West
2026-03-28,474.38,2,Business,APAC
2026-03-28,1882.52,2,Enterprise,APAC
2026-03-28,263.08,1,Business,Europe
2026-03-28,90.1,1,Team,Europe
2026-03-28,146.88,2,Team,APAC
2026-03-28,166.49,2,Team,US West
2026-03-28,81.37,1,Team,US East
2026-03-28,239.81,1,Business,US West
2026-03-28,18.12,1,Starter,Europe
2026-03-28,861.9,1,Enterprise,US West
2026-03-28,81.28,1,Team,US West
2026-03-28,148.66,2,Team,US West
2026-03-28,75.53,1,Team,US West
2026-03-28,33.72,2,Starter,US West
2026-03-28,19.02,1,Starter,APAC
2026-03-28,156.77,2,Team,US West
2026-03-28,506.35,2,Business,US West
2026-03-28,1694.69,2,Enterprise,Europe
2026-03-28,83.25,1,Team,US West
2026-03-28,78.93,1,Team,US East
2026-03-28,152.89,2,Team,APAC
2026-03-28,80.42,1,Team,US West
2026-03-28,919.46,1,Enterprise,US West
2026-03-28,38.19,2,Starter,US West
2026-03-28,79.74,1,Team,US West
2026-03-28,825.72,1,Enterprise,US East
2026-03-29,77.1,1,Team,US West
2026-03-29,529.26,2,Business,APAC
2026-03-29,83.51,1,Team,US West
2026-03-29,78.48,1,Team,US West
2026-03-29,82.53,1,Team,US East
2026-03-29,865.09,1,Enterprise,Europe
2026-03-29,40.17,2,Starter,US West
2026-03-29,82.47,1,Team,US East
2026-03-29,37.53,2,Starter,US East
2026-03-29,937.71,1,Enterprise,US East
2026-03-29,495.48,2,Business,Europe
2026-03-29,38.05,2,Starter,US West
2026-03-29,20.55,1,Starter,US West
2026-03-29,84.49,1,Team,US West
2026-03-29,17.98,1,Starter,US West
2026-03-29,149.09,2,Team,US East
2026-03-29,87.98,1,Team,US East
2026-03-29,159.77,2,Team,APAC
2026-03-29,1900.04,2,Enterprise,US West
2026-03-29,37.2,2,Starter,US West
2026-03-29,36.64,2,Starter,Europe
2026-03-29,17.47,1,Starter,APAC
2026-03-29,159.5,2,Team,US West
2026-03-29,78.43,1,Team,APAC
2026-03-29,254.32,1,Business,Europe
2026-03-29,84.0,1,Team,US East
2026-03-29,18.52,1,Starter,US West
2026-03-29,19.01,1,Starter,US West
2026-03-29,75.15,1,Team,US West
2026-03-29,38.06,2,Starter,US East
2026-03-29,37.75,2,Starter,APAC
2026-03-29,20.09,1,Starter,Europe
2026-03-29,74.27,1,Team,US West
2026-03-29,239.78,1,Business,US West
2026-03-29,20.77,1,Starter,Europe
2026-03-30,952.45,1,Enterprise,US West
2026-03-30,148.33,2,Team,Europe
2026-03-30,81.22,1,Team,APAC
2026-03-30,19.49,1,Starter,Europe
2026-03-30,53.91,3,Starter,Europe
2026-03-30,462.12,2,Business,US West
2026-03-30,19.41,1,Starter,US West
2026-03-30,73.95,1,Team,US West
2026-03-30,18.33,1,Starter,US East
2026-03-30,517.96,2,Business,US West
2026-03-30,485.77,2,Business,Europe
2026-03-30,753.47,3,Business,US East
2026-03-30,20.1,1,Starter,Europe
2026-03-30,161.4,2,Team,US East
2026-03-30,915.98,1,Enterprise,US East
2026-03-30,19.49,1,Starter,US West
2026-03-30,471.97,2,Business,US West
2026-03-30,19.93,1,Starter,US East
2026-03-30,79.07,1,Team,US East
2026-03-30,38.93,2,Starter,US West
2026-03-30,266.22,1,Business,US West
2026-03-30,82.9,1,Team,APAC
2026-03-30,152.82,2,Team,APAC
2026-03-30,19.37,1,Starter,US East
2026-03-30,160.37,2,Team,Europe
2026-03-30,162.33,2,Team,US West
2026-03-30,16.54,1,Starter,US East
2026-03-30,74.84,1,Team,Europe
2026-03-30,60.12,3,Starter,US West
2026-03-30,243.38,1,Business,Europe
2026-03-30,525.01,2,Business,US East
2026-03-30,491.74,2,Business,US East
2026-03-30,17.35,1,Starter,US East
2026-03-30,20.19,1,Starter,APAC
2026-03-30,1732.64,2,Enterprise,Europe
2026-03-30,461.09,2,Business,US East
2026-03-30,80.67,1,Team,APAC
2026-03-30,35.77,2,Starter,US East
2026-03-30,229.4,1,Business,US West
2026-03-30,37.27,2,Starter,US West
2026-03-30,255.83,1,Business,US West
2026-03-30,157.44,2,Team,US West
2026-03-30,38.54,2,Starter,Europe
2026-03-30,74.72,1,Team,Europe
2026-03-30,1767.82,2,Enterprise,US West
2026-03-30,160.54,2,Team,US East
2026-03-30,254.9,1,Business,Europe
2026-03-30,248.24,1,Business,US East
2026-03-30,35.67,2,Starter,APAC
2026-03-30,164.42,2,Team,US East
2026-03-30,19.4,1,Starter,Europe
2026-03-30,17.49,1,Starter,US East
2026-03-30,19.34,1,Starter,Europe
2026-03-30,39.62,2,Starter,US West
2026-03-30,18.28,1,Starter,US West
2026-03-30,821.52,1,Enterprise,US East
2026-03-30,17.35,1,Starter,US West
2026-03-30,172.99,2,Team,Europe
2026-03-30,18.73,1,Starter,APAC
2026-03-30,72.53,1,Team,US West
2026-03-30,19.79,1,Starter,Europe
2026-03-30,156.75,2,Team,US West
2026-03-31,77.52,1,Team,APAC
2026-03-31,82.8,1,Team,US West
2026-03-31,38.18,2,Starter,APAC
2026-03-31,888.82,1,Enterprise,Europe
2026-03-31,18.69,1,Starter,US East
2026-03-31,156.63,2,Team,US West
2026-03-31,20.38,1,Starter,Europe
2026-03-31,149.6,2,Team,US East
2026-03-31,18.76,1,Starter,Europe
2026-03-31,38.64,2,Starter,Europe
2026-03-31,71.81,1,Team,APAC
2026-03-31,18.36,1,Starter,US West
2026-03-31,883.95,1,Enterprise,US East
2026-03-31,2697.6,3,Enterprise,US West
2026-03-31,36.16,2,Starter,US East
2026-03-31,176.3,2,Team,US West
2026-03-31,865.77,1,Enterprise,Europe
2026-03-31,153.13,2,Team,Europe
2026-03-31,243.13,1,Business,Europe
2026-03-31,36.53,2,Starter,Europe
2026-03-31,82.16,1,Team,APAC
2026-03-31,19.18,1,Starter,Europe
2026-03-31,51.75,3,Starter,US West
2026-03-31,151.84,2,Team,US West
2026-03-31,37.68,2,Starter,US East
2026-03-31,490.38,2,Business,Europe
2026-03-31,81.52,1,Team,US West
2026-03-31,40.41,2,Starter,US East
2026-03-31,19.85,1,Starter,APAC
2026-03-31,1777.2,2,Enterprise,US West
2026-03-31,38.86,2,Starter,US East
2026-03-31,17.32,1,Starter,US East
2026-03-31,78.5,1,Team,US East
2026-03-31,39.05,2,Starter,US East
2026-03-31,1721.06,2,Enterprise,Europe
2026-03-31,1833.33,2,Enterprise,US West
2026-03-31,40.19,2,Starter,APAC
2026-03-31,74.0,1,Team,US East
2026-03-31,18.43,1,Starter,US West
2026-03-31,17.85,1,Starter,US East
2026-03-31,940.48,1,Enterprise,US West
2026-03-31,37.22,2,Starter,US West
2026-03-31,18.52,1,Starter,Europe
2026-03-31,83.92,1,Team,US East
2026-03-31,959.96,1,Enterprise,US West
2026-03-31,61.51,3,Starter,Europe
2026-03-31,247.63,1,Business,US West
2026-03-31,76.86,1,Team,US West
2026-03-31,177.52,2,Team,US East
2026-03-31,1861.79,2,Enterprise,Europe
2026-03-31,39.1,2,Starter,Europe
2026-03-31,18.43,1,Starter,Europe
2026-03-31,497.21,2,Business,US West
2026-03-31,53.41,3,Starter,APAC
2026-03-31,468.13,2,Business,US East
2026-04-01,37.21,2,Starter,APAC
2026-04-01,42.67,2,Starter,US East
2026-04-01,43.42,2,Starter,US West
2026-04-01,487.2,2,Business,US West
2026-04-01,19.5,1,Starter,Europe
2026-04-01,159.01,2,Team,US East
2026-04-01,19.59,1,Starter,APAC
2026-04-01,19.1,1,Starter,US East
2026-04-01,71.69,1,Team,Europe
2026-04-01,248.31,1,Business,US West
2026-04-01,18.46,1,Starter,US East
2026-04-01,36.28,2,Starter,Europe
2026-04-01,158.76,2,Team,US West
2026-04-01,77.45,1,Team,US West
2026-04-01,155.59,2,Team,Europe
2026-04-01,249.19,1,Business,Europe
2026-04-01,88.14,1,Team,US West
2026-04-01,17.92,1,Starter,Europe
2026-04-01,37.3,2,Starter,Europe
2026-04-01,75.26,1,Team,US West
2026-04-01,223.31,1,Business,US East
2026-04-01,81.52,1,Team,US East
2026-04-01,974.26,1,Enterprise,US East
2026-04-01,143.17,2,Team,US East
2026-04-01,19.37,1,Starter,APAC
2026-04-01,18.84,1,Starter,US East
2026-04-01,39.07,2,Starter,US East
2026-04-01,757.49,3,Business,Europe
2026-04-01,887.0,1,Enterprise,US West
2026-04-01,87.63,1,Team,US East
2026-04-01,160.82,2,Team,US West
2026-04-01,20.19,1,Starter,APAC
2026-04-01,157.52,2,Team,US West
2026-04-01,157.21,2,Team,US West
2026-04-01,163.96,2,Team,US West
2026-04-01,39.99,2,Starter,US East
2026-04-01,39.45,2,Starter,US West
2026-04-01,80.42,1,Team,US East
2026-04-01,941.55,1,Enterprise,APAC
2026-04-01,492.43,2,Business,US East
2026-04-01,56.1,3,Starter,US East
2026-04-01,78.55,1,Team,US West
2026-04-01,19.51,1,Starter,US East
2026-04-01,226.51,1,Business,Europe
2026-04-01,37.72,2,Starter,US West
2026-04-01,39.09,2,Starter,APAC
2026-04-01,37.91,2,Starter,Europe
2026-04-02,41.08,2,Starter,US East
2026-04-02,237.48,1,Business,Europe
2026-04-02,19.87,1,Starter,US West
2026-04-02,20.76,1,Starter,US West
2026-04-02,79.73,1,Team,APAC
2026-04-02,40.1,2,Starter,US East
2026-04-02,489.07,2,Business,US East
2026-04-02,39.7,2,Starter,Europe
2026-04-02,229.06,3,Team,US West
2026-04-02,37.55,2,Starter,US East
2026-04-02,79.18,1,Team,US West
2026-04-02,241.11,1,Business,US West
2026-04-02,80.44,1,Team,US East
2026-04-02,19.31,1,Starter,US West
2026-04-02,80.24,1,Team,US West
2026-04-02,37.62,2,Starter,Europe
2026-04-02,1736.99,2,Enterprise,US West
2026-04-02,17.24,1,Starter,US East
2026-04-02,20.8,1,Starter,US East
2026-04-02,232.53,3,Team,US East
2026-04-02,57.68,3,Starter,Europe
2026-04-02,82.94,1,Team,US West
2026-04-02,17.89,1,Starter,US West
2026-04-02,37.67,2,Starter,US West
2026-04-02,156.98,2,Team,US West
2026-04-02,19.28,1,Starter,US East
2026-04-02,72.33,1,Team,US West
2026-04-02,18.38,1,Starter,US West
2026-04-02,18.41,1,Starter,US East
2026-04-02,20.56,1,Starter,Europe
2026-04-02,41.18,2,Starter,US West
2026-04-02,1872.93,2,Enterprise,Europe
2026-04-02,84.48,1,Team,US West
2026-04-02,488.09,2,Business,Europe
2026-04-02,58.13,3,Starter,US West
2026-04-02,148.95,2,Team,Europe
2026-04-02,19.53,1,Starter,US East
2026-04-02,39.23,2,Starter,US West
2026-04-02,20.32,1,Starter,Europe
2026-04-02,38.08,2,Starter,US East
2026-04-02,1809.05,2,Enterprise,US West
2026-04-02,234.92,1,Business,US West
2026-04-02,174.91,2,Team,US East
2026-04-02,38.35,2,Starter,Europe
2026-04-02,39.29,2,Starter,US West
2026-04-02,166.05,2,Team,US West
2026-04-02,39.71,2,Starter,US East
2026-04-02,36.43,2,Starter,US West
2026-04-02,18.95,1,Starter,US East
2026-04-02,72.55,1,Team,US East
2026-04-02,19.22,1,Starter,US East
2026-04-02,235.35,1,Business,US East
2026-04-02,259.95,1,Business,US West
2026-04-02,1791.19,2,Enterprise,US West
2026-04-02,19.79,1,Starter,US West
2026-04-03,865.35,1,Enterprise,US East
2026-04-03,889.52,1,Enterprise,US West
2026-04-03,152.9,2,Team,Europe
2026-04-03,263.71,3,Team,Europe
2026-04-03,36.1,2,Starter,Europe
2026-04-03,84.58,1,Team,Europe
2026-04-03,85.7,1,Team,US West
2026-04-03,37.44,2,Starter,US West
2026-04-03,76.73,1,Team,APAC
2026-04-03,19.82,1,Starter,US East
2026-04-03,526.72,2,Business,US East
2026-04-03,258.87,1,Business,APAC
2026-04-03,75.15,1,Team,US East
2026-04-03,37.53,2,Starter,Europe
2026-04-03,244.86,1,Business,US East
2026-04-03,500.35,2,Business,US West
2026-04-03,19.35,1,Starter,Europe
2026-04-03,800.87,1,Enterprise,US West
2026-04-03,244.57,1,Business,US West
2026-04-03,40.29,2,Starter,APAC
2026-04-03,152.28,2,Team,APAC
2026-04-03,159.58,2,Team,US West
2026-04-03,253.72,1,Business,US East
2026-04-03,82.2,1,Team,Europe
2026-04-03,251.69,1,Business,Europe
2026-04-03,1706.22,2,Enterprise,US East
2026-04-03,77.3,1,Team,US West
2026-04-03,19.96,1,Starter,US West
2026-04-03,20.09,1,Starter,Europe
2026-04-03,77.99,1,Team,APAC
2026-04-03,456.04,2,Business,US West
2026-04-03,163.6,2,Team,US West
2026-04-03,77.34,1,Team,Europe
2026-04-03,79.11,1,Team,US East
2026-04-03,80.46,1,Team,US West
2026-04-03,244.63,1,Business,US East
2026-04-03,18.37,1,Starter,APAC
2026-04-03,39.55,2,Starter,APAC
2026-04-03,34.74,2,Starter,US West
2026-04-03,37.41,2,Starter,APAC
2026-04-03,41.65,2,Starter,US East
2026-04-03,81.03,1,Team,US West
2026-04-03,56.44,3,Starter,US West
2026-04-03,258.0,1,Business,US East
2026-04-03,77.62,1,Team,US East
2026-04-03,76.79,1,Team,Europe
2026-04-03,38.25,2,Starter,APAC
2026-04-03,164.93,2,Team,US West
2026-04-03,152.95,2,Team,Europe
2026-04-03,157.53,2,Team,Europe
2026-04-03,79.56,1,Team,APAC
2026-04-03,18.95,1,Starter,US East
2026-04-03,256.55,1,Business,US West
2026-04-03,155.56,2,Team,US East
2026-04-03,156.78,2,Team,Europe
2026-04-04,161.41,2,Team,US West
2026-04-04,150.29,2,Team,APAC
2026-04-04,81.58,1,Team,US West
2026-04-04,37.79,2,Starter,US West
2026-04-04,245.83,1,Business,US West
2026-04-04,19.38,1,Starter,US East
2026-04-04,70.98,1,Team,Europe
2026-04-04,18.97,1,Starter,US West
2026-04-04,247.9,1,Business,US West
2026-04-04,81.37,1,Team,US East
2026-04-04,37.34,2,Starter,US East
2026-04-04,32.94,2,Starter,US West
2026-04-04,17.29,1,Starter,US East
2026-04-04,518.72,2,Business,US West
2026-04-04,17.83,1,Starter,Europe
2026-04-04,488.67,2,Business,Europe
2026-04-04,237.08,1,Business,US West
2026-04-04,19.83,1,Starter,US East
2026-04-04,88.72,1,Team,US West
2026-04-04,522.99,2,Business,APAC
2026-04-04,75.73,1,Team,US West
2026-04-04,83.27,1,Team,US East
2026-04-04,19.53,1,Starter,Europe
2026-04-04,83.61,1,Team,Europe
2026-04-04,37.58,2,Starter,US East
2026-04-04,20.92,1,Starter,APAC
2026-04-05,1875.92,2,Enterprise,Europe
2026-04-05,76.41,1,Team,US East
2026-04-05,483.27,2,Business,Europe
2026-04-05,37.49,2,Starter,Europe
2026-04-05,38.02,2,Starter,APAC
2026-04-05,19.95,1,Starter,APAC
2026-04-05,503.58,2,Business,US East
2026-04-05,78.89,1,Team,APAC
2026-04-05,166.88,2,Team,US East
2026-04-05,38.87,2,Starter,US East
2026-04-05,155.08,2,Team,US West
2026-04-05,158.14,2,Team,US West
2026-04-05,168.4,2,Team,US East
2026-04-05,235.75,1,Business,US West
2026-04-05,20.02,1,Starter,US East
2026-04-05,19.66,1,Starter,APAC
2026-04-05,17.92,1,Starter,US West
2026-04-05,77.18,1,Team,US West
2026-04-05,39.3,2,Starter,US East
2026-04-05,513.63,2,Business,APAC
2026-04-05,36.09,2,Starter,US West
2026-04-05,153.98,2,Team,US East
2026-04-05,19.8,1,Starter,Europe
2026-04-05,34.41,2,Starter,US East
2026-04-06,76.78,1,Team,US West
2026-04-06,18.93,1,Starter,US East
2026-04-06,37.16,2,Starter,US West
2026-04-06,40.2,2,Starter,US West
2026-04-06,18.57,1,Starter,US West
2026-04-06,85.21,1,Team,US West
2026-04-06,19.76,1,Starter,Europe
2026-04-06,535.51,2,Business,US East
2026-04-06,18.98,1,Starter,US West
2026-04-06,37.93,2,Starter,US East
2026-04-06,40.59,2,Starter,US West
2026-04-06,163.32,2,Team,Europe
2026-04-06,161.88,2,Team,APAC
2026-04-06,76.19,1,Team,Europe
2026-04-06,488.13,2,Business,Europe
2026-04-06,154.17,2,Team,US East
2026-04-06,31.93,2,Starter,US West
2026-04-06,158.57,2,Team,US West
2026-04-06,247.88,1,Business,US West
2026-04-06,72.77,1,Team,US West
2026-04-06,519.36,2,Business,APAC
2026-04-06,82.35,1,Team,US West
2026-04-06,79.74,1,Team,US West
2026-04-06,158.93,2,Team,Europe
2026-04-06,162.27,2,Team,Europe
2026-04-06,80.05,1,Team,US East
2026-04-06,19.15,1,Starter,US West
2026-04-06,75.19,1,Team,US West
2026-04-06,20.9,1,Starter,Europe
2026-04-06,20.75,1,Starter,US East
2026-04-06,250.18,1,Business,US West
2026-04-06,879.8,1,Enterprise,Europe
2026-04-06,39.9,2,Starter,Europe
2026-04-06,19.88,1,Starter,US East
2026-04-06,18.57,1,Starter,US East
2026-04-06,1929.94,2,Enterprise,US East
2026-04-06,456.27,2,Business,Europe
2026-04-06,158.99,2,Team,Europe
2026-04-06,152.47,2,Team,US West
2026-04-06,244.73,1,Business,APAC
2026-04-06,77.05,1,Team,US East
2026-04-06,36.67,2,Starter,APAC
2026-04-06,72.89,1,Team,US East
2026-04-06,268.5,1,Business,US East
2026-04-06,490.88,2,Business,US West
2026-04-06,488.65,2,Business,Europe
2026-04-06,18.95,1,Starter,US East
2026-04-06,40.16,2,Starter,US East
2026-04-06,151.96,2,Team,US West
2026-04-06,904.81,1,Enterprise,US East
2026-04-06,260.51,1,Business,US East
2026-04-06,79.93,1,Team,APAC
2026-04-07,77.88,1,Team,Europe
2026-04-07,148.04,2,Team,US West
2026-04-07,18.95,1,Starter,US East
2026-04-07,75.48,1,Team,US East
2026-04-07,523.53,2,Business,Europe
2026-04-07,82.61,1,Team,Europe
2026-04-07,1860.73,2,Enterprise,US West
2026-04-07,18.66,1,Starter,US West
2026-04-07,163.33,2,Team,Europe
2026-04-07,16.77,1,Starter,US West
2026-04-07,38.21,2,Starter,US East
2026-04-07,79.42,1,Team,Europe
2026-04-07,57.49,3,Starter,US East
2026-04-07,1741.43,2,Enterprise,US East
2026-04-07,39.17,2,Starter,Europe
2026-04-07,152.1,2,Team,APAC
2026-04-07,37.72,2,Starter,APAC
2026-04-07,75.89,1,Team,Europe
2026-04-07,54.63,3,Starter,US West
2026-04-07,166.67,2,Team,US East
2026-04-07,1745.1,2,Enterprise,US West
2026-04-07,18.75,1,Starter,US West
2026-04-07,38.77,2,Starter,US East
2026-04-07,81.0,1,Team,US West
2026-04-07,39.28,2,Starter,US East
2026-04-07,493.11,2,Business,US East
2026-04-07,505.9,2,Business,US East
2026-04-07,18.84,1,Starter,US West
2026-04-07,149.33,2,Team,US East
2026-04-07,1737.59,2,Enterprise,APAC
2026-04-07,83.07,1,Team,US East
2026-04-07,39.98,2,Starter,US West
2026-04-07,463.49,2,Business,US West
2026-04-07,37.3,2,Starter,US East
2026-04-07,148.54,2,Team,US East
2026-04-07,163.57,2,Team,US East
2026-04-07,18.67,1,Starter,Europe
2026-04-07,19.1,1,Starter,US West
2026-04-07,37.81,2,Starter,Europe
2026-04-07,895.97,1,Enterprise,US West
2026-04-07,37.76,2,Starter,US West
2026-04-07,237.05,1,Business,US West
2026-04-07,18.09,1,Starter,US East
2026-04-07,19.67,1,Starter,US East
2026-04-07,40.92,2,Starter,APAC
2026-04-07,267.87,1,Business,Europe
2026-04-07,85.45,1,Team,Europe
2026-04-07,18.37,1,Starter,US West
2026-04-07,80.29,1,Team,APAC
2026-04-07,17.56,1,Starter,US East
2026-04-07,17.36,1,Starter,Europe
2026-04-07,19.67,1,Starter,APAC
2026-04-07,38.93,2,Starter,Europe
2026-04-07,18.44,1,Starter,US West
2026-04-07,37.45,2,Starter,US West
2026-04-07,1704.74,2,Enterprise,US West
2026-04-07,37.81,2,Starter,US East
2026-04-07,40.39,2,Starter,US West
2026-04-07,19.67,1,Starter,US East
2026-04-07,19.31,1,Starter,US West
2026-04-07,19.95,1,Starter,US West
2026-04-07,19.1,1,Starter,US West
2026-04-08,17.9,1,Starter,APAC
2026-04-08,39.27,2,Starter,US West
2026-04-08,34.16,2,Starter,Europe
2026-04-08,37.94,2,Starter,APAC
2026-04-08,79.07,1,Team,US East
2026-04-08,37.57,2,Starter,US East
2026-04-08,241.61,1,Business,US East
2026-04-08,20.57,1,Starter,US West
2026-04-08,73.14,1,Team,Europe
2026-04-08,685.07,3,Business,US West
2026-04-08,21.06,1,Starter,US East
2026-04-08,83.57,1,Team,US West
2026-04-08,764.34,3,Business,Europe
2026-04-08,55.6,3,Starter,APAC
2026-04-08,68.61,1,Team,APAC
2026-04-08,17.31,1,Starter,US East
2026-04-08,224.18,1,Business,Europe
2026-04-08,40.38,2,Starter,Europe
2026-04-08,37.65,2,Starter,Europe
2026-04-08,153.84,2,Team,Europe
2026-04-08,19.81,1,Starter,US West
2026-04-08,17.74,1,Starter,US East
2026-04-08,77.44,1,Team,APAC
2026-04-08,81.8,1,Team,US West
2026-04-08,259.15,1,Business,Europe
2026-04-08,18.27,1,Starter,Europe
2026-04-08,18.61,1,Starter,US East
2026-04-08,19.99,1,Starter,US West
2026-04-08,34.99,2,Starter,US East
2026-04-08,526.59,2,Business,Europe
2026-04-08,493.13,2,Business,Europe
2026-04-08,246.44,1,Business,US East
2026-04-08,81.85,1,Team,US East
2026-04-08,18.27,1,Starter,US West
2026-04-08,40.31,2,Starter,US West
2026-04-08,256.49,1,Business,US East
2026-04-08,520.79,2,Business,US East
2026-04-08,79.4,1,Team,US East
2026-04-08,235.78,1,Business,Europe
2026-04-08,18.16,1,Starter,US East
2026-04-08,1864.0,2,Enterprise,Europe
2026-04-08,147.9,2,Team,US East
2026-04-08,78.56,1,Team,Europe
2026-04-08,74.18,1,Team,Europe
2026-04-08,174.27,2,Team,APAC
2026-04-08,37.48,2,Starter,Europe
2026-04-08,248.15,1,Business,Europe
2026-04-08,38.61,2,Starter,US West
2026-04-08,158.47,2,Team,US West
2026-04-08,245.59,1,Business,US West
2026-04-08,77.06,1,Team,US West
2026-04-08,36.35,2,Starter,Europe
2026-04-08,34.97,2,Starter,US West
2026-04-08,33.39,2,Starter,US East
2026-04-08,248.9,1,Business,Europe
2026-04-08,72.63,1,Team,Europe
2026-04-09,81.15,1,Team,US West
2026-04-09,40.18,2,Starter,Europe
2026-04-09,35.66,2,Starter,Europe
2026-04-09,159.54,2,Team,APAC
2026-04-09,254.61,1,Business,US East
2026-04-09,19.06,1,Starter,US West
2026-04-09,82.31,1,Team,US West
2026-04-09,260.92,1,Business,US West
2026-04-09,71.81,1,Team,US East
2026-04-09,81.18,1,Team,APAC
2026-04-09,72.95,1,Team,Europe
2026-04-09,165.98,2,Team,US East
2026-04-09,237.53,1,Business,Europe
2026-04-09,20.08,1,Starter,US East
2026-04-09,40.54,2,Starter,US West
2026-04-09,168.59,2,Team,US West
2026-04-09,18.77,1,Starter,Europe
2026-04-09,20.39,1,Starter,Europe
2026-04-09,19.26,1,Starter,US West
2026-04-09,519.28,2,Business,US West
2026-04-09,76.22,1,Team,US East
2026-04-09,165.38,2,Team,US East
2026-04-09,152.12,2,Team,US West
2026-04-09,19.39,1,Starter,US West
2026-04-09,73.12,1,Team,Europe
2026-04-09,78.9,1,Team,US West
2026-04-09,882.35,1,Enterprise,US East
2026-04-09,37.95,2,Starter,US West
2026-04-09,36.67,2,Starter,US East
2026-04-09,78.83,1,Team,Europe
2026-04-09,19.16,1,Starter,Europe
2026-04-09,39.63,2,Starter,Europe
2026-04-09,20.03,1,Starter,US West
2026-04-09,54.29,3,Starter,US West
2026-04-09,270.01,1,Business,US West
2026-04-09,18.98,1,Starter,US West
2026-04-09,155.96,2,Team,US West
2026-04-09,20.33,1,Starter,US West
2026-04-09,60.0,3,Starter,US West
2026-04-09,160.23,2,Team,APAC
2026-04-09,39.19,2,Starter,US East
2026-04-09,38.57,2,Starter,US East
2026-04-09,18.66,1,Starter,US East
2026-04-09,151.78,2,Team,US East
2026-04-09,19.19,1,Starter,US West
2026-04-09,75.94,1,Team,US East
2026-04-09,84.18,1,Team,US West
2026-04-09,37.26,2,Starter,APAC
2026-04-09,243.27,1,Business,Europe
2026-04-09,256.78,1,Business,US West
2026-04-09,482.43,2,Business,US East
2026-04-09,77.41,1,Team,US West
2026-04-09,36.47,2,Starter,Europe
2026-04-09,36.57,2,Starter,Europe
2026-04-09,76.32,1,Team,US East
2026-04-09,151.73,2,Team,Europe
2026-04-09,19.05,1,Starter,Europe
2026-04-09,248.77,1,Business,US East
2026-04-09,19.29,1,Starter,US East
2026-04-09,37.33,2,Starter,US East
2026-04-09,81.56,1,Team,Europe
2026-04-09,442.74,2,Business,US West
2026-04-09,160.95,2,Team,APAC
2026-04-09,82.6,1,Team,US West
2026-04-09,493.66,2,Business,US West
2026-04-09,20.11,1,Starter,Europe
2026-04-09,84.56,1,Team,US East
2026-04-09,477.24,2,Business,Europe
2026-04-09,154.6,2,Team,US West
2026-04-09,176.72,2,Team,US West
2026-04-09,17.63,1,Starter,US East
2026-04-09,76.51,1,Team,APAC
2026-04-09,19.4,1,Starter,US West
2026-04-09,80.17,1,Team,APAC
2026-04-10,1898.69,2,Enterprise,Europe
2026-04-10,158.1,2,Team,Europe
2026-04-10,19.62,1,Starter,Europe
2026-04-10,38.25,2,Starter,US West
2026-04-10,78.52,1,Team,US West
2026-04-10,19.63,1,Starter,US West
2026-04-10,19.75,1,Starter,US West
2026-04-10,36.09,2,Starter,US East
2026-04-10,74.86,1,Team,US West
2026-04-10,39.18,2,Starter,Europe
2026-04-10,19.94,1,Starter,Europe
2026-04-10,156.7,2,Team,US East
2026-04-10,36.89,2,Starter,US West
2026-04-10,224.37,1,Business,Europe
2026-04-10,498.1,2,Business,Europe
2026-04-10,874.94,1,Enterprise,US East
2026-04-10,38.08,2,Starter,Europe
2026-04-10,833.04,1,Enterprise,US West
2026-04-10,885.41,1,Enterprise,US East
2026-04-10,38.12,2,Starter,APAC
2026-04-10,79.56,1,Team,US West
2026-04-10,75.8,1,Team,US West
2026-04-10,35.78,2,Starter,US East
2026-04-10,958.41,1,Enterprise,US West
2026-04-10,18.36,1,Starter,US West
2026-04-10,149.6,2,Team,US East
2026-04-10,38.46,2,Starter,US West
2026-04-10,156.73,2,Team,US West
2026-04-10,20.56,1,Starter,US East
2026-04-10,83.09,1,Team,US West
2026-04-10,77.12,1,Team,US East
2026-04-10,162.21,2,Team,US West
2026-04-10,168.62,2,Team,US West
2026-04-10,79.16,1,Team,Europe
2026-04-10,241.75,1,Business,US West
2026-04-10,86.2,1,Team,US East
2026-04-10,534.97,2,Business,Europe
2026-04-10,18.03,1,Starter,US East
2026-04-10,79.26,1,Team,US West
2026-04-10,75.59,1,Team,US West
2026-04-10,38.3,2,Starter,US West
2026-04-10,161.47,2,Team,APAC
2026-04-10,491.03,2,Business,Europe
2026-04-10,18.28,1,Starter,US West
2026-04-10,18.93,1,Starter,APAC
2026-04-10,168.22,2,Team,Europe
2026-04-10,75.28,1,Team,US West
2026-04-10,79.37,1,Team,US East
2026-04-10,273.51,1,Business,US West
2026-04-10,76.7,1,Team,US East
2026-04-10,18.52,1,Starter,US West
2026-04-10,19.4,1,Starter,US East
2026-04-10,149.54,2,Team,US West
2026-04-10,1625.4,2,Enterprise,US East
2026-04-10,81.49,1,Team,US East
2026-04-10,19.27,1,Starter,US West
2026-04-11,268.97,1,Business,US West
2026-04-11,147.87,2,Team,APAC
2026-04-11,39.52,2,Starter,APAC
2026-04-11,19.15,1,Starter,Europe
2026-04-11,150.66,2,Team,US West
2026-04-11,37.58,2,Starter,US East
2026-04-11,509.55,2,Business,APAC
2026-04-11,250.14,1,Business,US West
2026-04-11,40.37,2,Starter,US West
2026-04-11,74.4,1,Team,US East
2026-04-11,18.49,1,Starter,Europe
2026-04-11,57.09,3,Starter,US West
2026-04-11,73.11,1,Team,US East
2026-04-11,154.15,2,Team,US West
2026-04-11,72.8,1,Team,Europe
2026-04-11,38.75,2,Starter,APAC
2026-04-11,837.59,1,Enterprise,US West
2026-04-11,17.87,1,Starter,Europe
2026-04-11,159.86,2,Team,US West
2026-04-11,264.7,1,Business,Europe
2026-04-11,19.37,1,Starter,Europe
2026-04-11,75.79,1,Team,US East
2026-04-11,949.77,1,Enterprise,Europe
2026-04-11,78.35,1,Team,US East
2026-04-11,20.81,1,Starter,US East
2026-04-11,262.37,1,Business,US West
2026-04-12,245.14,3,Team,US West
2026-04-12,40.21,2,Starter,US West
2026-04-12,87.2,1,Team,US West
2026-04-12,37.44,2,Starter,US West
2026-04-12,78.14,1,Team,Europe
2026-04-12,81.7,1,Team,Europe
2026-04-12,19.97,1,Starter,Europe
2026-04-12,1811.51,2,Enterprise,US West
2026-04-12,78.73,1,Team,US East
2026-04-12,83.04,1,Team,APAC
2026-04-12,532.22,2,Business,Europe
2026-04-12,948.34,1,Enterprise,Europe
2026-04-12,17.79,1,Starter,US West
2026-04-12,79.68,1,Team,US East
2026-04-12,251.22,1,Business,APAC
2026-04-12,161.76,2,Team,Europe
2026-04-12,475.48,2,Business,US West
2026-04-12,265.82,1,Business,US West
2026-04-12,504.2,2,Business,Europe
2026-04-12,858.52,1,Enterprise,US West
2026-04-12,1728.73,2,Enterprise,US West
2026-04-12,55.6,3,Starter,Europe
2026-04-12,893.8,1,Enterprise,US East
2026-04-12,36.56,2,Starter,APAC
2026-04-12,168.82,2,Team,US East
2026-04-12,75.04,1,Team,US East
2026-04-12,1715.85,2,Enterprise,US East
2026-04-13,81.5,1,Team,US West
2026-04-13,38.55,2,Starter,Europe
2026-04-13,232.25,1,Business,US West
2026-04-13,19.38,1,Starter,US West
2026-04-13,1771.53,2,Enterprise,APAC
2026-04-13,18.56,1,Starter,Europe
2026-04-13,20.87,1,Starter,Europe
2026-04-13,491.48,2,Business,US West
2026-04-13,19.28,1,Starter,US East
2026-04-13,158.93,2,Team,US East
2026-04-13,227.12,3,Team,Europe
2026-04-13,35.35,2,Starter,Europe
2026-04-13,245.08,1,Business,Europe
2026-04-13,1693.35,2,Enterprise,US East
2026-04-13,37.66,2,Starter,US West
2026-04-13,855.15,1,Enterprise,US West
2026-04-13,79.33,1,Team,US West
2026-04-13,734.61,3,Business,Europe
2026-04-13,480.09,2,Business,APAC
2026-04-13,167.41,2,Team,US East
2026-04-13,841.78,1,Enterprise,Europe
2026-04-13,18.17,1,Starter,US East
2026-04-13,37.43,2,Starter,US East
2026-04-13,68.39,1,Team,US West
2026-04-13,20.39,1,Starter,APAC
2026-04-13,77.64,1,Team,US West
2026-04-13,149.72,2,Team,US East
2026-04-13,82.4,1,Team,US East
2026-04-13,485.75,2,Business,Europe
2026-04-13,35.46,2,Starter,Europe
2026-04-13,259.64,1,Business,Europe
2026-04-13,79.65,1,Team,US West
2026-04-13,72.77,1,Team,US East
2026-04-13,38.5,2,Starter,US West
2026-04-13,19.36,1,Starter,US West
2026-04-13,19.42,1,Starter,US West
2026-04-13,18.66,1,Starter,US East
2026-04-13,18.44,1,Starter,US West
2026-04-13,19.51,1,Starter,US West
2026-04-13,19.13,1,Starter,US East
2026-04-13,147.44,2,Team,Europe
2026-04-13,56.85,3,Starter,Europe
2026-04-13,41.29,2,Starter,Europe
2026-04-13,146.56,2,Team,US West
2026-04-13,921.09,1,Enterprise,US East
2026-04-13,166.3,2,Team,US East
2026-04-13,79.53,1,Team,US West
2026-04-13,19.39,1,Starter,Europe
2026-04-13,38.17,2,Starter,US West
2026-04-13,39.02,2,Starter,Europe
2026-04-13,35.6,2,Starter,US West
2026-04-13,149.97,2,Team,US West
2026-04-13,20.24,1,Starter,US West
2026-04-13,78.65,1,Team,Europe
2026-04-13,17.78,1,Starter,US East
2026-04-13,149.57,2,Team,Europe
2026-04-13,73.13,1,Team,US East
2026-04-13,39.52,2,Starter,US West
2026-04-13,81.86,1,Team,US East
2026-04-13,81.73,1,Team,Europe
2026-04-13,18.83,1,Starter,US West
2026-04-13,152.19,2,Team,US West
2026-04-13,784.78,3,Business,US West
2026-04-13,39.63,2,Starter,US West
2026-04-14,75.11,1,Team,US East
2026-04-14,83.18,1,Team,US West
2026-04-14,154.42,2,Team,Europe
2026-04-14,154.78,2,Team,US East
2026-04-14,463.73,2,Business,US East
2026-04-14,73.79,1,Team,US West
2026-04-14,19.52,1,Starter,US East
2026-04-14,482.49,2,Business,US West
2026-04-14,252.98,1,Business,Europe
2026-04-14,228.43,1,Business,US West
2026-04-14,157.0,2,Team,US West
2026-04-14,20.7,1,Starter,US East
2026-04-14,82.68,1,Team,US East
2026-04-14,18.88,1,Starter,Europe
2026-04-14,152.03,2,Team,Europe
2026-04-14,79.73,1,Team,Europe
2026-04-14,36.95,2,Starter,US East
2026-04-14,240.04,1,Business,US West
2026-04-14,516.65,2,Business,APAC
2026-04-14,40.5,2,Starter,US West
2026-04-14,253.53,1,Business,US West
2026-04-14,40.8,2,Starter,US East
2026-04-14,249.9,1,Business,US West
2026-04-14,37.38,2,Starter,Europe
2026-04-14,37.72,2,Starter,US East
2026-04-14,165.38,2,Team,Europe
2026-04-14,36.37,2,Starter,US West
2026-04-14,934.55,1,Enterprise,US East
2026-04-14,18.89,1,Starter,US East
2026-04-14,37.69,2,Starter,Europe
2026-04-14,537.03,2,Business,US East
2026-04-14,82.36,1,Team,US West
2026-04-14,158.68,2,Team,US West
2026-04-14,166.16,2,Team,US West
2026-04-14,161.55,2,Team,US West
2026-04-14,78.3,1,Team,Europe
2026-04-14,153.44,2,Team,US West
2026-04-14,152.73,2,Team,US West
2026-04-14,79.28,1,Team,US West
2026-04-14,156.41,2,Team,APAC
2026-04-14,481.9,2,Business,Europe
2026-04-14,87.17,1,Team,US East
2026-04-14,509.89,2,Business,Europe
2026-04-14,493.4,2,Business,US East
2026-04-14,18.01,1,Starter,Europe
2026-04-14,913.39,1,Enterprise,US West
2026-04-14,19.89,1,Starter,US West
2026-04-14,161.93,2,Team,US West
2026-04-14,80.42,1,Team,US East
2026-04-14,75.82,1,Team,US East
2026-04-14,40.07,2,Starter,US East
2026-04-14,19.78,1,Starter,US West
2026-04-14,259.03,1,Business,US West
2026-04-14,163.37,2,Team,US West
2026-04-14,457.11,2,Business,US West
2026-04-14,152.87,2,Team,US West
2026-04-14,36.38,2,Starter,US West
2026-04-14,36.42,2,Starter,Europe
2026-04-14,262.53,1,Business,APAC
2026-04-14,18.94,1,Starter,APAC
2026-04-14,81.24,1,Team,APAC
2026-04-14,19.55,1,Starter,US East
2026-04-14,251.2,1,Business,US West
2026-04-15,19.71,1,Starter,US West
2026-04-15,1750.41,2,Enterprise,Europe
2026-04-15,1807.96,2,Enterprise,US West
2026-04-15,858.84,1,Enterprise,Europe
2026-04-15,76.42,1,Team,Europe
2026-04-15,938.07,1,Enterprise,Europe
2026-04-15,38.85,2,Starter,US East
2026-04-15,16.92,1,Starter,Europe
2026-04-15,76.63,1,Team,US East
2026-04-15,233.11,1,Business,US East
2026-04-15,490.68,2,Business,US East
2026-04-15,153.11,2,Team,US East
2026-04-15,251.01,3,Team,Europe
2026-04-15,78.73,1,Team,US West
2026-04-15,18.78,1,Starter,US West
2026-04-15,80.56,1,Team,APAC
2026-04-15,272.87,1,Business,APAC
2026-04-15,57.0,3,Starter,APAC
2026-04-15,18.52,1,Starter,US East
2026-04-15,38.95,2,Starter,Europe
2026-04-15,76.69,1,Team,US East
2026-04-15,18.87,1,Starter,US East
2026-04-15,83.17,1,Team,Europe
2026-04-15,79.39,1,Team,Europe
2026-04-15,2529.81,3,Enterprise,US East
2026-04-15,37.3,2,Starter,US West
2026-04-15,19.69,1,Starter,US West
2026-04-15,1773.83,2,Enterprise,Europe
2026-04-15,79.8,1,Team,US East
2026-04-15,249.91,1,Business,US East
2026-04-15,1759.41,2,Enterprise,APAC
2026-04-15,156.16,2,Team,US West
2026-04-15,251.6,1,Business,Europe
2026-04-15,18.36,1,Starter,APAC
2026-04-15,165.43,2,Team,Europe
2026-04-15,157.61,2,Team,US East
2026-04-15,77.56,1,Team,US East
2026-04-15,18.77,1,Starter,US West
2026-04-15,85.85,1,Team,Europe
2026-04-15,18.59,1,Starter,US West
2026-04-15,38.22,2,Starter,US West
2026-04-15,256.92,1,Business,US East
2026-04-15,20.52,1,Starter,US East
2026-04-15,57.3,3,Starter,US West
2026-04-15,84.44,1,Team,US East
2026-04-15,82.35,1,Team,US West
2026-04-15,20.33,1,Starter,Europe
2026-04-15,150.71,2,Team,US East
2026-04-15,39.33,2,Starter,Europe
2026-04-15,488.03,2,Business,US West
2026-04-15,463.44,2,Business,US East
2026-04-15,78.29,1,Team,Europe
2026-04-15,40.17,2,Starter,US East
2026-04-15,508.41,2,Business,Europe
2026-04-15,17.02,1,Starter,US East
2026-04-15,18.6,1,Starter,US West
2026-04-15,20.88,1,Starter,APAC
2026-04-15,514.1,2,Business,US West
2026-04-15,37.22,2,Starter,US West
2026-04-15,784.83,1,Enterprise,US West
2026-04-15,19.6,1,Starter,US West
2026-04-15,70.14,1,Team,US West
2026-04-15,498.17,2,Business,US West
2026-04-15,39.53,2,Starter,APAC
2026-04-15,17.77,1,Starter,US East
2026-04-16,76.39,1,Team,US East
2026-04-16,40.01,2,Starter,Europe
2026-04-16,36.47,2,Starter,US East
2026-04-16,19.42,1,Starter,Europe
2026-04-16,253.11,1,Business,US West
2026-04-16,75.65,1,Team,APAC
2026-04-16,19.71,1,Starter,Europe
2026-04-16,19.08,1,Starter,APAC
2026-04-16,19.78,1,Starter,US West
2026-04-16,165.23,2,Team,US West
2026-04-16,153.2,2,Team,Europe
2026-04-16,37.02,2,Starter,US East
2026-04-16,483.16,2,Business,Europe
2026-04-16,77.76,1,Team,US West
2026-04-16,718.7,3,Business,Europe
2026-04-16,159.36,2,Team,Europe
2026-04-16,1761.75,2,Enterprise,US West
2026-04-16,19.57,1,Starter,Europe
2026-04-16,468.84,2,Business,Europe
2026-04-16,74.86,1,Team,US West
2026-04-16,82.76,1,Team,US West
2026-04-16,36.83,2,Starter,US West
2026-04-16,59.62,3,Starter,US East
2026-04-16,38.93,2,Starter,US West
2026-04-16,18.48,1,Starter,Europe
2026-04-16,32.47,2,Starter,Europe
2026-04-16,266.93,1,Business,Europe
2026-04-16,17.9,1,Starter,US West
2026-04-16,19.36,1,Starter,APAC
2026-04-16,80.51,1,Team,Europe
2026-04-16,17.26,1,Starter,US East
2026-04-16,77.04,1,Team,Europe
2026-04-16,158.62,2,Team,US West
2026-04-16,85.36,1,Team,Europe
2026-04-16,81.43,1,Team,US West
2026-04-16,141.27,2,Team,US East
2026-04-16,159.98,2,Team,US East
2026-04-16,18.03,1,Starter,US East
2026-04-16,38.26,2,Starter,US East
2026-04-16,42.51,2,Starter,US West
2026-04-16,903.61,1,Enterprise,Europe
2026-04-16,36.44,2,Starter,US West
2026-04-16,18.88,1,Starter,US East
2026-04-16,155.93,2,Team,US West
2026-04-16,83.35,1,Team,US West
2026-04-16,80.31,1,Team,Europe
2026-04-16,18.1,1,Starter,Europe
2026-04-16,917.69,1,Enterprise,Europe
2026-04-16,483.23,2,Business,Europe
2026-04-16,19.16,1,Starter,US West
2026-04-16,156.51,2,Team,APAC
2026-04-16,519.87,2,Business,US East
2026-04-16,74.88,1,Team,US West
2026-04-16,39.17,2,Starter,Europe
2026-04-16,17.59,1,Starter,Europe
2026-04-16,87.99,1,Team,US East
2026-04-16,492.26,2,Business,US West
2026-04-16,18.42,1,Starter,US West
2026-04-17,18.21,1,Starter,US East
2026-04-17,38.46,2,Starter,Europe
2026-04-17,255.14,1,Business,APAC
2026-04-17,912.33,1,Enterprise,Europe
2026-04-17,152.03,2,Team,Europe
2026-04-17,518.82,2,Business,US East
2026-04-17,19.04,1,Starter,Europe
2026-04-17,19.11,1,Starter,APAC
2026-04-17,1007.06,1,Enterprise,US West
2026-04-17,154.05,2,Team,Europe
2026-04-17,18.63,1,Starter,Europe
2026-04-17,544.09,2,Business,US East
2026-04-17,20.38,1,Starter,Europe
2026-04-17,79.32,1,Team,US West
2026-04-17,36.21,2,Starter,US East
2026-04-17,522.58,2,Business,US West
2026-04-17,258.94,1,Business,US East
2026-04-17,18.76,1,Starter,US East
2026-04-17,82.22,1,Team,US East
2026-04-17,496.12,2,Business,APAC
2026-04-17,37.84,2,Starter,Europe
2026-04-17,85.46,1,Team,Europe
2026-04-17,39.75,2,Starter,Europe
2026-04-17,19.28,1,Starter,US West
2026-04-17,78.19,1,Team,US West
2026-04-17,35.8,2,Starter,US East
2026-04-17,472.36,2,Business,Europe
2026-04-17,84.25,1,Team,US West
2026-04-17,17.84,1,Starter,Europe
2026-04-17,874.33,1,Enterprise,APAC
2026-04-17,34.08,2,Starter,US East
2026-04-17,39.72,2,Starter,Europe
2026-04-17,38.43,2,Starter,US West
2026-04-17,76.34,1,Team,US West
2026-04-17,161.36,2,Team,US West
2026-04-17,81.93,1,Team,US East
2026-04-17,19.43,1,Starter,US West
2026-04-17,81.42,1,Team,Europe
2026-04-17,19.07,1,Starter,US West
2026-04-17,222.56,3,Team,US West
2026-04-17,81.12,1,Team,APAC
2026-04-17,79.83,1,Team,US West
2026-04-17,38.49,2,Starter,US East
2026-04-17,157.03,2,Team,Europe
2026-04-17,17.0,1,Starter,US East
2026-04-17,18.31,1,Starter,US East
2026-04-17,59.21,3,Starter,US West
2026-04-17,143.89,2,Team,US East
2026-04-17,85.69,1,Team,US East
2026-04-17,18.18,1,Starter,APAC
2026-04-17,85.38,1,Team,Europe
2026-04-17,82.5,1,Team,Europe
2026-04-17,18.39,1,Starter,US West
2026-04-17,147.08,2,Team,Europe
2026-04-17,237.82,1,Business,APAC
2026-04-17,16.98,1,Starter,APAC
2026-04-17,18.98,1,Starter,US West
2026-04-18,38.11,2,Starter,Europe
2026-04-18,19.24,1,Starter,APAC
2026-04-18,40.19,2,Starter,US West
2026-04-18,521.91,2,Business,APAC
2026-04-18,41.46,2,Starter,Europe
2026-04-18,20.52,1,Starter,US East
2026-04-18,254.89,1,Business,US West
2026-04-18,82.65,1,Team,US East
2026-04-18,234.76,3,Team,US West
2026-04-18,18.57,1,Starter,APAC
2026-04-18,84.72,1,Team,US East
2026-04-18,248.75,1,Business,US East
2026-04-18,19.8,1,Starter,US West
2026-04-18,41.24,2,Starter,Europe
2026-04-18,33.32,2,Starter,Europe
2026-04-18,837.91,1,Enterprise,US West
2026-04-18,79.11,1,Team,US West
2026-04-18,164.67,2,Team,Europe
2026-04-18,38.71,2,Starter,US East
2026-04-18,17.88,1,Starter,US East
2026-04-18,38.72,2,Starter,US West
2026-04-18,165.37,2,Team,APAC
2026-04-18,35.76,2,Starter,US West
2026-04-18,500.67,2,Business,US West
2026-04-19,20.05,1,Starter,US West
2026-04-19,19.55,1,Starter,APAC
2026-04-19,256.76,1,Business,US West
2026-04-19,79.72,1,Team,Europe
2026-04-19,40.38,2,Starter,US West
2026-04-19,41.54,2,Starter,Europe
2026-04-19,38.44,2,Starter,Europe
2026-04-19,165.41,2,Team,US East
2026-04-19,19.68,1,Starter,Europe
2026-04-19,37.24,2,Starter,APAC
2026-04-19,19.4,1,Starter,US West
2026-04-19,37.96,2,Starter,US East
2026-04-19,162.67,2,Team,US West
2026-04-19,58.89,3,Starter,Europe
2026-04-19,20.58,1,Starter,Europe
2026-04-19,76.19,1,Team,US West
2026-04-19,155.58,2,Team,US East
2026-04-19,41.06,2,Starter,US West
2026-04-19,20.12,1,Starter,Europe
2026-04-19,462.7,2,Business,US East
2026-04-19,18.85,1,Starter,US East
2026-04-19,18.03,1,Starter,Europe
2026-04-19,38.55,2,Starter,Europe
2026-04-19,19.96,1,Starter,US West
2026-04-19,80.11,1,Team,US West
2026-04-20,254.1,1,Business,US West
2026-04-20,82.14,1,Team,Europe
2026-04-20,37.99,2,Starter,US West
2026-04-20,35.19,2,Starter,US West
2026-04-20,19.94,1,Starter,US East
2026-04-20,488.43,2,Business,US West
2026-04-20,511.86,2,Business,US East
2026-04-20,921.69,1,Enterprise,US East
2026-04-20,1736.16,2,Enterprise,Europe
2026-04-20,173.76,2,Team,Europe
2026-04-20,80.08,1,Team,US West
2026-04-20,964.75,1,Enterprise,Europe
2026-04-20,73.75,1,Team,APAC
2026-04-20,162.43,2,Team,US West
2026-04-20,17.46,1,Starter,US East
2026-04-20,531.71,2,Business,US West
2026-04-20,19.28,1,Starter,US West
2026-04-20,526.7,2,Business,US West
2026-04-20,729.32,3,Business,US West
2026-04-20,81.6,1,Team,US West
2026-04-20,81.69,1,Team,US West
2026-04-20,161.86,2,Team,US West
2026-04-20,1741.32,2,Enterprise,US East
2026-04-20,85.65,1,Team,US East
2026-04-20,246.26,1,Business,US East
2026-04-20,19.24,1,Starter,US West
2026-04-20,84.38,1,Team,US East
2026-04-20,76.83,1,Team,Europe
2026-04-20,80.27,1,Team,US East
2026-04-20,486.49,2,Business,Europe
2026-04-20,37.11,2,Starter,Europe
2026-04-20,20.48,1,Starter,US West
2026-04-20,80.42,1,Team,US East
2026-04-20,36.93,2,Starter,US West
2026-04-20,80.12,1,Team,US West
2026-04-20,502.61,2,Business,Europe
2026-04-20,20.78,1,Starter,APAC
2026-04-20,485.37,2,Business,US East
2026-04-20,540.44,2,Business,US West
2026-04-20,159.68,2,Team,US West
2026-04-20,75.0,1,Team,US East
2026-04-20,37.22,2,Starter,US West
2026-04-20,85.2,1,Team,US West
2026-04-20,39.52,2,Starter,US East
2026-04-20,502.49,2,Business,Europe
2026-04-20,78.97,1,Team,Europe
2026-04-20,84.3,1,Team,US West
2026-04-20,83.92,1,Team,US East
2026-04-20,156.84,2,Team,APAC
2026-04-20,261.74,1,Business,US West
2026-04-20,523.25,2,Business,US West
2026-04-20,150.26,2,Team,Europe
2026-04-20,495.69,2,Business,US West
2026-04-20,157.91,2,Team,APAC
2026-04-20,19.73,1,Starter,US East
2026-04-20,38.57,2,Starter,US West
2026-04-20,157.49,2,Team,US East
2026-04-20,163.98,2,Team,US West
2026-04-20,19.02,1,Starter,US East
2026-04-20,1928.91,2,Enterprise,US West
2026-04-20,35.96,2,Starter,US West
2026-04-20,166.89,2,Team,US West
2026-04-20,72.79,1,Team,Europe
2026-04-20,223.74,1,Business,US West
2026-04-20,162.37,2,Team,Europe
2026-04-20,21.58,1,Starter,US West
2026-04-20,73.47,1,Team,US West
2026-04-20,18.74,1,Starter,US East
2026-04-21,19.2,1,Starter,US West
2026-04-21,475.96,2,Business,Europe
2026-04-21,18.61,1,Starter,US West
2026-04-21,164.22,2,Team,US West
2026-04-21,18.2,1,Starter,US West
2026-04-21,38.12,2,Starter,US East
2026-04-21,83.53,1,Team,US West
2026-04-21,20.22,1,Starter,Europe
2026-04-21,19.58,1,Starter,APAC
2026-04-21,35.6,2,Starter,US West
2026-04-21,149.31,2,Team,US West
2026-04-21,20.49,1,Starter,US West
2026-04-21,263.45,1,Business,Europe
2026-04-21,19.49,1,Starter,US East
2026-04-21,18.08,1,Starter,Europe
2026-04-21,488.13,2,Business,US West
2026-04-21,17.42,1,Starter,US West
2026-04-21,20.67,1,Starter,Europe
2026-04-21,19.18,1,Starter,Europe
2026-04-21,77.32,1,Team,US East
2026-04-21,72.83,1,Team,US East
2026-04-21,18.49,1,Starter,APAC
2026-04-21,38.01,2,Starter,US East
2026-04-21,38.39,2,Starter,US East
2026-04-21,80.45,1,Team,US West
2026-04-21,161.11,2,Team,Europe
2026-04-21,20.17,1,Starter,Europe
2026-04-21,19.03,1,Starter,APAC
2026-04-21,37.49,2,Starter,Europe
2026-04-21,81.92,1,Team,US East
2026-04-21,18.79,1,Starter,US West
2026-04-21,19.46,1,Starter,US East
2026-04-21,19.36,1,Starter,Europe
2026-04-21,155.04,2,Team,Europe
2026-04-21,19.07,1,Starter,US West
2026-04-21,36.39,2,Starter,APAC
2026-04-21,52.04,3,Starter,US West
2026-04-21,36.19,2,Starter,Europe
2026-04-21,18.92,1,Starter,APAC
2026-04-21,74.64,1,Team,APAC
2026-04-21,36.81,2,Starter,US West
2026-04-21,488.52,2,Business,US East
2026-04-21,39.25,2,Starter,Europe
2026-04-21,18.83,1,Starter,Europe
2026-04-21,19.12,1,Starter,US West
2026-04-21,39.59,2,Starter,Europe
2026-04-21,82.82,1,Team,US West
2026-04-21,19.4,1,Starter,US West
2026-04-21,37.71,2,Starter,US West
2026-04-21,19.33,1,Starter,Europe
2026-04-21,164.94,2,Team,US East
2026-04-21,698.24,3,Business,US West
2026-04-21,506.03,2,Business,Europe
2026-04-21,19.95,1,Starter,Europe
2026-04-21,153.53,2,Team,US East
2026-04-21,78.85,1,Team,Europe
2026-04-21,874.89,1,Enterprise,US West
2026-04-21,79.55,1,Team,US West
2026-04-21,165.0,2,Team,US East
2026-04-21,84.35,1,Team,Europe
2026-04-21,18.93,1,Starter,US West
2026-04-21,19.28,1,Starter,US East
2026-04-21,153.41,2,Team,US West
2026-04-21,37.69,2,Starter,US West
2026-04-21,67.64,1,Team,US East
2026-04-21,21.55,1,Starter,US East
2026-04-21,17.91,1,Starter,APAC
2026-04-22,494.9,2,Business,US East
2026-04-22,19.95,1,Starter,US East
2026-04-22,18.76,1,Starter,US West
2026-04-22,165.71,2,Team,US East
2026-04-22,246.73,1,Business,US East
2026-04-22,165.62,2,Team,US West
2026-04-22,37.19,2,Starter,Europe
2026-04-22,19.24,1,Starter,US West
2026-04-22,153.23,2,Team,US West
2026-04-22,40.1,2,Starter,US East
2026-04-22,505.11,2,Business,Europe
2026-04-22,230.49,1,Business,APAC
2026-04-22,75.45,1,Team,US East
2026-04-22,36.95,2,Starter,US West
2026-04-22,166.74,2,Team,US East
2026-04-22,885.76,1,Enterprise,APAC
2026-04-22,551.79,2,Business,US West
2026-04-22,864.19,1,Enterprise,APAC
2026-04-22,38.12,2,Starter,US East
2026-04-22,18.88,1,Starter,APAC
2026-04-22,534.66,2,Business,US East
2026-04-22,482.23,2,Business,US West
2026-04-22,78.05,1,Team,APAC
2026-04-22,251.7,3,Team,US East
2026-04-22,18.8,1,Starter,Europe
2026-04-22,71.37,1,Team,US East
2026-04-22,18.52,1,Starter,APAC
2026-04-22,16.75,1,Starter,US West
2026-04-22,84.65,1,Team,US West
2026-04-22,75.29,1,Team,Europe
2026-04-22,18.78,1,Starter,Europe
2026-04-22,169.04,2,Team,Europe
2026-04-22,19.47,1,Starter,US East
2026-04-22,39.11,2,Starter,US East
2026-04-22,77.29,1,Team,US West
2026-04-22,76.57,1,Team,APAC
2026-04-22,18.72,1,Starter,Europe
2026-04-22,18.9,1,Starter,US West
2026-04-22,20.06,1,Starter,APAC
2026-04-22,18.41,1,Starter,Europe
2026-04-22,78.71,1,Team,APAC
2026-04-22,73.02,1,Team,Europe
2026-04-22,160.12,2,Team,US East
2026-04-22,40.36,2,Starter,US West
2026-04-22,493.13,2,Business,US West
2026-04-22,81.51,1,Team,Europe
2026-04-22,83.09,1,Team,Europe
2026-04-22,507.08,2,Business,APAC
2026-04-22,54.83,3,Starter,US West
2026-04-22,19.18,1,Starter,US East
2026-04-22,38.99,2,Starter,Europe
2026-04-22,169.96,2,Team,Europe
2026-04-22,37.65,2,Starter,US East
2026-04-22,153.43,2,Team,US West
2026-04-22,244.92,1,Business,Europe
2026-04-22,17.95,1,Starter,Europe
2026-04-22,19.63,1,Starter,APAC
2026-04-22,912.54,1,Enterprise,APAC
2026-04-22,489.37,2,Business,US West
2026-04-22,153.63,2,Team,APAC
2026-04-22,18.44,1,Starter,US East
2026-04-22,18.28,1,Starter,Europe
2026-04-22,76.99,1,Team,US West
2026-04-22,1773.03,2,Enterprise,US West
2026-04-22,453.2,2,Business,US East
2026-04-23,38.19,2,Starter,US West
2026-04-23,150.13,2,Team,APAC
2026-04-23,78.14,1,Team,Europe
2026-04-23,18.92,1,Starter,US West
2026-04-23,76.09,1,Team,Europe
2026-04-23,39.75,2,Starter,US East
2026-04-23,36.37,2,Starter,Europe
2026-04-23,162.27,2,Team,US West
2026-04-23,57.79,3,Starter,US West
2026-04-23,1827.84,2,Enterprise,US West
2026-04-23,260.31,1,Business,US West
2026-04-23,82.07,1,Team,Europe
2026-04-23,160.09,2,Team,US West
2026-04-23,80.71,1,Team,US West
2026-04-23,17.5,1,Starter,Europe
2026-04-23,79.42,1,Team,Europe
2026-04-23,17.93,1,Starter,Europe
2026-04-23,247.71,1,Business,Europe
2026-04-23,254.26,1,Business,US West
2026-04-23,34.87,2,Starter,US East
2026-04-23,1858.24,2,Enterprise,Europe
2026-04-23,78.02,1,Team,US West
2026-04-23,74.18,1,Team,US East
2026-04-23,18.34,1,Starter,US West
2026-04-23,55.09,3,Starter,US West
2026-04-23,18.55,1,Starter,APAC
2026-04-23,36.65,2,Starter,US West
2026-04-23,525.14,2,Business,Europe
2026-04-23,77.46,1,Team,Europe
2026-04-23,72.39,1,Team,APAC
2026-04-23,260.72,1,Business,Europe
2026-04-23,81.61,1,Team,US East
2026-04-23,150.01,2,Team,US West
2026-04-23,157.27,2,Team,US West
2026-04-23,262.6,1,Business,US East
2026-04-23,36.7,2,Starter,US East
2026-04-23,510.39,2,Business,US West
2026-04-23,16.3,1,Starter,Europe
2026-04-23,32.82,2,Starter,US West
2026-04-23,272.9,1,Business,Europe
2026-04-23,19.55,1,Starter,Europe
2026-04-23,270.96,1,Business,Europe
2026-04-23,157.2,2,Team,US East
2026-04-23,265.95,1,Business,US West
2026-04-23,166.07,2,Team,US West
2026-04-23,172.2,2,Team,US East
2026-04-23,79.57,1,Team,US West
2026-04-23,153.85,2,Team,US East
2026-04-23,970.92,1,Enterprise,US East
2026-04-23,76.11,1,Team,Europe
2026-04-23,151.65,2,Team,Europe
2026-04-23,83.85,1,Team,Europe
2026-04-23,54.46,3,Starter,US East
2026-04-24,846.75,1,Enterprise,US East
2026-04-24,83.98,1,Team,US West
2026-04-24,17.72,1,Starter,US East
2026-04-24,168.99,2,Team,US West
2026-04-24,875.44,1,Enterprise,US East
2026-04-24,478.39,2,Business,US West
2026-04-24,230.57,1,Business,US West
2026-04-24,239.71,1,Business,APAC
2026-04-24,80.39,1,Team,US West
2026-04-24,18.24,1,Starter,US East
2026-04-24,465.08,2,Business,US West
2026-04-24,152.11,2,Team,US West
2026-04-24,149.88,2,Team,APAC
2026-04-24,787.88,3,Business,US East
2026-04-24,146.01,2,Team,Europe
2026-04-24,83.26,1,Team,US West
2026-04-24,81.07,1,Team,US East
2026-04-24,18.79,1,Starter,Europe
2026-04-24,38.14,2,Starter,APAC
2026-04-24,18.69,1,Starter,US West
2026-04-24,19.85,1,Starter,US West
2026-04-24,74.91,1,Team,US West
2026-04-24,153.47,2,Team,APAC
2026-04-24,40.9,2,Starter,Europe
2026-04-24,20.5,1,Starter,US East
2026-04-24,33.17,2,Starter,Europe
2026-04-24,19.82,1,Starter,US East
2026-04-24,258.7,1,Business,Europe
2026-04-24,18.95,1,Starter,Europe
2026-04-24,1767.02,2,Enterprise,US West
2026-04-24,909.58,1,Enterprise,US East
2026-04-24,165.81,2,Team,Europe
2026-04-24,20.17,1,Starter,US West
2026-04-24,146.79,2,Team,US West
2026-04-24,22.3,1,Starter,US East
2026-04-24,847.83,1,Enterprise,APAC
2026-04-24,79.04,1,Team,US East
2026-04-24,904.74,1,Enterprise,US West
2026-04-24,40.15,2,Starter,US West
2026-04-24,79.61,1,Team,Europe
2026-04-24,253.98,1,Business,US West
2026-04-24,20.57,1,Starter,US East
2026-04-24,17.0,1,Starter,US East
2026-04-24,720.47,3,Business,Europe
2026-04-24,19.09,1,Starter,APAC
2026-04-24,78.4,1,Team,Europe
2026-04-24,19.03,1,Starter,US West
2026-04-24,165.38,2,Team,US West
2026-04-24,79.43,1,Team,US East
2026-04-24,18.39,1,Starter,Europe
2026-04-24,37.29,2,Starter,Europe
2026-04-24,18.89,1,Starter,US West
2026-04-24,289.05,1,Business,US West
2026-04-24,78.57,1,Team,US East
2026-04-24,19.0,1,Starter,US West
2026-04-24,17.96,1,Starter,Europe
2026-04-24,495.74,2,Business,US East
2026-04-24,839.73,1,Enterprise,Europe
2026-04-24,20.11,1,Starter,US West
2026-04-24,78.51,1,Team,Europe
2026-04-24,38.93,2,Starter,US West
2026-04-24,245.74,1,Business,APAC
2026-04-24,36.2,2,Starter,US West
2026-04-24,18.19,1,Starter,APAC
2026-04-24,507.78,2,Business,US East
2026-04-25,657.49,3,Business,US West
2026-04-25,60.58,3,Starter,APAC
2026-04-25,37.39,2,Starter,APAC
2026-04-25,20.33,1,Starter,US East
2026-04-25,38.74,2,Starter,Europe
2026-04-25,18.84,1,Starter,Europe
2026-04-25,19.83,1,Starter,US East
2026-04-25,18.43,1,Starter,APAC
2026-04-25,73.17,1,Team,US West
2026-04-25,1781.3,2,Enterprise,US East
2026-04-25,19.15,1,Starter,US East
2026-04-25,155.13,2,Team,US East
2026-04-25,20.15,1,Starter,US East
2026-04-25,245.38,1,Business,US East
2026-04-25,34.64,2,Starter,APAC
2026-04-25,149.36,2,Team,US West
2026-04-25,263.53,1,Business,APAC
2026-04-25,271.33,1,Business,US West
2026-04-25,76.16,1,Team,US West
2026-04-25,238.76,1,Business,US East
2026-04-25,38.97,2,Starter,US West
2026-04-25,248.93,1,Business,APAC
2026-04-25,20.06,1,Starter,US West
2026-04-25,80.29,1,Team,US East
2026-04-25,144.25,2,Team,US West
2026-04-25,144.99,2,Team,Europe
2026-04-25,18.9,1,Starter,APAC
2026-04-25,168.72,2,Team,US West
2026-04-25,17.91,1,Starter,US West
2026-04-25,457.81,2,Business,US West
2026-04-25,56.05,3,Starter,US West
2026-04-25,255.05,1,Business,Europe
2026-04-25,18.94,1,Starter,US West
2026-04-25,17.93,1,Starter,US West
2026-04-25,895.58,1,Enterprise,US East
2026-04-25,79.39,1,Team,Europe
2026-04-25,39.5,2,Starter,US West
2026-04-25,1934.89,2,Enterprise,US East
2026-04-25,1890.82,2,Enterprise,US West
2026-04-26,247.1,1,Business,US East
2026-04-26,17.89,1,Starter,US West
2026-04-26,484.1,2,Business,US East
2026-04-26,41.24,2,Starter,US East
2026-04-26,141.0,2,Team,US West
2026-04-26,77.12,1,Team,US West
2026-04-26,18.82,1,Starter,Europe
2026-04-26,18.69,1,Starter,US West
2026-04-26,873.46,1,Enterprise,US West
2026-04-26,19.33,1,Starter,Europe
2026-04-26,158.24,2,Team,US West
2026-04-26,77.19,1,Team,US East
2026-04-26,80.31,1,Team,US East
2026-04-26,158.98,2,Team,US West
2026-04-26,254.95,1,Business,US East
2026-04-26,236.88,1,Business,US West
2026-04-26,18.56,1,Starter,Europe
2026-04-26,79.87,1,Team,Europe
2026-04-26,18.61,1,Starter,US West
2026-04-26,887.4,1,Enterprise,US East
2026-04-26,17.88,1,Starter,US East
2026-04-26,37.68,2,Starter,US East
2026-04-26,230.7,1,Business,Europe
2026-04-26,38.23,2,Starter,Europe
2026-04-26,74.74,1,Team,US East
2026-04-26,73.5,1,Team,US West
2026-04-26,162.4,2,Team,Europe
2026-04-26,81.5,1,Team,US East
2026-04-26,19.44,1,Starter,Europe
2026-04-26,19.13,1,Starter,US East
2026-04-26,150.32,2,Team,Europe
2026-04-27,470.74,2,Business,Europe
2026-04-27,19.88,1,Starter,US West
2026-04-27,18.26,1,Starter,US West
2026-04-27,20.43,1,Starter,US West
2026-04-27,41.66,2,Starter,Europe
2026-04-27,86.95,1,Team,US East
2026-04-27,19.62,1,Starter,US East
2026-04-27,83.87,1,Team,US West
2026-04-27,253.48,1,Business,Europe
2026-04-27,40.45,2,Starter,Europe
2026-04-27,236.91,1,Business,US East
2026-04-27,79.69,1,Team,US East
2026-04-27,160.16,2,Team,US West
2026-04-27,1658.34,2,Enterprise,US East
2026-04-27,147.43,2,Team,US West
2026-04-27,53.27,3,Starter,US West
2026-04-27,41.96,2,Starter,US West
2026-04-27,18.1,1,Starter,US East
2026-04-27,495.1,2,Business,US West
2026-04-27,20.0,1,Starter,Europe
2026-04-27,865.2,1,Enterprise,Europe
2026-04-27,75.27,1,Team,US East
2026-04-27,18.1,1,Starter,US West
2026-04-27,170.01,2,Team,Europe
2026-04-27,156.11,2,Team,Europe
2026-04-27,18.92,1,Starter,Europe
2026-04-27,547.6,2,Business,Europe
2026-04-27,81.7,1,Team,Europe
2026-04-27,444.16,2,Business,APAC
2026-04-27,36.49,2,Starter,US West
2026-04-27,893.72,1,Enterprise,US East
2026-04-27,471.15,2,Business,US East
2026-04-27,18.78,1,Starter,US West
2026-04-27,76.94,1,Team,APAC
2026-04-27,76.31,1,Team,US West
2026-04-27,38.02,2,Starter,US West
2026-04-27,144.67,2,Team,US West
2026-04-27,505.11,2,Business,US East
2026-04-27,34.28,2,Starter,US West
2026-04-27,18.29,1,Starter,US East
2026-04-27,36.67,2,Starter,US East
2026-04-27,472.1,2,Business,US East
2026-04-27,256.29,1,Business,US West
2026-04-27,59.88,3,Starter,US West
2026-04-27,20.05,1,Starter,US West
2026-04-27,19.49,1,Starter,US East
2026-04-27,516.58,2,Business,US East
2026-04-27,842.66,1,Enterprise,US East
2026-04-27,72.18,1,Team,Europe
2026-04-27,793.41,1,Enterprise,APAC
2026-04-27,153.53,2,Team,US East
2026-04-27,245.43,1,Business,APAC
2026-04-27,37.91,2,Starter,US West
2026-04-27,18.59,1,Starter,US West
2026-04-27,18.46,1,Starter,US East
2026-04-27,35.33,2,Starter,Europe
2026-04-27,240.17,1,Business,Europe
2026-04-27,245.18,1,Business,APAC
2026-04-27,235.58,1,Business,APAC
2026-04-27,80.37,1,Team,US West
2026-04-27,160.18,2,Team,Europe
2026-04-27,76.76,1,Team,Europe
2026-04-27,18.68,1,Starter,US West
2026-04-27,19.13,1,Starter,US East
2026-04-28,18.97,1,Starter,US West
2026-04-28,1580.03,2,Enterprise,US East
2026-04-28,512.61,2,Business,US West
2026-04-28,75.55,1,Team,US West
2026-04-28,79.35,1,Team,Europe
2026-04-28,18.43,1,Starter,US West
2026-04-28,37.86,2,Starter,US West
2026-04-28,78.37,1,Team,US East
2026-04-28,18.05,1,Starter,US West
2026-04-28,483.69,2,Business,Europe
2026-04-28,238.78,1,Business,Europe
2026-04-28,86.55,1,Team,US East
2026-04-28,38.66,2,Starter,US West
2026-04-28,36.51,2,Starter,Europe
2026-04-28,80.66,1,Team,US East
2026-04-28,267.08,1,Business,APAC
2026-04-28,18.49,1,Starter,US West
2026-04-28,19.64,1,Starter,US West
2026-04-28,145.19,2,Team,US West
2026-04-28,19.26,1,Starter,Europe
2026-04-28,527.54,2,Business,Europe
2026-04-28,72.84,1,Team,US West
2026-04-28,37.41,2,Starter,US East
2026-04-28,19.44,1,Starter,US East
2026-04-28,76.9,1,Team,US East
2026-04-28,172.51,2,Team,Europe
2026-04-28,248.11,1,Business,US West
2026-04-28,171.12,2,Team,US East
2026-04-28,36.92,2,Starter,Europe
2026-04-28,899.18,1,Enterprise,US East
2026-04-28,20.13,1,Starter,US West
2026-04-28,37.47,2,Starter,APAC
2026-04-28,79.46,1,Team,APAC
2026-04-28,81.04,1,Team,US West
2026-04-28,82.72,1,Team,US West
2026-04-28,882.04,1,Enterprise,US East
2026-04-28,164.43,2,Team,US West
2026-04-28,142.75,2,Team,US East
2026-04-28,245.02,1,Business,US West
2026-04-28,148.69,2,Team,US East
2026-04-28,148.38,2,Team,Europe
2026-04-28,244.81,1,Business,US West
2026-04-28,1902.16,2,Enterprise,US East
2026-04-28,20.24,1,Starter,US East
2026-04-28,18.41,1,Starter,APAC
2026-04-28,178.74,2,Team,Europe
2026-04-28,171.97,2,Team,US East
2026-04-28,157.6,2,Team,US West
2026-04-28,82.59,1,Team,APAC
2026-04-28,81.0,1,Team,Europe
2026-04-28,18.53,1,Starter,Europe
2026-04-28,36.36,2,Starter,US West
2026-04-28,1846.81,2,Enterprise,US East
2026-04-28,887.13,1,Enterprise,US West
2026-04-28,84.8,1,Team,Europe
2026-04-28,37.82,2,Starter,US West
2026-04-28,932.56,1,Enterprise,Europe
2026-04-28,71.99,1,Team,Europe
2026-04-28,84.62,1,Team,US East
2026-04-28,19.67,1,Starter,Europe
2026-04-28,80.08,1,Team,Europe
2026-04-28,149.77,2,Team,US West
2026-04-28,19.32,1,Starter,Europe
2026-04-28,460.02,2,Business,US West
2026-04-28,39.3,2,Starter,US West
2026-04-28,19.1,1,Starter,Europe
2026-04-28,17.24,1,Starter,US West
2026-04-29,77.88,1,Team,US West
2026-04-29,259.19,1,Business,Europe
2026-04-29,257.73,1,Business,APAC
2026-04-29,177.71,2,Team,Europe
2026-04-29,40.55,2,Starter,US West
2026-04-29,76.81,1,Team,Europe
2026-04-29,227.46,1,Business,US West
2026-04-29,77.55,1,Team,US East
2026-04-29,233.92,1,Business,US East
2026-04-29,19.23,1,Starter,US West
2026-04-29,18.47,1,Starter,US West
2026-04-29,40.42,2,Starter,US East
2026-04-29,270.84,1,Business,APAC
2026-04-29,269.07,1,Business,US West
2026-04-29,275.5,1,Business,APAC
2026-04-29,21.19,1,Starter,US West
2026-04-29,19.1,1,Starter,Europe
2026-04-29,74.72,1,Team,Europe
2026-04-29,42.06,2,Starter,US West
2026-04-29,526.43,2,Business,US West
2026-04-29,70.37,1,Team,Europe
2026-04-29,35.34,2,Starter,US West
2026-04-29,74.96,1,Team,US East
2026-04-29,74.5,1,Team,US East
2026-04-29,39.45,2,Starter,APAC
2026-04-29,230.39,1,Business,US West
2026-04-29,153.71,2,Team,Europe
2026-04-29,260.8,1,Business,US West
2026-04-29,72.41,1,Team,Europe
2026-04-29,1925.54,2,Enterprise,Europe
2026-04-29,482.65,2,Business,Europe
2026-04-29,162.47,2,Team,US East
2026-04-29,159.7,2,Team,APAC
2026-04-29,36.67,2,Starter,US West
2026-04-29,39.7,2,Starter,US East
2026-04-29,17.16,1,Starter,US East
2026-04-29,37.0,2,Starter,Europe
2026-04-29,17.87,1,Starter,US East
2026-04-29,19.05,1,Starter,Europe
2026-04-29,19.07,1,Starter,US West
2026-04-29,74.33,1,Team,US West
2026-04-29,42.56,2,Starter,Europe
2026-04-29,245.94,1,Business,APAC
2026-04-29,167.66,2,Team,US East
2026-04-29,162.15,2,Team,US East
2026-04-29,265.25,1,Business,US East
2026-04-29,38.86,2,Starter,US East
2026-04-29,913.42,1,Enterprise,US East
2026-04-29,18.85,1,Starter,Europe
2026-04-29,78.71,1,Team,US East
2026-04-29,38.65,2,Starter,US West
2026-04-29,37.39,2,Starter,Europe
2026-04-29,242.3,1,Business,US West
2026-04-29,37.12,2,Starter,US East
2026-04-29,17.92,1,Starter,US West
2026-04-29,163.89,2,Team,Europe
2026-04-29,154.95,2,Team,Europe
2026-04-29,151.06,2,Team,Europe
2026-04-29,170.82,2,Team,US West
2026-04-29,18.31,1,Starter,US West
2026-04-29,523.76,2,Business,US West
2026-04-29,853.9,1,Enterprise,US East
2026-04-29,36.07,2,Starter,US East
2026-04-29,478.25,2,Business,Europe
2026-04-29,18.44,1,Starter,US West
2026-04-29,157.47,2,Team,US East
2026-04-29,254.4,3,Team,Europe
2026-04-29,82.14,1,Team,US East
2026-04-29,18.45,1,Starter,US West
2026-04-29,923.71,1,Enterprise,US East
2026-04-30,492.38,2,Business,US West
2026-04-30,17.94,1,Starter,Europe
2026-04-30,157.42,2,Team,US West
2026-04-30,485.01,2,Business,Europe
2026-04-30,252.68,1,Business,APAC
2026-04-30,228.88,3,Team,US West
2026-04-30,17.93,1,Starter,US West
2026-04-30,255.18,1,Business,US West
2026-04-30,18.53,1,Starter,APAC
2026-04-30,478.58,2,Business,Europe
2026-04-30,845.89,1,Enterprise,US East
2026-04-30,508.5,2,Business,US West
2026-04-30,154.95,2,Team,US West
2026-04-30,839.52,1,Enterprise,US West
2026-04-30,19.02,1,Starter,Europe
2026-04-30,18.23,1,Starter,US West
2026-04-30,250.36,1,Business,APAC
2026-04-30,82.84,1,Team,US East
2026-04-30,40.72,2,Starter,US East
2026-04-30,246.43,1,Business,US East
2026-04-30,165.22,2,Team,APAC
2026-04-30,258.53,1,Business,US East
2026-04-30,81.94,1,Team,US West
2026-04-30,39.44,2,Starter,APAC
2026-04-30,522.67,2,Business,Europe
2026-04-30,83.49,1,Team,US West
2026-04-30,155.68,2,Team,US West
2026-04-30,18.6,1,Starter,Europe
2026-04-30,17.96,1,Starter,US East
2026-04-30,166.01,2,Team,US West
2026-04-30,860.01,1,Enterprise,US West
2026-04-30,509.53,2,Business,US West
2026-04-30,244.76,1,Business,US West
2026-04-30,155.46,2,Team,US West
2026-04-30,83.94,1,Team,US West
2026-04-30,42.32,2,Starter,US East
2026-04-30,18.54,1,Starter,US East
2026-04-30,463.97,2,Business,APAC
2026-04-30,19.02,1,Starter,US West
2026-04-30,18.56,1,Starter,APAC
2026-04-30,918.42,1,Enterprise,Europe
2026-04-30,18.34,1,Starter,US West
2026-04-30,36.53,2,Starter,APAC
2026-04-30,1773.37,2,Enterprise,US West
2026-04-30,76.32,1,Team,US West
2026-04-30,18.36,1,Starter,Europe
2026-04-30,18.72,1,Starter,US West
2026-04-30,18.42,1,Starter,Europe
2026-04-30,82.42,1,Team,Europe
2026-04-30,155.62,2,Team,Europe
2026-04-30,250.14,1,Business,US East
2026-04-30,19.97,1,Starter,Europe
2026-04-30,37.09,2,Starter,US West
2026-04-30,34.59,2,Starter,US East
2026-04-30,17.69,1,Starter,US East
2026-04-30,38.58,2,Starter,US East
2026-04-30,19.64,1,Starter,US West
2026-04-30,256.57,1,Business,US East
2026-04-30,78.51,1,Team,Europe
2026-04-30,36.6,2,Starter,Europe
2026-04-30,20.78,1,Starter,US West
2026-04-30,18.47,1,Starter,Europe
2026-04-30,75.74,1,Team,US West
2026-04-30,19.97,1,Starter,Europe
2026-04-30,20.36,1,Starter,Europe
2026-05-01,505.33,2,Business,APAC
2026-05-01,160.81,2,Team,US East
2026-05-01,19.08,1,Starter,US East
2026-05-01,146.25,2,Team,US East
2026-05-01,760.59,3,Business,APAC
2026-05-01,74.99,1,Team,US East
2026-05-01,245.98,1,Business,US West
2026-05-01,41.63,2,Starter,Europe
2026-05-01,1870.79,2,Enterprise,APAC
2026-05-01,255.73,1,Business,US East
2026-05-01,18.83,1,Starter,US West
2026-05-01,157.34,2,Team,US East
2026-05-01,38.12,2,Starter,US West
2026-05-01,998.18,1,Enterprise,US East
2026-05-01,74.51,1,Team,US West
2026-05-01,157.74,2,Team,Europe
2026-05-01,245.28,1,Business,US West
2026-05-01,37.03,2,Starter,US East
2026-05-01,18.63,1,Starter,US East
2026-05-01,847.24,1,Enterprise,US East
2026-05-01,38.35,2,Starter,US West
2026-05-01,18.13,1,Starter,US East
2026-05-01,18.62,1,Starter,APAC
2026-05-01,771.51,3,Business,US East
2026-05-01,18.0,1,Starter,US West
2026-05-01,160.23,2,Team,US West
2026-05-01,81.12,1,Team,US East
2026-05-01,78.53,1,Team,US West
2026-05-01,88.07,1,Team,US West
2026-05-01,144.62,2,Team,APAC
2026-05-01,1923.36,2,Enterprise,US West
2026-05-01,18.63,1,Starter,Europe
2026-05-01,168.27,2,Team,US West
2026-05-01,164.34,2,Team,US West
2026-05-01,172.1,2,Team,US West
2026-05-01,19.84,1,Starter,US East
2026-05-01,20.56,1,Starter,US West
2026-05-01,18.89,1,Starter,APAC
2026-05-01,916.3,1,Enterprise,US West
2026-05-01,242.64,1,Business,Europe
2026-05-01,37.73,2,Starter,US East
2026-05-01,36.82,2,Starter,Europe
2026-05-01,240.91,1,Business,APAC
2026-05-01,261.38,1,Business,US West
2026-05-01,33.8,2,Starter,US West
2026-05-01,19.97,1,Starter,US East
2026-05-01,74.47,1,Team,US East
2026-05-01,38.01,2,Starter,US East
2026-05-01,263.2,1,Business,US West
2026-05-01,21.02,1,Starter,US East
2026-05-01,56.4,3,Starter,US East
2026-05-01,79.55,1,Team,US West
2026-05-01,16.92,1,Starter,US East
2026-05-01,241.15,1,Business,US West
2026-05-01,161.9,2,Team,US West
2026-05-01,83.26,1,Team,US West
2026-05-01,39.49,2,Starter,US East
2026-05-02,34.92,2,Starter,US East
2026-05-02,18.26,1,Starter,US East
2026-05-02,19.19,1,Starter,US East
2026-05-02,153.69,2,Team,US East
2026-05-02,39.26,2,Starter,APAC
2026-05-02,38.0,2,Starter,US West
2026-05-02,36.93,2,Starter,Europe
2026-05-02,235.22,1,Business,US East
2026-05-02,517.34,2,Business,US East
2026-05-02,1786.76,2,Enterprise,Europe
2026-05-02,442.18,2,Business,US East
2026-05-02,476.54,2,Business,APAC
2026-05-02,240.62,1,Business,Europe
2026-05-02,37.87,2,Starter,US West
2026-05-02,18.83,1,Starter,US East
2026-05-02,18.46,1,Starter,US West
2026-05-02,165.77,2,Team,APAC
2026-05-02,18.67,1,Starter,US West
2026-05-02,17.98,1,Starter,Europe
2026-05-02,17.47,1,Starter,Europe
2026-05-02,89.48,1,Team,US East
2026-05-02,18.69,1,Starter,US West
2026-05-02,35.83,2,Starter,Europe
2026-05-02,72.91,1,Team,Europe
2026-05-02,20.49,1,Starter,US West
2026-05-02,38.7,2,Starter,Europe
2026-05-02,76.15,1,Team,US East
2026-05-02,18.38,1,Starter,Europe
2026-05-02,919.08,1,Enterprise,Europe
2026-05-02,17.85,1,Starter,APAC
2026-05-02,18.65,1,Starter,US East
2026-05-02,80.53,1,Team,Europe
2026-05-02,81.42,1,Team,Europe
2026-05-02,78.7,1,Team,US West
2026-05-02,171.42,2,Team,US East
2026-05-03,18.85,1,Starter,Europe
2026-05-03,18.37,1,Starter,US East
2026-05-03,159.46,2,Team,US West
2026-05-03,165.38,2,Team,Europe
2026-05-03,19.07,1,Starter,Europe
2026-05-03,163.14,2,Team,Europe
2026-05-03,80.82,1,Team,US East
2026-05-03,18.57,1,Starter,Europe
2026-05-03,19.16,1,Starter,US West
2026-05-03,150.4,2,Team,Europe
2026-05-03,161.96,2,Team,Europe
2026-05-03,21.06,1,Starter,US West
2026-05-03,79.31,1,Team,US West
2026-05-03,19.68,1,Starter,US West
2026-05-03,17.84,1,Starter,US West
2026-05-03,35.34,2,Starter,US East
2026-05-03,473.72,2,Business,Europe
2026-05-03,142.37,2,Team,US East
2026-05-03,39.53,2,Starter,US East
2026-05-03,248.26,1,Business,US West
2026-05-03,227.07,1,Business,US East
2026-05-04,76.95,1,Team,APAC
2026-05-04,80.0,1,Team,US West
2026-05-04,18.48,1,Starter,APAC
2026-05-04,517.09,2,Business,US East
2026-05-04,80.89,1,Team,US East
2026-05-04,76.56,1,Team,US East
2026-05-04,153.04,2,Team,US East
2026-05-04,78.2,1,Team,Europe
2026-05-04,225.28,3,Team,APAC
2026-05-04,155.59,2,Team,Europe
2026-05-04,175.18,2,Team,Europe
2026-05-04,40.11,2,Starter,US West
2026-05-04,227.31,3,Team,Europe
2026-05-04,82.99,1,Team,Europe
2026-05-04,150.52,2,Team,US East
2026-05-04,528.35,2,Business,US West
2026-05-04,73.64,1,Team,Europe
2026-05-04,18.67,1,Starter,Europe
2026-05-04,36.82,2,Starter,US East
2026-05-04,39.76,2,Starter,Europe
2026-05-04,243.69,1,Business,US East
2026-05-04,148.61,2,Team,Europe
2026-05-04,82.17,1,Team,Europe
2026-05-04,891.84,1,Enterprise,APAC
2026-05-04,169.54,2,Team,US East
2026-05-04,80.07,1,Team,US East
2026-05-04,70.48,1,Team,US East
2026-05-04,39.06,2,Starter,US East
2026-05-04,39.0,2,Starter,Europe
2026-05-04,19.47,1,Starter,US East
2026-05-04,18.02,1,Starter,US West
2026-05-04,20.23,1,Starter,US West
2026-05-04,85.07,1,Team,APAC
2026-05-04,40.18,2,Starter,US East
2026-05-04,70.2,1,Team,Europe
2026-05-04,18.55,1,Starter,Europe
2026-05-04,1925.9,2,Enterprise,Europe
2026-05-04,146.09,2,Team,US West
2026-05-04,77.42,1,Team,US East
2026-05-04,498.18,2,Business,Europe
2026-05-04,72.88,1,Team,Europe
2026-05-04,18.53,1,Starter,Europe
2026-05-04,770.03,3,Business,US West
2026-05-04,1521.02,2,Enterprise,US West
2026-05-04,19.85,1,Starter,US West
2026-05-04,17.91,1,Starter,US West
2026-05-04,74.89,1,Team,APAC
2026-05-04,18.72,1,Starter,Europe
2026-05-04,17.72,1,Starter,Europe
2026-05-04,17.42,1,Starter,APAC
2026-05-04,213.8,3,Team,Europe
2026-05-04,17.65,1,Starter,US East
2026-05-04,167.85,2,Team,US West
2026-05-04,265.65,1,Business,APAC
2026-05-04,19.86,1,Starter,US East
2026-05-04,19.77,1,Starter,US West
2026-05-04,78.6,1,Team,US West
2026-05-04,453.34,2,Business,US West
2026-05-04,39.56,2,Starter,US East
2026-05-04,17.51,1,Starter,US East
2026-05-04,150.68,2,Team,Europe
2026-05-04,19.38,1,Starter,US West
2026-05-04,155.89,2,Team,Europe
2026-05-04,19.05,1,Starter,US West
2026-05-04,75.0,1,Team,US East
2026-05-04,162.7,2,Team,US East
2026-05-04,38.71,2,Starter,US East
2026-05-04,18.46,1,Starter,US West
2026-05-04,247.3,1,Business,US West
2026-05-04,1926.62,2,Enterprise,APAC
2026-05-04,41.57,2,Starter,US West
2026-05-04,80.32,1,Team,US West
2026-05-05,146.78,2,Team,Europe
2026-05-05,152.3,2,Team,US West
2026-05-05,218.0,1,Business,US East
2026-05-05,19.45,1,Starter,Europe
2026-05-05,83.95,1,Team,US East
2026-05-05,151.18,2,Team,APAC
2026-05-05,16.87,1,Starter,US West
2026-05-05,19.0,1,Starter,US East
2026-05-05,76.22,1,Team,US West
2026-05-05,150.45,2,Team,APAC
2026-05-05,254.89,1,Business,US East
2026-05-05,38.52,2,Starter,APAC
2026-05-05,18.15,1,Starter,US West
2026-05-05,74.46,1,Team,US West
2026-05-05,38.31,2,Starter,Europe
2026-05-05,159.03,2,Team,US West
2026-05-05,18.93,1,Starter,US West
2026-05-05,1807.09,2,Enterprise,US East
2026-05-05,83.26,1,Team,Europe
2026-05-05,33.91,2,Starter,Europe
2026-05-05,541.21,2,Business,US West
2026-05-05,170.75,2,Team,APAC
2026-05-05,76.98,1,Team,US East
2026-05-05,83.32,1,Team,Europe
2026-05-05,19.06,1,Starter,US East
2026-05-05,18.82,1,Starter,APAC
2026-05-05,161.8,2,Team,US West
2026-05-05,18.0,1,Starter,Europe
2026-05-05,38.88,2,Starter,US West
2026-05-05,496.31,2,Business,US East
2026-05-05,523.75,2,Business,APAC
2026-05-05,39.64,2,Starter,US East
2026-05-05,924.52,1,Enterprise,Europe
2026-05-05,19.58,1,Starter,US West
2026-05-05,153.22,2,Team,APAC
2026-05-05,150.33,2,Team,US East
2026-05-05,143.98,2,Team,US East
2026-05-05,35.39,2,Starter,US East
2026-05-05,262.64,1,Business,US West
2026-05-05,930.4,1,Enterprise,Europe
2026-05-05,76.97,1,Team,US East
2026-05-05,157.53,2,Team,US West
2026-05-05,35.35,2,Starter,US West
2026-05-05,40.53,2,Starter,US West
2026-05-05,80.27,1,Team,US West
2026-05-05,488.6,2,Business,Europe
2026-05-05,1673.86,2,Enterprise,APAC
2026-05-05,38.54,2,Starter,US East
2026-05-05,78.91,1,Team,US West
2026-05-05,156.48,2,Team,US West
2026-05-05,1749.64,2,Enterprise,Europe
2026-05-05,868.31,1,Enterprise,Europe
2026-05-05,37.07,2,Starter,US East
2026-05-05,149.71,2,Team,US West
2026-05-05,17.72,1,Starter,APAC
2026-05-05,78.35,1,Team,Europe
2026-05-05,36.31,2,Starter,US West
2026-05-05,18.31,1,Starter,US East
2026-05-05,18.53,1,Starter,APAC
2026-05-05,73.29,1,Team,Europe
2026-05-05,20.01,1,Starter,US West
2026-05-05,19.7,1,Starter,US East
2026-05-05,502.21,2,Business,US East
2026-05-05,237.97,1,Business,Europe
2026-05-06,38.74,2,Starter,US West
2026-05-06,568.14,2,Business,Europe
2026-05-06,159.67,2,Team,Europe
2026-05-06,155.05,2,Team,Europe
2026-05-06,148.43,2,Team,Europe
2026-05-06,61.22,3,Starter,US East
2026-05-06,251.14,1,Business,US West
2026-05-06,81.4,1,Team,US West
2026-05-06,37.06,2,Starter,US West
2026-05-06,19.01,1,Starter,US West
2026-05-06,1811.28,2,Enterprise,US East
2026-05-06,157.38,2,Team,US West
2026-05-06,19.09,1,Starter,Europe
2026-05-06,912.61,1,Enterprise,US East
2026-05-06,82.33,1,Team,APAC
2026-05-06,18.23,1,Starter,US West
2026-05-06,33.45,2,Starter,US East
2026-05-06,85.38,1,Team,US West
2026-05-06,19.85,1,Starter,US West
2026-05-06,18.3,1,Starter,Europe
2026-05-06,18.71,1,Starter,Europe
2026-05-06,247.54,1,Business,US West
2026-05-06,83.97,1,Team,Europe
2026-05-06,890.66,1,Enterprise,US West
2026-05-06,158.11,2,Team,APAC
2026-05-06,236.53,1,Business,US East
2026-05-06,40.76,2,Starter,US East
2026-05-06,19.57,1,Starter,US East
2026-05-06,163.39,2,Team,US West
2026-05-06,1910.44,2,Enterprise,US East
2026-05-06,76.63,1,Team,Europe
2026-05-06,152.89,2,Team,US West
2026-05-06,19.81,1,Starter,US West
2026-05-06,518.02,2,Business,US East
2026-05-06,39.87,2,Starter,US West
2026-05-06,1808.07,2,Enterprise,US East
2026-05-06,76.39,1,Team,US East
2026-05-06,17.9,1,Starter,APAC
2026-05-06,904.04,1,Enterprise,Europe
2026-05-06,36.89,2,Starter,US West
2026-05-06,19.64,1,Starter,US East
2026-05-06,260.23,1,Business,US East
2026-05-06,60.28,3,Starter,Europe
2026-05-06,155.29,2,Team,APAC
2026-05-06,165.94,2,Team,US East
2026-05-06,158.27,2,Team,US East
2026-05-06,1861.2,2,Enterprise,US West
2026-05-06,19.14,1,Starter,Europe
2026-05-06,77.73,1,Team,US West
2026-05-06,861.19,1,Enterprise,Europe
2026-05-06,540.34,2,Business,US East
2026-05-06,20.56,1,Starter,Europe
2026-05-06,18.69,1,Starter,US East
2026-05-06,82.43,1,Team,US West
2026-05-06,79.38,1,Team,US West
2026-05-06,19.0,1,Starter,Europe
2026-05-06,18.99,1,Starter,US East
2026-05-06,159.44,2,Team,US East
2026-05-06,1907.95,2,Enterprise,US East
2026-05-06,20.22,1,Starter,Europe
2026-05-06,19.57,1,Starter,US East
2026-05-06,19.12,1,Starter,US West
2026-05-06,18.95,1,Starter,US East
2026-05-06,80.01,1,Team,US West
2026-05-06,81.99,1,Team,APAC
2026-05-06,76.89,1,Team,US East
2026-05-06,19.86,1,Starter,Europe
2026-05-06,481.45,2,Business,Europe
2026-05-06,19.1,1,Starter,APAC
2026-05-06,17.41,1,Starter,Europe
2026-05-06,17.88,1,Starter,US West
2026-05-06,75.94,1,Team,US West
2026-05-06,1751.21,2,Enterprise,Europe
2026-05-06,80.12,1,Team,US West
2026-05-06,485.91,2,Business,US West
2026-05-06,18.25,1,Starter,APAC
2026-05-07,81.27,1,Team,US East
2026-05-07,85.51,1,Team,APAC
2026-05-07,165.61,2,Team,US West
2026-05-07,20.46,1,Starter,Europe
2026-05-07,155.31,2,Team,Europe
2026-05-07,17.29,1,Starter,US East
2026-05-07,510.37,2,Business,Europe
2026-05-07,18.9,1,Starter,US West
2026-05-07,40.82,2,Starter,Europe
2026-05-07,558.59,2,Business,APAC
2026-05-07,511.15,2,Business,Europe
2026-05-07,18.28,1,Starter,Europe
2026-05-07,261.05,1,Business,US East
2026-05-07,18.24,1,Starter,US East
2026-05-07,883.38,1,Enterprise,APAC
2026-05-07,19.84,1,Starter,APAC
2026-05-07,17.9,1,Starter,US West
2026-05-07,59.36,3,Starter,US West
2026-05-07,76.96,1,Team,US West
2026-05-07,77.69,1,Team,US East
2026-05-07,171.25,2,Team,Europe
2026-05-07,77.92,1,Team,US West
2026-05-07,159.59,2,Team,Europe
2026-05-07,1758.63,2,Enterprise,Europe
2026-05-07,501.68,2,Business,Europe
2026-05-07,17.67,1,Starter,US West
2026-05-07,19.81,1,Starter,US East
2026-05-07,280.24,1,Business,US West
2026-05-07,139.35,2,Team,US West
2026-05-07,151.95,2,Team,Europe
2026-05-07,37.59,2,Starter,APAC
2026-05-07,38.93,2,Starter,Europe
2026-05-07,18.79,1,Starter,US West
2026-05-07,241.82,1,Business,US West
2026-05-07,158.61,2,Team,US West
2026-05-07,265.89,1,Business,US East
2026-05-07,78.67,1,Team,US West
2026-05-07,19.02,1,Starter,US East
2026-05-07,79.15,1,Team,US West
2026-05-07,1964.49,2,Enterprise,Europe
2026-05-07,147.07,2,Team,US West
2026-05-07,18.3,1,Starter,US West
2026-05-07,517.07,2,Business,US West
2026-05-07,162.61,2,Team,US East
2026-05-07,18.3,1,Starter,US East
2026-05-07,156.42,2,Team,Europe
2026-05-07,19.57,1,Starter,US West
2026-05-07,35.84,2,Starter,US West
2026-05-07,150.87,2,Team,APAC
2026-05-07,1670.91,2,Enterprise,US East
2026-05-07,73.66,1,Team,US East
2026-05-07,20.46,1,Starter,Europe
2026-05-07,18.58,1,Starter,Europe
2026-05-07,903.53,1,Enterprise,US West
2026-05-07,79.21,1,Team,Europe
2026-05-07,39.0,2,Starter,US West
2026-05-07,39.22,2,Starter,US East
2026-05-07,38.1,2,Starter,Europe
2026-05-07,72.52,1,Team,US East
2026-05-07,36.61,2,Starter,US West
2026-05-07,78.19,1,Team,US West
2026-05-07,19.31,1,Starter,Europe
2026-05-07,17.09,1,Starter,US East
2026-05-07,19.01,1,Starter,US East
2026-05-07,456.38,2,Business,US East
2026-05-07,153.32,2,Team,US East
2026-05-07,165.51,2,Team,US East
2026-05-07,82.76,1,Team,US West
2026-05-07,89.31,1,Team,US West
2026-05-07,176.48,2,Team,US East
2026-05-07,80.68,1,Team,US West
2026-05-07,20.18,1,Starter,Europe
2026-05-07,222.3,1,Business,US East
2026-05-07,479.24,2,Business,Europe
2026-05-07,78.62,1,Team,Europe
2026-05-07,477.52,2,Business,Europe
2026-05-07,19.15,1,Starter,US West
2026-05-07,478.5,2,Business,US West
2026-05-07,158.83,2,Team,US East
2026-05-07,79.21,1,Team,US West
2026-05-07,76.19,1,Team,US West
2026-05-07,156.27,2,Team,Europe
2026-05-07,231.39,3,Team,US West
2026-05-07,80.63,1,Team,US West
2026-05-07,39.14,2,Starter,US East
2026-05-08,88.86,1,Team,Europe
2026-05-08,78.76,1,Team,APAC
2026-05-08,704.8,3,Business,US West
2026-05-08,18.76,1,Starter,US West
2026-05-08,19.94,1,Starter,US West
2026-05-08,168.67,2,Team,US West
2026-05-08,79.68,1,Team,US West
2026-05-08,40.11,2,Starter,US East
2026-05-08,834.65,1,Enterprise,US West
2026-05-08,74.41,1,Team,APAC
2026-05-08,78.74,1,Team,US West
2026-05-08,237.36,1,Business,US West
2026-05-08,181.08,2,Team,US West
2026-05-08,75.03,1,Team,US West
2026-05-08,158.16,2,Team,Europe
2026-05-08,245.95,1,Business,US West
2026-05-08,18.64,1,Starter,US West
2026-05-08,912.78,1,Enterprise,US West
2026-05-08,20.06,1,Starter,US East
2026-05-08,37.31,2,Starter,US West
2026-05-08,79.52,1,Team,US West
2026-05-08,831.41,1,Enterprise,Europe
2026-05-08,19.31,1,Starter,US West
2026-05-08,258.44,1,Business,APAC
2026-05-08,78.73,1,Team,US West
2026-05-08,74.54,1,Team,US East
2026-05-08,157.19,2,Team,US West
2026-05-08,149.23,2,Team,Europe
2026-05-08,516.69,2,Business,Europe
2026-05-08,56.76,3,Starter,US East
2026-05-08,167.94,2,Team,US East
2026-05-08,36.03,2,Starter,US East
2026-05-08,72.5,1,Team,US West
2026-05-08,78.16,1,Team,US West
2026-05-08,73.01,1,Team,US East
2026-05-08,234.39,1,Business,US West
2026-05-08,1732.14,2,Enterprise,US East
2026-05-08,76.88,1,Team,Europe
2026-05-08,1791.26,2,Enterprise,US West
2026-05-08,38.28,2,Starter,Europe
2026-05-08,224.08,3,Team,Europe
2026-05-08,485.72,2,Business,US East
2026-05-08,156.15,2,Team,Europe
2026-05-08,39.61,2,Starter,US West
2026-05-08,711.53,3,Business,US West
2026-05-08,156.99,2,Team,US East
2026-05-08,19.04,1,Starter,US East
2026-05-08,887.73,1,Enterprise,US West
2026-05-08,85.7,1,Team,US East
2026-05-08,77.2,1,Team,US West
2026-05-08,38.87,2,Starter,Europe
2026-05-08,19.22,1,Starter,Europe
2026-05-08,19.26,1,Starter,US West
2026-05-08,80.75,1,Team,US East
2026-05-08,80.23,1,Team,US West
2026-05-08,249.43,1,Business,Europe
2026-05-08,20.0,1,Starter,US West
2026-05-08,161.77,2,Team,Europe
2026-05-08,162.09,2,Team,US West
2026-05-08,73.28,1,Team,US West
2026-05-08,1782.27,2,Enterprise,US West
2026-05-08,18.06,1,Starter,US West
2026-05-08,79.32,1,Team,US East
2026-05-08,81.82,1,Team,Europe
2026-05-09,78.67,1,Team,US East
2026-05-09,18.56,1,Starter,US East
2026-05-09,19.54,1,Starter,US East
2026-05-09,19.04,1,Starter,US West
2026-05-09,19.02,1,Starter,Europe
2026-05-09,21.19,1,Starter,Europe
2026-05-09,249.83,1,Business,US West
2026-05-09,927.09,1,Enterprise,US East
2026-05-09,17.25,1,Starter,US East
2026-05-09,155.47,2,Team,APAC
2026-05-09,146.52,2,Team,US East
2026-05-09,37.49,2,Starter,US West
2026-05-09,35.48,2,Starter,APAC
2026-05-09,161.01,2,Team,US West
2026-05-09,80.4,1,Team,US East
2026-05-09,240.13,1,Business,US West
2026-05-09,152.32,2,Team,US West
2026-05-09,248.68,3,Team,US East
2026-05-09,80.95,1,Team,US West
2026-05-09,70.91,1,Team,Europe
2026-05-09,500.55,2,Business,Europe
2026-05-09,268.28,1,Business,APAC
2026-05-09,149.74,2,Team,Europe
2026-05-09,84.19,1,Team,Europe
2026-05-09,163.61,2,Team,US East
2026-05-09,37.27,2,Starter,US East
2026-05-09,56.24,3,Starter,US East
2026-05-09,83.02,1,Team,US West
2026-05-09,271.37,1,Business,US East
2026-05-09,147.35,2,Team,US East
2026-05-09,146.47,2,Team,APAC
2026-05-09,19.14,1,Starter,US West
2026-05-09,19.36,1,Starter,US West
2026-05-09,267.66,1,Business,US East
2026-05-09,549.53,2,Business,US East
2026-05-10,40.17,2,Starter,APAC
2026-05-10,910.88,1,Enterprise,US West
2026-05-10,519.49,2,Business,Europe
2026-05-10,17.93,1,Starter,Europe
2026-05-10,86.14,1,Team,Europe
2026-05-10,18.55,1,Starter,US East
2026-05-10,833.5,1,Enterprise,US West
2026-05-10,1805.35,2,Enterprise,US West
2026-05-10,19.11,1,Starter,US East
2026-05-10,19.18,1,Starter,Europe
2026-05-10,75.15,1,Team,US West
2026-05-10,18.83,1,Starter,Europe
2026-05-10,20.45,1,Starter,US West
2026-05-10,145.28,2,Team,US East
2026-05-10,77.99,1,Team,APAC
2026-05-10,18.72,1,Starter,US East
2026-05-10,161.78,2,Team,US West
2026-05-10,237.04,1,Business,Europe
2026-05-10,170.92,2,Team,US East
2026-05-10,17.09,1,Starter,US East
2026-05-10,160.33,2,Team,US West
2026-05-10,154.72,2,Team,Europe
2026-05-10,169.13,2,Team,Europe
2026-05-10,38.07,2,Starter,US East
2026-05-10,69.38,1,Team,US West
2026-05-10,20.44,1,Starter,Europe
2026-05-10,20.02,1,Starter,US West
2026-05-10,19.31,1,Starter,US West
2026-05-10,164.02,2,Team,US East
2026-05-10,163.39,2,Team,APAC
2026-05-10,76.55,1,Team,Europe
2026-05-10,38.35,2,Starter,US West
2026-05-10,80.4,1,Team,US East
2026-05-10,74.0,1,Team,Europe
2026-05-11,19.57,1,Starter,US East
2026-05-11,36.16,2,Starter,US East
2026-05-11,80.04,1,Team,US West
2026-05-11,519.1,2,Business,Europe
2026-05-11,79.0,1,Team,APAC
2026-05-11,84.91,1,Team,US East
2026-05-11,555.18,2,Business,US East
2026-05-11,77.55,1,Team,US West
2026-05-11,1768.36,2,Enterprise,US East
2026-05-11,39.22,2,Starter,US West
2026-05-11,257.14,1,Business,US East
2026-05-11,18.69,1,Starter,US East
2026-05-11,461.31,2,Business,Europe
2026-05-11,71.2,1,Team,Europe
2026-05-11,35.55,2,Starter,APAC
2026-05-11,79.66,1,Team,US West
2026-05-11,19.99,1,Starter,US West
2026-05-11,75.44,1,Team,US West
2026-05-11,75.94,1,Team,US East
2026-05-11,150.67,2,Team,APAC
2026-05-11,72.47,1,Team,US East
2026-05-11,19.8,1,Starter,Europe
2026-05-11,38.64,2,Starter,APAC
2026-05-11,18.44,1,Starter,US West
2026-05-11,156.47,2,Team,US East
2026-05-11,240.06,1,Business,APAC
2026-05-11,508.93,2,Business,US East
2026-05-11,280.08,1,Business,US East
2026-05-11,524.95,2,Business,Europe
2026-05-11,237.71,1,Business,US East
2026-05-11,252.5,1,Business,APAC
2026-05-11,61.98,3,Starter,US West
2026-05-11,538.03,2,Business,Europe
2026-05-11,19.4,1,Starter,US East
2026-05-11,155.02,2,Team,US West
2026-05-11,39.65,2,Starter,US West
2026-05-11,34.61,2,Starter,US East
2026-05-11,40.16,2,Starter,APAC
2026-05-11,18.8,1,Starter,US West
2026-05-11,74.79,1,Team,US West
2026-05-11,174.16,2,Team,APAC
2026-05-11,18.31,1,Starter,US East
2026-05-11,71.54,1,Team,APAC
2026-05-11,82.14,1,Team,US East
2026-05-11,137.68,2,Team,US West
2026-05-11,19.49,1,Starter,US East
2026-05-11,251.69,1,Business,US West
2026-05-11,160.16,2,Team,US East
2026-05-11,156.77,2,Team,Europe
2026-05-11,75.33,1,Team,US East
2026-05-11,233.69,1,Business,APAC
2026-05-11,38.73,2,Starter,US West
2026-05-11,521.64,2,Business,US East
2026-05-11,165.56,2,Team,Europe
2026-05-11,19.94,1,Starter,US West
2026-05-11,18.45,1,Starter,US East
2026-05-11,239.83,1,Business,US East
2026-05-11,34.57,2,Starter,Europe
2026-05-11,488.7,2,Business,Europe
2026-05-11,248.31,1,Business,APAC
2026-05-11,82.69,1,Team,US West
2026-05-11,35.24,2,Starter,US West
2026-05-11,19.35,1,Starter,US West
2026-05-11,20.92,1,Starter,Europe
2026-05-11,20.25,1,Starter,US East
2026-05-11,148.82,2,Team,Europe
2026-05-11,18.72,1,Starter,US West
2026-05-11,35.91,2,Starter,APAC
2026-05-11,242.48,1,Business,US West
2026-05-11,40.77,2,Starter,US East
2026-05-11,38.29,2,Starter,US West
2026-05-11,77.98,1,Team,US East
2026-05-11,41.26,2,Starter,APAC
2026-05-11,77.24,1,Team,US West
2026-05-11,36.04,2,Starter,US West
2026-05-11,917.62,1,Enterprise,US East
2026-05-11,75.76,1,Team,APAC
2026-05-12,895.16,1,Enterprise,US East
2026-05-12,246.37,1,Business,US West
2026-05-12,169.09,2,Team,APAC
2026-05-12,17.89,1,Starter,Europe
2026-05-12,17.41,1,Starter,US West
2026-05-12,36.44,2,Starter,APAC
2026-05-12,19.45,1,Starter,US West
2026-05-12,257.68,3,Team,US East
2026-05-12,18.17,1,Starter,US East
2026-05-12,148.54,2,Team,APAC
2026-05-12,18.64,1,Starter,US East
2026-05-12,78.61,1,Team,Europe
2026-05-12,228.86,1,Business,US East
2026-05-12,40.58,2,Starter,Europe
2026-05-12,17.61,1,Starter,US West
2026-05-12,18.28,1,Starter,Europe
2026-05-12,157.62,2,Team,APAC
2026-05-12,247.94,1,Business,Europe
2026-05-12,86.75,1,Team,US West
2026-05-12,926.56,1,Enterprise,US East
2026-05-12,167.65,2,Team,US East
2026-05-12,79.65,1,Team,US West
2026-05-12,74.12,1,Team,US East
2026-05-12,80.05,1,Team,US East
2026-05-12,80.91,1,Team,US West
2026-05-12,19.44,1,Starter,US West
2026-05-12,169.05,2,Team,Europe
2026-05-12,18.22,1,Starter,Europe
2026-05-12,82.48,1,Team,Europe
2026-05-12,149.73,2,Team,US West
2026-05-12,37.81,2,Starter,Europe
2026-05-12,35.53,2,Starter,US West
2026-05-12,80.47,1,Team,US West
2026-05-12,19.34,1,Starter,US East
2026-05-12,19.88,1,Starter,US East
2026-05-12,79.85,1,Team,Europe
2026-05-12,77.16,1,Team,US West
2026-05-12,161.07,2,Team,US West
2026-05-12,75.79,1,Team,APAC
2026-05-12,18.85,1,Starter,US West
2026-05-12,39.13,2,Starter,US East
2026-05-12,249.77,1,Business,US East
2026-05-12,467.37,2,Business,US West
2026-05-12,891.56,1,Enterprise,US East
2026-05-12,241.67,1,Business,US West
2026-05-12,40.58,2,Starter,APAC
2026-05-12,39.75,2,Starter,Europe
2026-05-12,19.04,1,Starter,US West
2026-05-12,147.69,2,Team,Europe
2026-05-12,159.52,2,Team,US West
2026-05-12,524.35,2,Business,US West
2026-05-12,251.78,1,Business,APAC
2026-05-12,40.2,2,Starter,Europe
2026-05-12,18.52,1,Starter,US East
2026-05-12,231.2,1,Business,US West
2026-05-12,156.36,2,Team,APAC
2026-05-12,78.81,1,Team,Europe
2026-05-12,73.55,1,Team,US East
2026-05-12,162.72,2,Team,US East
2026-05-12,18.59,1,Starter,US East
2026-05-12,17.69,1,Starter,US West
2026-05-12,73.93,1,Team,US West
2026-05-12,18.36,1,Starter,APAC
2026-05-12,81.65,1,Team,US West
2026-05-12,19.07,1,Starter,Europe
2026-05-12,75.26,1,Team,Europe
2026-05-12,39.67,2,Starter,US West
2026-05-12,19.4,1,Starter,US East
2026-05-12,81.43,1,Team,US East
2026-05-13,19.29,1,Starter,US East
2026-05-13,19.18,1,Starter,Europe
2026-05-13,34.96,2,Starter,US East
2026-05-13,18.15,1,Starter,US East
2026-05-13,142.76,2,Team,Europe
2026-05-13,497.73,2,Business,US West
2026-05-13,165.51,2,Team,Europe
2026-05-13,873.66,1,Enterprise,Europe
2026-05-13,84.22,1,Team,US West
2026-05-13,241.81,1,Business,Europe
2026-05-13,549.49,2,Business,US West
2026-05-13,228.69,1,Business,US East
2026-05-13,55.44,3,Starter,US East
2026-05-13,76.76,1,Team,US East
2026-05-13,41.14,2,Starter,APAC
2026-05-13,37.95,2,Starter,US East
2026-05-13,34.63,2,Starter,US West
2026-05-13,18.94,1,Starter,US West
2026-05-13,79.33,1,Team,US West
2026-05-13,37.18,2,Starter,US East
2026-05-13,19.94,1,Starter,Europe
2026-05-13,152.32,2,Team,US East
2026-05-13,19.39,1,Starter,US West
2026-05-13,81.22,1,Team,US West
2026-05-13,253.5,1,Business,US East
2026-05-13,79.14,1,Team,US West
2026-05-13,153.37,2,Team,US West
2026-05-13,81.1,1,Team,APAC
2026-05-13,17.79,1,Starter,US West
2026-05-13,35.97,2,Starter,Europe
2026-05-13,242.24,1,Business,US East
2026-05-13,18.28,1,Starter,Europe
2026-05-13,75.79,1,Team,APAC
2026-05-13,252.15,1,Business,US West
2026-05-13,252.73,1,Business,US East
2026-05-13,20.01,1,Starter,US East
2026-05-13,19.32,1,Starter,US East
2026-05-13,1001.24,1,Enterprise,APAC
2026-05-13,80.18,1,Team,Europe
2026-05-13,18.77,1,Starter,US West
2026-05-13,515.28,2,Business,US East
2026-05-13,16.87,1,Starter,US West
2026-05-13,255.26,1,Business,Europe
2026-05-13,39.12,2,Starter,Europe
2026-05-13,35.86,2,Starter,US East
2026-05-13,1661.3,2,Enterprise,US West
2026-05-13,82.41,1,Team,US East
2026-05-13,471.12,2,Business,Europe
2026-05-13,18.98,1,Starter,APAC
2026-05-13,153.32,2,Team,APAC
2026-05-13,19.23,1,Starter,US East
2026-05-13,1808.96,2,Enterprise,US West
2026-05-13,72.04,1,Team,Europe
2026-05-13,231.58,3,Team,APAC
2026-05-13,80.93,1,Team,US West
2026-05-13,18.51,1,Starter,Europe
2026-05-13,80.68,1,Team,US West
2026-05-13,19.28,1,Starter,US West
2026-05-13,79.61,1,Team,APAC
2026-05-13,886.1,1,Enterprise,US West
2026-05-13,486.63,2,Business,US West
2026-05-13,40.01,2,Starter,Europe
2026-05-13,18.54,1,Starter,APAC
2026-05-13,74.96,1,Team,Europe
2026-05-13,154.66,2,Team,US West
2026-05-13,242.57,3,Team,US East
2026-05-13,162.79,2,Team,US West
2026-05-13,174.33,2,Team,US East
2026-05-13,71.54,1,Team,US East
2026-05-13,36.46,2,Starter,Europe
2026-05-13,36.07,2,Starter,Europe
2026-05-13,77.24,1,Team,Europe
2026-05-13,20.42,1,Starter,Europe
2026-05-14,80.96,1,Team,US West
2026-05-14,263.37,1,Business,US West
2026-05-14,484.06,2,Business,US West
2026-05-14,82.44,1,Team,APAC
2026-05-14,159.53,2,Team,US West
2026-05-14,18.8,1,Starter,US East
2026-05-14,19.29,1,Starter,US East
2026-05-14,249.51,1,Business,Europe
2026-05-14,155.97,2,Team,US West
2026-05-14,19.7,1,Starter,US West
2026-05-14,1810.27,2,Enterprise,US West
2026-05-14,254.59,1,Business,US West
2026-05-14,84.25,1,Team,US East
2026-05-14,18.18,1,Starter,US East
2026-05-14,242.82,1,Business,APAC
2026-05-14,508.94,2,Business,Europe
2026-05-14,276.66,1,Business,US West
2026-05-14,69.91,1,Team,US West
2026-05-14,1766.31,2,Enterprise,US East
2026-05-14,20.58,1,Starter,Europe
2026-05-14,536.65,2,Business,US West
2026-05-14,996.64,1,Enterprise,US West
2026-05-14,252.23,1,Business,US West
2026-05-14,272.99,1,Business,APAC
2026-05-14,19.66,1,Starter,Europe
2026-05-14,39.64,2,Starter,US West
2026-05-14,19.46,1,Starter,US West
2026-05-14,490.26,2,Business,US East
2026-05-14,238.79,1,Business,US East
2026-05-14,41.49,2,Starter,Europe
2026-05-14,83.36,1,Team,US West
2026-05-14,36.1,2,Starter,US West
2026-05-14,37.3,2,Starter,US West
2026-05-14,38.29,2,Starter,US East
2026-05-14,19.16,1,Starter,US East
2026-05-14,37.21,2,Starter,US West
2026-05-14,483.04,2,Business,US East
2026-05-14,41.33,2,Starter,Europe
2026-05-14,74.76,1,Team,Europe
2026-05-14,73.54,1,Team,US East
2026-05-14,919.72,1,Enterprise,US West
2026-05-14,72.69,1,Team,US West
2026-05-14,17.74,1,Starter,Europe
2026-05-14,73.45,1,Team,US East
2026-05-14,19.2,1,Starter,US East
2026-05-14,19.57,1,Starter,US West
2026-05-14,18.96,1,Starter,US East
2026-05-14,80.58,1,Team,Europe
2026-05-14,250.78,1,Business,APAC
2026-05-14,37.52,2,Starter,Europe
2026-05-14,59.97,3,Starter,US East
2026-05-14,17.62,1,Starter,US East
2026-05-14,165.3,2,Team,US West
2026-05-14,240.91,1,Business,US West
2026-05-14,39.6,2,Starter,US East
2026-05-14,38.23,2,Starter,US West
2026-05-14,167.28,2,Team,US West
2026-05-14,39.06,2,Starter,US East
2026-05-14,19.49,1,Starter,US West
2026-05-14,76.32,1,Team,US West
2026-05-14,75.65,1,Team,US West
2026-05-14,19.0,1,Starter,Europe
2026-05-14,17.82,1,Starter,US West
2026-05-14,87.08,1,Team,US West
2026-05-14,75.88,1,Team,US West
2026-05-15,155.38,2,Team,US West
2026-05-15,80.78,1,Team,Europe
2026-05-15,79.24,1,Team,US West
2026-05-15,35.27,2,Starter,US East
2026-05-15,504.57,2,Business,US West
2026-05-15,229.13,1,Business,US East
2026-05-15,153.39,2,Team,US East
2026-05-15,84.12,1,Team,Europe
2026-05-15,20.57,1,Starter,APAC
2026-05-15,154.83,2,Team,US West
2026-05-15,77.81,1,Team,US West
2026-05-15,245.89,1,Business,Europe
2026-05-15,81.35,1,Team,US West
2026-05-15,169.18,2,Team,APAC
2026-05-15,78.96,1,Team,US East
2026-05-15,38.32,2,Starter,US West
2026-05-15,74.84,1,Team,Europe
2026-05-15,440.1,2,Business,US East
2026-05-15,81.97,1,Team,APAC
2026-05-15,79.58,1,Team,US West
2026-05-15,19.52,1,Starter,US East
2026-05-15,53.96,3,Starter,US West
2026-05-15,873.23,1,Enterprise,US East
2026-05-15,735.89,3,Business,Europe
2026-05-15,39.1,2,Starter,APAC
2026-05-15,36.86,2,Starter,US West
2026-05-15,155.2,2,Team,US East
2026-05-15,20.76,1,Starter,US West
2026-05-15,165.82,2,Team,Europe
2026-05-15,35.07,2,Starter,US West
2026-05-15,165.42,2,Team,US West
2026-05-15,152.21,2,Team,US East
2026-05-15,155.54,2,Team,US West
2026-05-15,161.75,2,Team,Europe
2026-05-15,18.78,1,Starter,APAC
2026-05-15,19.0,1,Starter,Europe
2026-05-15,16.73,1,Starter,Europe
2026-05-15,18.82,1,Starter,US West
2026-05-15,17.63,1,Starter,US West
2026-05-15,522.12,2,Business,APAC
2026-05-15,19.16,1,Starter,US East
2026-05-15,1695.96,2,Enterprise,Europe
2026-05-15,19.81,1,Starter,US West
2026-05-15,56.03,3,Starter,US East
2026-05-15,19.25,1,Starter,US West
2026-05-15,250.61,1,Business,US West
2026-05-15,21.1,1,Starter,US West
2026-05-15,238.96,1,Business,US East
2026-05-15,72.2,1,Team,US West
2026-05-15,825.36,1,Enterprise,US West
2026-05-15,157.76,2,Team,Europe
2026-05-15,18.07,1,Starter,US East
2026-05-15,153.31,2,Team,US East
2026-05-15,18.26,1,Starter,US West
2026-05-16,78.89,1,Team,Europe
2026-05-16,499.3,2,Business,US West
2026-05-16,88.43,1,Team,US West
2026-05-16,19.24,1,Starter,US West
2026-05-16,160.07,2,Team,US West
2026-05-16,40.71,2,Starter,Europe
2026-05-16,249.67,1,Business,US West
2026-05-16,81.91,1,Team,US East
2026-05-16,19.51,1,Starter,Europe
2026-05-16,242.57,1,Business,Europe
2026-05-16,74.94,1,Team,US West
2026-05-16,37.81,2,Starter,US East
2026-05-16,169.51,2,Team,US West
2026-05-16,71.11,1,Team,Europe
2026-05-16,37.26,2,Starter,US West
2026-05-16,241.1,1,Business,Europe
2026-05-16,740.94,3,Business,US East
2026-05-16,1778.19,2,Enterprise,Europe
2026-05-16,40.67,2,Starter,US West
2026-05-16,156.49,2,Team,Europe
2026-05-16,18.42,1,Starter,US West
2026-05-16,544.88,2,Business,US East
2026-05-16,36.96,2,Starter,Europe
2026-05-17,470.78,2,Business,Europe
2026-05-17,812.91,1,Enterprise,US East
2026-05-17,909.25,1,Enterprise,US West
2026-05-17,892.3,1,Enterprise,US East
2026-05-17,510.48,2,Business,US East
2026-05-17,939.79,1,Enterprise,US East
2026-05-17,1608.58,2,Enterprise,US West
2026-05-17,17.76,1,Starter,Europe
2026-05-17,76.3,1,Team,US East
2026-05-17,245.05,1,Business,US West
2026-05-17,146.74,2,Team,US West
2026-05-17,18.82,1,Starter,US East
2026-05-17,79.21,1,Team,US West
2026-05-17,20.0,1,Starter,Europe
2026-05-17,77.31,1,Team,US East
2026-05-17,81.08,1,Team,Europe
2026-05-17,77.45,1,Team,APAC
2026-05-17,37.6,2,Starter,US East
2026-05-17,40.16,2,Starter,Europe
2026-05-17,19.12,1,Starter,US East
2026-05-17,19.99,1,Starter,Europe
2026-05-17,158.72,2,Team,APAC
2026-05-17,255.72,1,Business,APAC
2026-05-17,237.32,1,Business,US East
2026-05-17,19.93,1,Starter,APAC
2026-05-17,20.19,1,Starter,US West
2026-05-17,19.82,1,Starter,Europe
2026-05-17,75.4,1,Team,US West
2026-05-17,163.61,2,Team,Europe
2026-05-17,157.01,2,Team,Europe
2026-05-17,263.99,1,Business,US West
2026-05-17,872.78,1,Enterprise,US East
2026-05-17,474.91,2,Business,APAC
2026-05-17,36.05,2,Starter,US West
2026-05-17,17.88,1,Starter,APAC
2026-05-17,39.01,2,Starter,US West
2026-05-17,239.03,1,Business,US West
2026-05-17,19.67,1,Starter,Europe
2026-05-17,35.9,2,Starter,US East
2026-05-17,148.78,2,Team,US East
2026-05-18,80.33,1,Team,Europe
2026-05-18,167.26,2,Team,US East
2026-05-18,77.84,1,Team,US East
2026-05-18,154.35,2,Team,US West
2026-05-18,80.22,1,Team,Europe
2026-05-18,35.36,2,Starter,US West
2026-05-18,158.4,2,Team,US East
2026-05-18,18.03,1,Starter,US East
2026-05-18,234.25,1,Business,US East
2026-05-18,1825.78,2,Enterprise,APAC
2026-05-18,244.72,3,Team,Europe
2026-05-18,508.74,2,Business,US East
2026-05-18,75.61,1,Team,US West
2026-05-18,74.7,1,Team,US East
2026-05-18,484.27,2,Business,US West
2026-05-18,36.81,2,Starter,Europe
2026-05-18,896.84,1,Enterprise,US West
2026-05-18,38.95,2,Starter,US West
2026-05-18,18.49,1,Starter,US West
2026-05-18,82.25,1,Team,Europe
2026-05-18,145.67,2,Team,US West
2026-05-18,20.51,1,Starter,US West
2026-05-18,77.26,1,Team,US East
2026-05-18,17.14,1,Starter,Europe
2026-05-18,18.83,1,Starter,Europe
2026-05-18,76.41,1,Team,US West
2026-05-18,18.25,1,Starter,US West
2026-05-18,73.39,1,Team,US East
2026-05-18,75.85,1,Team,Europe
2026-05-18,156.44,2,Team,APAC
2026-05-18,32.45,2,Starter,Europe
2026-05-18,33.65,2,Starter,US West
2026-05-18,903.48,1,Enterprise,US West
2026-05-18,19.15,1,Starter,US East
2026-05-18,39.82,2,Starter,APAC
2026-05-18,18.89,1,Starter,US West
2026-05-18,160.27,2,Team,Europe
2026-05-18,526.48,2,Business,US West
2026-05-18,38.06,2,Starter,US East
2026-05-18,83.31,1,Team,US East
2026-05-18,19.92,1,Starter,US East
2026-05-18,149.07,2,Team,Europe
2026-05-18,77.99,1,Team,US East
2026-05-18,913.36,1,Enterprise,Europe
2026-05-18,36.3,2,Starter,US East
2026-05-18,56.97,3,Starter,Europe
2026-05-18,18.93,1,Starter,Europe
2026-05-18,37.53,2,Starter,Europe
2026-05-18,40.49,2,Starter,Europe
2026-05-18,91.02,1,Team,Europe
2026-05-18,877.2,1,Enterprise,US East
2026-05-18,75.06,1,Team,US West
2026-05-18,1707.44,2,Enterprise,Europe
2026-05-18,20.52,1,Starter,US East
2026-05-18,490.25,2,Business,Europe
2026-05-18,845.04,1,Enterprise,US East
2026-05-18,153.1,2,Team,US West
2026-05-18,156.26,2,Team,US West
2026-05-18,17.62,1,Starter,Europe
2026-05-18,875.09,1,Enterprise,Europe
2026-05-18,78.38,1,Team,US East
2026-05-18,19.68,1,Starter,US East
2026-05-18,86.84,1,Team,US West
2026-05-18,481.06,2,Business,US West
2026-05-18,244.91,1,Business,APAC
2026-05-18,17.34,1,Starter,US West
2026-05-18,18.39,1,Starter,APAC
2026-05-19,19.58,1,Starter,Europe
2026-05-19,262.82,1,Business,US West
2026-05-19,37.55,2,Starter,US East
2026-05-19,78.0,1,Team,US West
2026-05-19,20.16,1,Starter,US East
2026-05-19,77.89,1,Team,APAC
2026-05-19,56.49,3,Starter,US West
2026-05-19,21.12,1,Starter,US West
2026-05-19,77.03,1,Team,US West
2026-05-19,161.07,2,Team,US East
2026-05-19,78.74,1,Team,Europe
2026-05-19,38.55,2,Starter,US East
2026-05-19,76.1,1,Team,US West
2026-05-19,233.92,3,Team,US West
2026-05-19,229.77,1,Business,US West
2026-05-19,146.38,2,Team,US West
2026-05-19,256.14,1,Business,US East
2026-05-19,18.38,1,Starter,US West
2026-05-19,79.78,1,Team,US East
2026-05-19,36.37,2,Starter,US West
2026-05-19,41.88,2,Starter,Europe
2026-05-19,19.48,1,Starter,US East
2026-05-19,232.29,3,Team,Europe
2026-05-19,79.6,1,Team,US East
2026-05-19,19.46,1,Starter,Europe
2026-05-19,78.93,1,Team,US East
2026-05-19,82.85,1,Team,US East
2026-05-19,37.48,2,Starter,US West
2026-05-19,18.35,1,Starter,US West
2026-05-19,165.97,2,Team,Europe
2026-05-19,18.73,1,Starter,US East
2026-05-19,38.57,2,Starter,Europe
2026-05-19,504.81,2,Business,US East
2026-05-19,80.15,1,Team,Europe
2026-05-19,80.0,1,Team,US East
2026-05-19,866.91,1,Enterprise,US East
2026-05-19,39.69,2,Starter,US West
2026-05-19,256.49,1,Business,US East
2026-05-19,17.13,1,Starter,Europe
2026-05-19,35.69,2,Starter,US East
2026-05-19,40.74,2,Starter,US East
2026-05-19,74.64,1,Team,US West
2026-05-19,39.06,2,Starter,US East
2026-05-19,76.72,1,Team,APAC
2026-05-19,163.27,2,Team,US East
2026-05-19,243.83,1,Business,APAC
2026-05-19,18.5,1,Starter,US East
2026-05-19,19.37,1,Starter,Europe
2026-05-19,18.76,1,Starter,Europe
2026-05-19,17.97,1,Starter,US East
2026-05-19,75.7,1,Team,US West
2026-05-19,18.07,1,Starter,US East
2026-05-19,41.69,2,Starter,Europe
2026-05-19,168.59,2,Team,US East
2026-05-19,35.85,2,Starter,Europe
2026-05-19,476.74,2,Business,US East
2026-05-19,513.58,2,Business,US West
2026-05-19,986.2,1,Enterprise,Europe
2026-05-19,1865.28,2,Enterprise,US East
2026-05-19,42.47,2,Starter,US East
2026-05-19,74.94,1,Team,US West
2026-05-19,862.88,1,Enterprise,US East
2026-05-19,37.56,2,Starter,US West
2026-05-19,37.04,2,Starter,US West
2026-05-19,86.56,1,Team,US East
2026-05-19,162.9,2,Team,US East
2026-05-19,162.58,2,Team,US East
2026-05-19,16.52,1,Starter,US West
2026-05-19,19.63,1,Starter,APAC
2026-05-19,18.79,1,Starter,US East
2026-05-19,82.9,1,Team,US East
2026-05-19,20.25,1,Starter,US East
2026-05-19,18.7,1,Starter,US West
2026-05-20,1897.84,2,Enterprise,US West
2026-05-20,20.22,1,Starter,APAC
2026-05-20,40.14,2,Starter,Europe
2026-05-20,79.74,1,Team,US West
2026-05-20,81.16,1,Team,US East
2026-05-20,35.25,2,Starter,US East
2026-05-20,38.15,2,Starter,Europe
2026-05-20,1767.7,2,Enterprise,APAC
2026-05-20,240.93,1,Business,APAC
2026-05-20,19.47,1,Starter,US West
2026-05-20,78.22,1,Team,US East
2026-05-20,19.5,1,Starter,US East
2026-05-20,156.45,2,Team,Europe
2026-05-20,255.4,1,Business,US East
2026-05-20,520.52,2,Business,US West
2026-05-20,36.93,2,Starter,Europe
2026-05-20,273.26,1,Business,US East
2026-05-20,904.56,1,Enterprise,US West
2026-05-20,74.65,1,Team,US East
2026-05-20,74.5,1,Team,Europe
2026-05-20,157.1,2,Team,Europe
2026-05-20,245.67,1,Business,US East
2026-05-20,55.87,3,Starter,US East
2026-05-20,82.89,1,Team,Europe
2026-05-20,246.87,1,Business,US West
2026-05-20,34.55,2,Starter,US East
2026-05-20,249.78,1,Business,US West
2026-05-20,258.78,1,Business,US West
2026-05-20,510.95,2,Business,US West
2026-05-20,19.83,1,Starter,US West
2026-05-20,85.44,1,Team,US West
2026-05-20,487.44,2,Business,Europe
2026-05-20,249.12,1,Business,Europe
2026-05-20,250.09,1,Business,Europe
2026-05-20,20.44,1,Starter,US East
2026-05-20,167.61,2,Team,US East
2026-05-20,84.41,1,Team,US East
2026-05-20,152.93,2,Team,US West
2026-05-20,20.6,1,Starter,Europe
2026-05-20,74.01,1,Team,Europe
2026-05-20,38.19,2,Starter,APAC
2026-05-20,17.24,1,Starter,US West
2026-05-20,75.16,1,Team,US East
2026-05-20,36.37,2,Starter,Europe
2026-05-20,18.72,1,Starter,US West
2026-05-20,37.53,2,Starter,US East
2026-05-20,157.2,2,Team,US West
2026-05-20,79.74,1,Team,APAC
2026-05-20,163.15,2,Team,US West
2026-05-20,243.57,1,Business,US East
2026-05-20,242.87,1,Business,US East
2026-05-20,81.33,1,Team,US East
2026-05-20,155.96,2,Team,APAC
2026-05-20,167.01,2,Team,US East
2026-05-20,244.65,1,Business,US West
2026-05-20,19.13,1,Starter,Europe
2026-05-20,79.69,1,Team,US East
2026-05-20,17.82,1,Starter,Europe
2026-05-20,74.0,1,Team,Europe
2026-05-20,78.82,1,Team,US West
2026-05-20,20.79,1,Starter,US West
2026-05-20,18.2,1,Starter,US West
2026-05-20,60.07,3,Starter,US East
2026-05-20,20.1,1,Starter,US West
2026-05-20,19.36,1,Starter,Europe
2026-05-20,497.98,2,Business,US West
2026-05-20,247.67,1,Business,Europe
2026-05-20,256.88,1,Business,US West
2026-05-20,74.68,1,Team,US West
2026-05-20,18.91,1,Starter,Europe
2026-05-20,74.66,1,Team,APAC
2026-05-20,254.72,1,Business,Europe
2026-05-20,37.61,2,Starter,US East
2026-05-20,19.9,1,Starter,APAC
2026-05-20,157.25,2,Team,Europe
2026-05-20,17.76,1,Starter,US West
2026-05-20,18.99,1,Starter,US East
2026-05-20,37.86,2,Starter,US East
2026-05-20,19.31,1,Starter,Europe
2026-05-20,75.59,1,Team,US East
2026-05-20,38.72,2,Starter,US West
2026-05-20,51.58,3,Starter,US East
2026-05-20,151.04,2,Team,Europe
2026-05-20,19.25,1,Starter,Europe
2026-05-20,164.59,2,Team,Europe
2026-05-21,19.55,1,Starter,APAC
2026-05-21,75.08,1,Team,US East
2026-05-21,73.48,1,Team,APAC
2026-05-21,19.59,1,Starter,Europe
2026-05-21,156.97,2,Team,US West
2026-05-21,255.82,1,Business,US West
2026-05-21,481.6,2,Business,Europe
2026-05-21,40.41,2,Starter,Europe
2026-05-21,37.87,2,Starter,Europe
2026-05-21,82.29,1,Team,US East
2026-05-21,84.33,1,Team,US East
2026-05-21,37.07,2,Starter,Europe
2026-05-21,905.57,1,Enterprise,Europe
2026-05-21,19.71,1,Starter,Europe
2026-05-21,58.59,3,Starter,US West
2026-05-21,20.16,1,Starter,Europe
2026-05-21,166.02,2,Team,Europe
2026-05-21,280.88,4,Team,US East
2026-05-21,759.62,3,Business,US West
2026-05-21,165.21,2,Team,APAC
2026-05-21,245.07,3,Team,Europe
2026-05-21,228.81,3,Team,US West
2026-05-21,18.34,1,Starter,US West
2026-05-21,18.1,1,Starter,US West
2026-05-21,20.5,1,Starter,Europe
2026-05-21,173.6,2,Team,US West
2026-05-21,145.17,2,Team,Europe
2026-05-21,39.02,2,Starter,US East
2026-05-21,245.71,1,Business,US East
2026-05-21,41.35,2,Starter,US West
2026-05-21,36.83,2,Starter,US West
2026-05-21,237.64,1,Business,APAC
2026-05-21,248.29,1,Business,US East
2026-05-21,543.52,2,Business,Europe
2026-05-21,19.56,1,Starter,APAC
2026-05-21,74.46,1,Team,Europe
2026-05-21,18.25,1,Starter,APAC
2026-05-21,489.34,2,Business,APAC
2026-05-21,59.17,3,Starter,US East
2026-05-21,77.11,1,Team,US East
2026-05-21,79.23,1,Team,US West
2026-05-21,37.91,2,Starter,APAC
2026-05-21,466.49,2,Business,US East
2026-05-21,51.65,3,Starter,US West
2026-05-21,141.23,2,Team,US East
2026-05-21,162.74,2,Team,APAC
2026-05-21,18.79,1,Starter,US West
2026-05-21,149.55,2,Team,US East
2026-05-21,37.84,2,Starter,US East
2026-05-21,944.93,1,Enterprise,Europe
2026-05-21,513.17,2,Business,US East
2026-05-21,75.96,1,Team,Europe
2026-05-21,75.2,1,Team,US West
2026-05-21,1782.09,2,Enterprise,US East
2026-05-21,18.43,1,Starter,APAC
2026-05-21,36.84,2,Starter,US West
2026-05-21,225.28,1,Business,Europe
2026-05-21,17.77,1,Starter,US East
2026-05-21,147.18,2,Team,Europe
2026-05-21,87.42,1,Team,US West
2026-05-21,83.38,1,Team,US East
2026-05-21,37.58,2,Starter,US West
2026-05-21,19.18,1,Starter,APAC
2026-05-21,265.26,1,Business,US East
2026-05-21,260.84,1,Business,US West
2026-05-21,77.22,1,Team,US East
2026-05-21,235.98,1,Business,US East
2026-05-21,18.7,1,Starter,US West
2026-05-21,40.88,2,Starter,US West
2026-05-21,39.73,2,Starter,US East
2026-05-21,17.45,1,Starter,US West
2026-05-21,19.45,1,Starter,US West
2026-05-21,35.93,2,Starter,US East
2026-05-21,168.13,2,Team,US West
2026-05-21,506.38,2,Business,APAC
2026-05-21,17.81,1,Starter,Europe
2026-05-21,70.53,1,Team,US West
2026-05-21,476.71,2,Business,US West
2026-05-21,233.54,1,Business,Europe
2026-05-21,160.18,2,Team,US West
2026-05-21,17.32,1,Starter,US East
2026-05-21,37.31,2,Starter,Europe
2026-05-21,18.42,1,Starter,US East
2026-05-22,904.1,1,Enterprise,US West
2026-05-22,76.71,1,Team,US West
2026-05-22,18.96,1,Starter,US East
2026-05-22,74.04,1,Team,US East
2026-05-22,19.69,1,Starter,US East
2026-05-22,163.22,2,Team,US East
2026-05-22,39.36,2,Starter,US East
2026-05-22,19.26,1,Starter,US West
2026-05-22,85.37,1,Team,APAC
2026-05-22,1807.11,2,Enterprise,Europe
2026-05-22,35.25,2,Starter,Europe
2026-05-22,152.35,2,Team,US West
2026-05-22,20.48,1,Starter,US West
2026-05-22,255.33,3,Team,US West
2026-05-22,58.43,3,Starter,US West
2026-05-22,75.96,1,Team,US East
2026-05-22,82.79,1,Team,Europe
2026-05-22,79.57,1,Team,US West
2026-05-22,80.86,1,Team,US East
2026-05-22,19.87,1,Starter,US East
2026-05-22,165.9,2,Team,US East
2026-05-22,71.19,1,Team,US West
2026-05-22,39.66,2,Starter,APAC
2026-05-22,82.23,1,Team,US West
2026-05-22,20.5,1,Starter,US East
2026-05-22,1785.11,2,Enterprise,APAC
2026-05-22,76.44,1,Team,US West
2026-05-22,18.58,1,Starter,US East
2026-05-22,19.11,1,Starter,Europe
2026-05-22,19.89,1,Starter,US West
2026-05-22,17.16,1,Starter,US West
2026-05-22,76.97,1,Team,Europe
2026-05-22,38.21,2,Starter,US East
2026-05-22,75.03,1,Team,US West
2026-05-22,77.2,1,Team,US West
2026-05-22,18.97,1,Starter,US East
2026-05-22,515.49,2,Business,US West
2026-05-22,19.18,1,Starter,APAC
2026-05-22,80.77,1,Team,Europe
2026-05-22,21.18,1,Starter,APAC
2026-05-22,150.04,2,Team,APAC
2026-05-22,242.96,3,Team,US East
2026-05-22,80.31,1,Team,US East
2026-05-22,1924.11,2,Enterprise,Europe
2026-05-22,40.2,2,Starter,US West
2026-05-22,18.45,1,Starter,US East
2026-05-22,75.92,1,Team,US West
2026-05-22,526.85,2,Business,US East
2026-05-22,1808.85,2,Enterprise,US West
2026-05-22,231.74,1,Business,US East
2026-05-22,18.45,1,Starter,US East
2026-05-22,493.74,2,Business,APAC
2026-05-22,261.04,1,Business,US West
2026-05-22,161.5,2,Team,US West
2026-05-22,1796.81,2,Enterprise,US West
2026-05-22,860.34,1,Enterprise,US West
2026-05-22,19.3,1,Starter,APAC
2026-05-22,1902.82,2,Enterprise,US East
2026-05-22,528.72,2,Business,US East
2026-05-22,19.22,1,Starter,Europe
2026-05-22,38.47,2,Starter,US East
2026-05-22,36.89,2,Starter,US West
2026-05-22,75.87,1,Team,Europe
2026-05-22,19.81,1,Starter,US East
2026-05-22,21.01,1,Starter,APAC
2026-05-22,82.18,1,Team,Europe
2026-05-22,959.64,1,Enterprise,US West
2026-05-22,241.63,1,Business,Europe
2026-05-22,497.04,2,Business,Europe
2026-05-22,19.84,1,Starter,Europe
2026-05-22,37.03,2,Starter,US West
2026-05-22,267.6,1,Business,US East
2026-05-22,261.22,1,Business,US West
2026-05-22,230.43,1,Business,Europe
2026-05-22,80.5,1,Team,US West
2026-05-22,158.9,2,Team,US West
2026-05-22,37.3,2,Starter,US West
2026-05-22,78.42,1,Team,Europe
2026-05-22,18.61,1,Starter,US East
2026-05-22,19.48,1,Starter,Europe
2026-05-22,19.53,1,Starter,US West
2026-05-23,79.37,1,Team,US East
2026-05-23,80.95,1,Team,US West
2026-05-23,17.4,1,Starter,US West
2026-05-23,162.05,2,Team,US West
2026-05-23,38.98,2,Starter,US East
2026-05-23,37.29,2,Starter,US West
2026-05-23,17.84,1,Starter,US West
2026-05-23,20.57,1,Starter,US East
2026-05-23,159.62,2,Team,US West
2026-05-23,501.44,2,Business,US West
2026-05-23,37.73,2,Starter,US East
2026-05-23,37.81,2,Starter,US East
2026-05-23,162.6,2,Team,US East
2026-05-23,159.16,2,Team,US West
2026-05-23,232.45,1,Business,US East
2026-05-23,18.48,1,Starter,US West
2026-05-23,237.4,3,Team,Europe
2026-05-23,166.85,2,Team,US East
2026-05-23,19.26,1,Starter,APAC
2026-05-23,18.45,1,Starter,Europe
2026-05-23,37.62,2,Starter,Europe
2026-05-23,19.14,1,Starter,US East
2026-05-23,161.9,2,Team,US West
2026-05-23,19.05,1,Starter,Europe
2026-05-23,79.91,1,Team,US West
2026-05-23,153.97,2,Team,Europe
2026-05-23,19.1,1,Starter,US West
2026-05-23,171.15,2,Team,Europe
2026-05-24,19.83,1,Starter,US West
2026-05-24,68.88,1,Team,Europe
2026-05-24,17.35,1,Starter,APAC
2026-05-24,72.0,1,Team,US East
2026-05-24,19.25,1,Starter,US West
2026-05-24,265.09,1,Business,US East
2026-05-24,75.63,1,Team,US East
2026-05-24,18.25,1,Starter,Europe
2026-05-24,17.41,1,Starter,APAC
2026-05-24,17.81,1,Starter,APAC
2026-05-24,163.31,2,Team,Europe
2026-05-24,37.85,2,Starter,US West
2026-05-24,483.4,2,Business,Europe
2026-05-24,151.74,2,Team,US East
2026-05-24,1764.9,2,Enterprise,US East
2026-05-24,33.47,2,Starter,US West
2026-05-24,18.29,1,Starter,US West
2026-05-24,78.91,1,Team,Europe
2026-05-24,253.75,1,Business,US West
2026-05-24,162.85,2,Team,US East
2026-05-24,168.43,2,Team,US East
2026-05-24,18.07,1,Starter,Europe
2026-05-24,140.74,2,Team,US East
2026-05-24,18.63,1,Starter,Europe
2026-05-24,81.71,1,Team,US West
2026-05-24,70.92,1,Team,US East
2026-05-24,37.28,2,Starter,APAC
2026-05-24,18.54,1,Starter,US West
2026-05-24,18.77,1,Starter,US West
2026-05-24,73.13,1,Team,Europe
2026-05-24,40.61,2,Starter,APAC
2026-05-24,19.03,1,Starter,US East
2026-05-24,19.07,1,Starter,Europe
2026-05-24,18.9,1,Starter,US East
2026-05-24,524.36,2,Business,US East
2026-05-24,151.76,2,Team,Europe
2026-05-24,479.52,2,Business,US East
2026-05-24,924.87,1,Enterprise,APAC
2026-05-24,239.93,1,Business,Europe
2026-05-24,270.6,1,Business,US West
2026-05-24,18.4,1,Starter,US West
2026-05-24,19.85,1,Starter,US West
2026-05-24,17.77,1,Starter,Europe
2026-05-25,75.77,1,Team,Europe
2026-05-25,35.1,2,Starter,US West
2026-05-25,76.23,1,Team,US West
2026-05-25,38.68,2,Starter,US West
2026-05-25,821.1,1,Enterprise,Europe
2026-05-25,78.05,1,Team,Europe
2026-05-25,39.26,2,Starter,US East
2026-05-25,246.31,3,Team,US West
2026-05-25,18.64,1,Starter,US East
2026-05-25,215.63,1,Business,APAC
2026-05-25,249.67,1,Business,US East
2026-05-25,35.66,2,Starter,US West
2026-05-25,74.65,1,Team,Europe
2026-05-25,75.02,1,Team,Europe
2026-05-25,37.83,2,Starter,US West
2026-05-25,17.61,1,Starter,US West
2026-05-25,20.64,1,Starter,Europe
2026-05-25,36.48,2,Starter,US East
2026-05-25,19.86,1,Starter,Europe
2026-05-25,43.43,2,Starter,APAC
2026-05-25,77.03,1,Team,Europe
2026-05-25,80.47,1,Team,US West
2026-05-25,140.8,2,Team,US West
2026-05-25,795.17,3,Business,APAC
2026-05-25,256.07,1,Business,Europe
2026-05-25,168.37,2,Team,US East
2026-05-25,78.03,1,Team,US East
2026-05-25,157.96,2,Team,Europe
2026-05-25,35.22,2,Starter,Europe
2026-05-25,37.01,2,Starter,Europe
2026-05-25,147.03,2,Team,APAC
2026-05-25,222.45,1,Business,US East
2026-05-25,921.63,1,Enterprise,Europe
2026-05-25,76.43,1,Team,US East
2026-05-25,59.33,3,Starter,US West
2026-05-25,149.47,2,Team,US West
2026-05-25,18.34,1,Starter,US East
2026-05-25,39.73,2,Starter,APAC
2026-05-25,515.02,2,Business,US West
2026-05-25,18.46,1,Starter,US West
2026-05-25,239.26,1,Business,US East
2026-05-25,944.67,1,Enterprise,Europe
2026-05-25,83.35,1,Team,APAC
2026-05-25,150.77,2,Team,US East
2026-05-25,61.11,3,Starter,US East
2026-05-25,247.15,3,Team,Europe
2026-05-25,18.66,1,Starter,US East
2026-05-25,82.73,1,Team,US West
2026-05-25,251.03,1,Business,US West
2026-05-25,34.55,2,Starter,Europe
2026-05-25,18.29,1,Starter,US West
2026-05-25,1783.9,2,Enterprise,US East
2026-05-25,1725.79,2,Enterprise,US West
2026-05-25,248.53,1,Business,US West
2026-05-25,19.27,1,Starter,US West
2026-05-25,39.49,2,Starter,US West
2026-05-25,163.14,2,Team,US West
2026-05-25,38.46,2,Starter,APAC
2026-05-25,82.41,1,Team,APAC
2026-05-25,259.77,1,Business,Europe
2026-05-25,18.17,1,Starter,US East
2026-05-25,137.67,2,Team,Europe
2026-05-25,936.9,1,Enterprise,Europe
2026-05-25,72.68,1,Team,Europe
2026-05-25,85.49,1,Team,Europe
2026-05-25,37.17,2,Starter,US East
2026-05-25,81.65,1,Team,APAC
2026-05-25,19.88,1,Starter,US East
2026-05-25,19.4,1,Starter,Europe
2026-05-25,501.92,2,Business,US West
2026-05-25,78.01,1,Team,US East
2026-05-25,230.62,1,Business,Europe
2026-05-25,79.67,1,Team,US West
2026-05-25,17.74,1,Starter,US East
2026-05-25,20.17,1,Starter,Europe
2026-05-25,229.37,1,Business,US East
2026-05-26,251.17,1,Business,US East
2026-05-26,34.57,2,Starter,US West
2026-05-26,146.38,2,Team,US East
2026-05-26,18.02,1,Starter,US West
2026-05-26,258.82,1,Business,US East
2026-05-26,19.47,1,Starter,US West
2026-05-26,155.25,2,Team,US West
2026-05-26,248.61,1,Business,Europe
2026-05-26,41.85,2,Starter,US East
2026-05-26,258.66,1,Business,Europe
2026-05-26,18.85,1,Starter,US West
2026-05-26,170.54,2,Team,Europe
2026-05-26,91.24,1,Team,US West
2026-05-26,17.73,1,Starter,US East
2026-05-26,18.23,1,Starter,US West
2026-05-26,77.15,1,Team,US West
2026-05-26,479.61,2,Business,US West
2026-05-26,18.67,1,Starter,APAC
2026-05-26,1778.97,2,Enterprise,Europe
2026-05-26,79.09,1,Team,US West
2026-05-26,72.49,1,Team,US East
2026-05-26,498.45,2,Business,US East
2026-05-26,72.04,1,Team,US East
2026-05-26,272.0,1,Business,US West
2026-05-26,85.18,1,Team,Europe
2026-05-26,37.55,2,Starter,US East
2026-05-26,39.52,2,Starter,Europe
2026-05-26,464.89,2,Business,Europe
2026-05-26,19.34,1,Starter,US West
2026-05-26,468.14,2,Business,US West
2026-05-26,39.02,2,Starter,US West
2026-05-26,39.17,2,Starter,Europe
2026-05-26,76.92,1,Team,US West
2026-05-26,78.59,1,Team,US East
2026-05-26,254.43,1,Business,US West
2026-05-26,33.98,2,Starter,US East
2026-05-26,155.36,2,Team,US West
2026-05-26,39.46,2,Starter,US West
2026-05-26,844.38,1,Enterprise,US West
2026-05-26,245.02,1,Business,US West
2026-05-26,90.42,1,Team,Europe
2026-05-26,19.49,1,Starter,US West
2026-05-26,834.03,1,Enterprise,Europe
2026-05-26,19.22,1,Starter,Europe
2026-05-26,18.98,1,Starter,Europe
2026-05-26,516.69,2,Business,Europe
2026-05-26,240.62,1,Business,Europe
2026-05-26,159.44,2,Team,US East
2026-05-26,54.81,3,Starter,APAC
2026-05-26,19.83,1,Starter,APAC
2026-05-26,78.92,1,Team,US East
2026-05-26,251.95,1,Business,US West
2026-05-26,82.19,1,Team,US East
2026-05-26,274.12,1,Business,Europe
2026-05-26,19.29,1,Starter,US West
2026-05-26,149.22,2,Team,US West
2026-05-26,19.12,1,Starter,US West
2026-05-26,149.6,2,Team,US West
2026-05-26,1759.37,2,Enterprise,US East
2026-05-26,154.0,2,Team,Europe
2026-05-26,18.22,1,Starter,US East
2026-05-26,61.45,3,Starter,US West
2026-05-26,17.88,1,Starter,US East
2026-05-26,39.1,2,Starter,US East
2026-05-26,56.11,3,Starter,Europe
2026-05-26,38.61,2,Starter,US West
2026-05-26,19.37,1,Starter,US East
2026-05-26,17.05,1,Starter,US West
2026-05-26,19.55,1,Starter,APAC
2026-05-26,38.93,2,Starter,APAC
2026-05-26,20.1,1,Starter,Europe
2026-05-26,249.07,1,Business,US West
2026-05-27,159.8,2,Team,US East
2026-05-27,76.47,1,Team,Europe
2026-05-27,84.44,1,Team,US East
2026-05-27,38.59,2,Starter,US West
2026-05-27,158.2,2,Team,US West
2026-05-27,236.81,1,Business,US East
2026-05-27,80.73,1,Team,APAC
2026-05-27,18.52,1,Starter,US West
2026-05-27,508.97,2,Business,US West
2026-05-27,80.84,1,Team,US West
2026-05-27,80.6,1,Team,US West
2026-05-27,252.38,1,Business,US West
2026-05-27,17.12,1,Starter,US East
2026-05-27,19.6,1,Starter,US West
2026-05-27,481.63,2,Business,Europe
2026-05-27,18.98,1,Starter,US West
2026-05-27,154.08,2,Team,APAC
2026-05-27,77.53,1,Team,Europe
2026-05-27,137.87,2,Team,US West
2026-05-27,75.93,1,Team,US West
2026-05-27,72.37,1,Team,Europe
2026-05-27,235.47,1,Business,US East
2026-05-27,17.08,1,Starter,Europe
2026-05-27,20.43,1,Starter,US West
2026-05-27,509.35,2,Business,Europe
2026-05-27,19.74,1,Starter,Europe
2026-05-27,245.78,1,Business,US West
2026-05-27,19.27,1,Starter,APAC
2026-05-27,20.28,1,Starter,Europe
2026-05-27,150.06,2,Team,US West
2026-05-27,499.07,2,Business,US East
2026-05-27,86.49,1,Team,US West
2026-05-27,19.64,1,Starter,US West
2026-05-27,261.77,1,Business,US West
2026-05-27,79.64,1,Team,Europe
2026-05-27,74.0,1,Team,US East
2026-05-27,153.19,2,Team,Europe
2026-05-27,462.63,2,Business,US East
2026-05-27,84.79,1,Team,US East
2026-05-27,39.66,2,Starter,Europe
2026-05-27,18.87,1,Starter,US West
2026-05-27,890.04,1,Enterprise,US West
2026-05-27,488.1,2,Business,US East
2026-05-27,21.46,1,Starter,US West
2026-05-27,151.12,2,Team,APAC
2026-05-27,19.44,1,Starter,US East
2026-05-27,464.66,2,Business,US West
2026-05-27,18.23,1,Starter,US West
2026-05-27,36.22,2,Starter,US East
2026-05-27,265.34,1,Business,US East
2026-05-27,19.96,1,Starter,Europe
2026-05-27,19.34,1,Starter,US East
2026-05-27,17.3,1,Starter,Europe
2026-05-27,37.28,2,Starter,US West
2026-05-27,20.63,1,Starter,Europe
2026-05-27,2791.86,3,Enterprise,Europe
2026-05-27,41.86,2,Starter,Europe
2026-05-27,60.84,3,Starter,Europe
2026-05-27,77.72,1,Team,US West
2026-05-27,42.6,2,Starter,US East
2026-05-27,78.91,1,Team,US West
2026-05-27,172.49,2,Team,US West
2026-05-27,165.73,2,Team,US East
2026-05-27,35.2,2,Starter,US East
2026-05-27,36.86,2,Starter,US East
2026-05-27,85.06,1,Team,US East
2026-05-28,76.72,1,Team,US West
2026-05-28,154.65,2,Team,Europe
2026-05-28,246.82,1,Business,US East
2026-05-28,79.28,1,Team,US West
2026-05-28,79.83,1,Team,US West
2026-05-28,19.51,1,Starter,US East
2026-05-28,81.78,1,Team,US East
2026-05-28,79.2,1,Team,US East
2026-05-28,41.57,2,Starter,US East
2026-05-28,519.91,2,Business,Europe
2026-05-28,508.88,2,Business,US West
2026-05-28,20.85,1,Starter,US West
2026-05-28,1877.94,2,Enterprise,US East
2026-05-28,237.25,1,Business,US West
2026-05-28,735.62,3,Business,US West
2026-05-28,247.43,1,Business,US West
2026-05-28,56.42,3,Starter,US East
2026-05-28,36.5,2,Starter,US West
2026-05-28,39.67,2,Starter,US West
2026-05-28,505.97,2,Business,US East
2026-05-28,18.54,1,Starter,Europe
2026-05-28,38.7,2,Starter,US West
2026-05-28,154.12,2,Team,US West
2026-05-28,35.15,2,Starter,US West
2026-05-28,40.67,2,Starter,US East
2026-05-28,82.42,1,Team,US East
2026-05-28,160.29,2,Team,US West
2026-05-28,886.07,1,Enterprise,US West
2026-05-28,250.76,1,Business,US West
2026-05-28,946.16,1,Enterprise,US West
2026-05-28,77.4,1,Team,US West
2026-05-28,161.02,2,Team,US West
2026-05-28,167.34,2,Team,US West
2026-05-28,159.48,2,Team,US West
2026-05-28,38.65,2,Starter,APAC
2026-05-28,164.27,2,Team,APAC
2026-05-28,79.05,1,Team,US West
2026-05-28,156.08,2,Team,US East
2026-05-28,19.81,1,Starter,APAC
2026-05-28,166.33,2,Team,US West
2026-05-28,18.7,1,Starter,US East
2026-05-28,165.66,2,Team,US West
2026-05-28,228.5,1,Business,US West
2026-05-28,82.81,1,Team,Europe
2026-05-28,166.53,2,Team,Europe
2026-05-28,19.16,1,Starter,US East
2026-05-28,78.44,1,Team,US East
2026-05-28,38.68,2,Starter,US West
2026-05-28,76.92,1,Team,US West
2026-05-28,18.21,1,Starter,US West
2026-05-28,500.93,2,Business,US East
2026-05-28,37.1,2,Starter,Europe
2026-05-28,17.37,1,Starter,Europe
2026-05-28,38.74,2,Starter,US East
2026-05-28,243.94,1,Business,US West
2026-05-28,150.02,2,Team,US East
2026-05-28,81.04,1,Team,US West
2026-05-28,18.47,1,Starter,US East
2026-05-28,253.99,1,Business,Europe
2026-05-28,505.34,2,Business,US East
2026-05-28,19.96,1,Starter,US East
2026-05-28,40.46,2,Starter,US West
2026-05-28,157.14,2,Team,US West
2026-05-28,1945.68,2,Enterprise,US East
2026-05-28,19.54,1,Starter,US West
2026-05-28,19.9,1,Starter,US East
2026-05-28,56.27,3,Starter,US East
2026-05-29,18.49,1,Starter,US West
2026-05-29,78.03,1,Team,US East
2026-05-29,37.95,2,Starter,US West
2026-05-29,154.97,2,Team,US East
2026-05-29,78.86,1,Team,US East
2026-05-29,79.57,1,Team,Europe
2026-05-29,160.63,2,Team,US West
2026-05-29,78.37,1,Team,US West
2026-05-29,162.83,2,Team,US West
2026-05-29,507.24,2,Business,US West
2026-05-29,19.47,1,Starter,US West
2026-05-29,255.45,1,Business,US West
2026-05-29,19.38,1,Starter,US East
2026-05-29,153.07,2,Team,APAC
2026-05-29,506.43,2,Business,US West
2026-05-29,75.63,1,Team,APAC
2026-05-29,39.48,2,Starter,APAC
2026-05-29,18.79,1,Starter,APAC
2026-05-29,73.62,1,Team,US West
2026-05-29,488.98,2,Business,US East
2026-05-29,76.36,1,Team,US West
2026-05-29,19.91,1,Starter,US West
2026-05-29,72.97,1,Team,APAC
2026-05-29,80.99,1,Team,US West
2026-05-29,75.56,1,Team,APAC
2026-05-29,1774.05,2,Enterprise,APAC
2026-05-29,58.99,3,Starter,US West
2026-05-29,262.42,1,Business,US East
2026-05-29,80.57,1,Team,US West
2026-05-29,21.24,1,Starter,US West
2026-05-29,79.2,1,Team,Europe
2026-05-29,487.22,2,Business,US East
2026-05-29,38.08,2,Starter,US East
2026-05-29,19.15,1,Starter,Europe
2026-05-29,259.1,1,Business,APAC
2026-05-29,19.46,1,Starter,US West
2026-05-29,82.73,1,Team,Europe
2026-05-29,18.48,1,Starter,US West
2026-05-29,76.81,1,Team,US West
2026-05-29,77.96,1,Team,US West
2026-05-29,178.38,2,Team,APAC
2026-05-29,259.89,1,Business,US East
2026-05-29,1908.3,2,Enterprise,US West
2026-05-29,532.39,2,Business,US West
2026-05-29,56.2,3,Starter,US West
2026-05-29,18.23,1,Starter,US East
2026-05-29,19.61,1,Starter,US West
2026-05-29,1730.41,2,Enterprise,US East
2026-05-29,53.65,3,Starter,US West
2026-05-29,38.4,2,Starter,US West
2026-05-29,845.43,1,Enterprise,Europe
2026-05-29,267.25,1,Business,US East
2026-05-29,19.68,1,Starter,US West
2026-05-29,39.05,2,Starter,Europe
2026-05-29,498.41,2,Business,Europe
2026-05-29,1773.05,2,Enterprise,US West
2026-05-29,42.71,2,Starter,Europe
2026-05-29,36.73,2,Starter,US West
2026-05-29,932.74,1,Enterprise,US West
2026-05-29,1618.43,2,Enterprise,US West
2026-05-29,163.31,2,Team,APAC
2026-05-29,16.34,1,Starter,US West
2026-05-29,245.98,1,Business,US West
2026-05-29,57.39,3,Starter,Europe
2026-05-29,163.12,2,Team,Europe
2026-05-29,39.97,2,Starter,US East
2026-05-29,19.2,1,Starter,Europe
2026-05-29,36.07,2,Starter,Europe
2026-05-30,39.02,2,Starter,Europe
2026-05-30,80.38,1,Team,US East
2026-05-30,158.1,2,Team,Europe
2026-05-30,840.44,1,Enterprise,Europe
2026-05-30,19.75,1,Starter,APAC
2026-05-30,872.79,1,Enterprise,US West
2026-05-30,38.25,2,Starter,US West
2026-05-30,156.55,2,Team,US East
2026-05-30,240.11,1,Business,APAC
2026-05-30,507.29,2,Business,APAC
2026-05-30,55.99,3,Starter,US East
2026-05-30,803.13,1,Enterprise,APAC
2026-05-30,19.34,1,Starter,US East
2026-05-30,37.24,2,Starter,US East
2026-05-30,37.16,2,Starter,Europe
2026-05-30,17.43,1,Starter,US East
2026-05-30,761.61,3,Business,Europe
2026-05-30,158.58,2,Team,Europe
2026-05-30,82.05,1,Team,US West
2026-05-30,510.94,2,Business,US East
2026-05-30,18.4,1,Starter,US West
2026-05-30,19.37,1,Starter,US East
2026-05-30,19.11,1,Starter,US West
2026-05-30,38.73,2,Starter,Europe
2026-05-30,503.26,2,Business,Europe
2026-05-30,38.68,2,Starter,Europe
2026-05-30,18.81,1,Starter,Europe
2026-05-30,151.35,2,Team,US East
2026-05-30,35.29,2,Starter,US East
2026-05-30,18.91,1,Starter,US East
2026-05-30,171.11,2,Team,US East
2026-05-30,1788.04,2,Enterprise,Europe
2026-05-30,18.38,1,Starter,US West
2026-05-30,159.14,2,Team,US East
2026-05-31,18.09,1,Starter,US East
2026-05-31,40.23,2,Starter,Europe
2026-05-31,32.34,2,Starter,APAC
2026-05-31,77.88,1,Team,US West
2026-05-31,38.41,2,Starter,US West
2026-05-31,167.39,2,Team,US West
2026-05-31,77.27,1,Team,US East
2026-05-31,1759.67,2,Enterprise,US West
2026-05-31,259.31,1,Business,US East
2026-05-31,39.96,2,Starter,US West
2026-05-31,37.21,2,Starter,US West
2026-05-31,151.01,2,Team,US West
2026-05-31,40.01,2,Starter,US East
2026-05-31,143.43,2,Team,US West
2026-05-31,19.16,1,Starter,US East
2026-05-31,19.62,1,Starter,US East
2026-05-31,81.29,1,Team,US West
2026-05-31,223.13,1,Business,US East
2026-05-31,264.88,1,Business,APAC
2026-05-31,931.65,1,Enterprise,US West
2026-05-31,897.63,1,Enterprise,Europe
2026-05-31,17.87,1,Starter,US East
2026-05-31,76.8,1,Team,US West
2026-05-31,37.13,2,Starter,US East
2026-05-31,160.32,2,Team,US West
2026-05-31,159.73,2,Team,US East
2026-05-31,36.93,2,Starter,US East
2026-05-31,876.32,1,Enterprise,US East
2026-05-31,17.96,1,Starter,US West
2026-05-31,460.41,2,Business,Europe
2026-05-31,158.41,2,Team,Europe
2026-05-31,75.83,1,Team,APAC
2026-05-31,19.41,1,Starter,Europe
2026-05-31,38.4,2,Starter,US West
2026-05-31,260.98,1,Business,US West
2026-05-31,76.79,1,Team,US West
2026-05-31,162.96,2,Team,US East
2026-06-01,80.47,1,Team,US West
2026-06-01,77.0,1,Team,US East
2026-06-01,37.92,2,Starter,US West
2026-06-01,171.29,2,Team,US West
2026-06-01,57.11,3,Starter,Europe
2026-06-01,35.83,2,Starter,US East
2026-06-01,18.54,1,Starter,Europe
2026-06-01,80.53,1,Team,US East
2026-06-01,1809.04,2,Enterprise,US East
2026-06-01,19.36,1,Starter,Europe
2026-06-01,523.11,2,Business,US West
2026-06-01,733.52,3,Business,US East
2026-06-01,1486.72,2,Enterprise,US West
2026-06-01,1886.87,2,Enterprise,Europe
2026-06-01,64.35,1,Team,US East
2026-06-01,493.41,2,Business,Europe
2026-06-01,158.9,2,Team,US West
2026-06-01,39.39,2,Starter,Europe
2026-06-01,83.6,1,Team,US East
2026-06-01,38.72,2,Starter,US West
2026-06-01,483.6,2,Business,US West
2026-06-01,36.92,2,Starter,US East
2026-06-01,78.23,1,Team,US East
2026-06-01,171.31,2,Team,Europe
2026-06-01,19.08,1,Starter,US West
2026-06-01,20.19,1,Starter,US East
2026-06-01,78.68,1,Team,US East
2026-06-01,164.97,2,Team,US West
2026-06-01,174.29,2,Team,Europe
2026-06-01,227.31,1,Business,APAC
2026-06-01,19.16,1,Starter,Europe
2026-06-01,159.54,2,Team,US East
2026-06-01,875.22,1,Enterprise,Europe
2026-06-01,169.24,2,Team,Europe
2026-06-01,78.76,1,Team,APAC
2026-06-01,1593.35,2,Enterprise,Europe
2026-06-01,18.8,1,Starter,Europe
2026-06-01,247.68,1,Business,Europe
2026-06-01,17.98,1,Starter,Europe
2026-06-01,18.63,1,Starter,US West
2026-06-01,72.89,1,Team,US West
2026-06-01,736.82,3,Business,Europe
2026-06-01,86.54,1,Team,APAC
2026-06-01,1821.43,2,Enterprise,Europe
2026-06-01,797.3,3,Business,US West
2026-06-01,17.89,1,Starter,US West
2026-06-01,38.35,2,Starter,US West
2026-06-01,18.04,1,Starter,Europe
2026-06-01,175.53,2,Team,US East
2026-06-01,914.25,1,Enterprise,Europe
2026-06-01,162.85,2,Team,US East
2026-06-01,40.07,2,Starter,APAC
2026-06-01,471.09,2,Business,US West
2026-06-01,60.86,3,Starter,US West
2026-06-01,77.77,1,Team,US East
2026-06-01,868.6,1,Enterprise,Europe
2026-06-01,81.19,1,Team,Europe
2026-06-01,279.48,1,Business,US East
2026-06-01,18.97,1,Starter,US East
2026-06-01,84.0,1,Team,US West
2026-06-01,37.41,2,Starter,US West
2026-06-01,274.59,1,Business,US West
2026-06-01,40.12,2,Starter,US East
2026-06-01,153.66,2,Team,US West
2026-06-01,1760.65,2,Enterprise,Europe
2026-06-01,162.27,2,Team,US West
2026-06-02,83.81,1,Team,Europe
2026-06-02,76.96,1,Team,Europe
2026-06-02,20.5,1,Starter,US East
2026-06-02,158.09,2,Team,Europe
2026-06-02,19.42,1,Starter,Europe
2026-06-02,72.42,1,Team,APAC
2026-06-02,77.53,1,Team,US East
2026-06-02,38.53,2,Starter,US West
2026-06-02,148.94,2,Team,APAC
2026-06-02,157.92,2,Team,US East
2026-06-02,39.31,2,Starter,Europe
2026-06-02,35.39,2,Starter,US East
2026-06-02,17.73,1,Starter,US East
2026-06-02,20.24,1,Starter,Europe
2026-06-02,36.79,2,Starter,US West
2026-06-02,18.41,1,Starter,APAC
2026-06-02,19.16,1,Starter,Europe
2026-06-02,251.32,1,Business,US East
2026-06-02,464.46,2,Business,US East
2026-06-02,40.93,2,Starter,US East
2026-06-02,76.78,1,Team,Europe
2026-06-02,37.39,2,Starter,Europe
2026-06-02,251.06,1,Business,APAC
2026-06-02,255.68,1,Business,US West
2026-06-02,934.95,1,Enterprise,US West
2026-06-02,531.75,2,Business,US East
2026-06-02,529.73,2,Business,US West
2026-06-02,851.45,1,Enterprise,US West
2026-06-02,242.45,1,Business,Europe
2026-06-02,17.12,1,Starter,US West
2026-06-02,80.44,1,Team,US West
2026-06-02,79.73,1,Team,US West
2026-06-02,162.89,2,Team,US East
2026-06-02,234.94,1,Business,APAC
2026-06-02,905.49,1,Enterprise,US East
2026-06-02,78.86,1,Team,US West
2026-06-02,17.78,1,Starter,Europe
2026-06-02,18.64,1,Starter,US East
2026-06-02,163.22,2,Team,US West
2026-06-02,255.26,1,Business,APAC
2026-06-02,173.78,2,Team,Europe
2026-06-02,61.6,3,Starter,US West
2026-06-02,234.2,1,Business,US West
2026-06-02,210.89,1,Business,US East
2026-06-02,76.11,1,Team,Europe
2026-06-02,502.51,2,Business,APAC
2026-06-02,75.62,1,Team,US East
2026-06-02,903.31,1,Enterprise,US West
2026-06-02,75.09,1,Team,US West
2026-06-02,80.49,1,Team,APAC
2026-06-02,19.11,1,Starter,Europe
2026-06-02,461.92,2,Business,Europe
2026-06-02,16.34,1,Starter,US West
2026-06-02,268.38,1,Business,US West
2026-06-02,156.33,2,Team,APAC
2026-06-02,36.12,2,Starter,US East
2026-06-02,79.7,1,Team,US West
2026-06-02,18.35,1,Starter,US East
2026-06-02,84.38,1,Team,APAC
2026-06-02,19.33,1,Starter,APAC
2026-06-02,826.05,1,Enterprise,US West
2026-06-02,264.7,1,Business,US East
2026-06-02,242.99,1,Business,Europe
2026-06-02,38.9,2,Starter,US West
2026-06-02,79.9,1,Team,US West
2026-06-02,39.93,2,Starter,APAC
2026-06-02,150.97,2,Team,US East
2026-06-02,33.71,2,Starter,US West
2026-06-03,76.08,1,Team,US West
2026-06-03,514.34,2,Business,US East
2026-06-03,20.64,1,Starter,US East
2026-06-03,38.8,2,Starter,US West
2026-06-03,39.19,2,Starter,US West
2026-06-03,82.12,1,Team,US East
2026-06-03,18.31,1,Starter,US East
2026-06-03,77.61,1,Team,US West
2026-06-03,39.62,2,Starter,Europe
2026-06-03,39.16,2,Starter,Europe
2026-06-03,40.24,2,Starter,APAC
2026-06-03,156.75,2,Team,US East
2026-06-03,18.61,1,Starter,APAC
2026-06-03,147.82,2,Team,US West
2026-06-03,76.62,1,Team,APAC
2026-06-03,17.85,1,Starter,US East
2026-06-03,507.34,2,Business,US West
2026-06-03,38.8,2,Starter,Europe
2026-06-03,71.95,1,Team,Europe
2026-06-03,36.16,2,Starter,Europe
2026-06-03,17.98,1,Starter,Europe
2026-06-03,82.64,1,Team,US East
2026-06-03,76.85,1,Team,Europe
2026-06-03,159.33,2,Team,Europe
2026-06-03,81.09,1,Team,Europe
2026-06-03,241.34,1,Business,Europe
2026-06-03,1980.02,2,Enterprise,US East
2026-06-03,525.44,2,Business,US East
2026-06-03,524.67,2,Business,Europe
2026-06-03,160.06,2,Team,US East
2026-06-03,18.84,1,Starter,Europe
2026-06-03,79.51,1,Team,US West
2026-06-03,157.6,2,Team,US West
2026-06-03,19.47,1,Starter,Europe
2026-06-03,17.27,1,Starter,US West
2026-06-03,468.13,2,Business,US West
2026-06-03,19.39,1,Starter,US West
2026-06-03,19.58,1,Starter,US East
2026-06-03,923.42,1,Enterprise,US West
2026-06-03,477.55,2,Business,US East
2026-06-03,269.91,1,Business,APAC
2026-06-03,38.09,2,Starter,US East
2026-06-03,249.28,1,Business,US West
2026-06-03,261.25,1,Business,US East
2026-06-03,458.9,2,Business,US West
2026-06-03,17.68,1,Starter,US West
2026-06-03,38.43,2,Starter,Europe
2026-06-03,156.57,2,Team,US East
2026-06-03,38.61,2,Starter,US West
2026-06-03,20.49,1,Starter,US East
2026-06-03,19.17,1,Starter,US East
2026-06-03,18.89,1,Starter,Europe
2026-06-03,165.64,2,Team,US East
2026-06-03,17.58,1,Starter,US West
2026-06-03,81.12,1,Team,US East
2026-06-03,1867.65,2,Enterprise,US West
2026-06-03,38.31,2,Starter,Europe
2026-06-03,19.44,1,Starter,US East
2026-06-03,251.71,1,Business,Europe
2026-06-03,170.61,2,Team,APAC
2026-06-03,1858.32,2,Enterprise,APAC
2026-06-03,16.6,1,Starter,US West
2026-06-03,159.1,2,Team,US East
2026-06-03,18.22,1,Starter,Europe
2026-06-03,17.58,1,Starter,APAC
2026-06-03,473.63,2,Business,US West
2026-06-03,18.37,1,Starter,US West
2026-06-03,527.23,2,Business,Europe
2026-06-03,237.15,1,Business,Europe
2026-06-03,37.3,2,Starter,Europe
2026-06-03,157.71,2,Team,US East
2026-06-03,74.19,1,Team,APAC
2026-06-03,230.76,1,Business,Europe
2026-06-03,1799.66,2,Enterprise,APAC
2026-06-03,19.7,1,Starter,Europe
2026-06-03,17.77,1,Starter,US East
2026-06-03,18.75,1,Starter,US West
2026-06-03,161.82,2,Team,Europe
2026-06-03,1931.3,2,Enterprise,US East
2026-06-03,19.84,1,Starter,US West
2026-06-03,35.58,2,Starter,Europe
2026-06-03,150.68,2,Team,US West
2026-06-04,36.19,2,Starter,Europe
2026-06-04,18.99,1,Starter,US West
2026-06-04,38.25,2,Starter,Europe
2026-06-04,160.72,2,Team,US East
2026-06-04,151.09,2,Team,US West
2026-06-04,19.67,1,Starter,Europe
2026-06-04,17.29,1,Starter,Europe
2026-06-04,17.79,1,Starter,Europe
2026-06-04,464.67,2,Business,Europe
2026-06-04,18.53,1,Starter,US West
2026-06-04,169.48,2,Team,US West
2026-06-04,158.09,2,Team,US East
2026-06-04,75.39,1,Team,APAC
2026-06-04,84.93,1,Team,US East
2026-06-04,19.16,1,Starter,Europe
2026-06-04,1782.44,2,Enterprise,US East
2026-06-04,151.53,2,Team,US East
2026-06-04,77.1,1,Team,US East
2026-06-04,246.92,1,Business,US East
2026-06-04,515.19,2,Business,US West
2026-06-04,38.94,2,Starter,US East
2026-06-04,19.27,1,Starter,US East
2026-06-04,941.95,1,Enterprise,US West
2026-06-04,260.34,1,Business,Europe
2026-06-04,81.23,1,Team,APAC
2026-06-04,80.53,1,Team,Europe
2026-06-04,17.74,1,Starter,Europe
2026-06-04,161.89,2,Team,US East
2026-06-04,17.69,1,Starter,US East
2026-06-04,81.53,1,Team,Europe
2026-06-04,151.65,2,Team,APAC
2026-06-04,89.26,1,Team,Europe
2026-06-04,37.49,2,Starter,APAC
2026-06-04,922.45,1,Enterprise,US West
2026-06-04,1820.68,2,Enterprise,US East
2026-06-04,859.26,1,Enterprise,Europe
2026-06-04,163.17,2,Team,US West
2026-06-04,34.9,2,Starter,US East
2026-06-04,18.66,1,Starter,US East
2026-06-04,484.31,2,Business,US West
2026-06-04,73.73,1,Team,Europe
2026-06-04,19.73,1,Starter,Europe
2026-06-04,34.05,2,Starter,Europe
2026-06-04,164.3,2,Team,US West
2026-06-04,18.58,1,Starter,US West
2026-06-04,78.29,1,Team,US West
2026-06-04,35.9,2,Starter,US West
2026-06-04,19.09,1,Starter,US East
2026-06-04,39.29,2,Starter,US West
2026-06-04,18.2,1,Starter,US East
2026-06-04,158.45,2,Team,US East
2026-06-04,172.09,2,Team,US East
2026-06-04,551.86,2,Business,US West
2026-06-04,18.33,1,Starter,US East
2026-06-04,72.55,1,Team,Europe
2026-06-04,83.41,1,Team,US West
2026-06-04,449.49,2,Business,US East
2026-06-04,19.47,1,Starter,US East
2026-06-04,257.45,1,Business,US East
2026-06-04,261.39,1,Business,Europe
2026-06-04,19.42,1,Starter,US West
2026-06-04,19.12,1,Starter,Europe
2026-06-04,249.69,1,Business,Europe
2026-06-04,40.74,2,Starter,US East
2026-06-04,267.97,1,Business,US West
2026-06-04,164.65,2,Team,US East
2026-06-04,18.02,1,Starter,US West
2026-06-04,149.09,2,Team,Europe
2026-06-04,34.41,2,Starter,Europe
2026-06-04,18.15,1,Starter,US East
2026-06-04,143.58,2,Team,US West
2026-06-04,144.31,2,Team,US West
2026-06-04,37.44,2,Starter,APAC
2026-06-04,20.82,1,Starter,US East
2026-06-04,20.35,1,Starter,US West
2026-06-04,167.09,2,Team,US West
2026-06-05,19.15,1,Starter,US East
2026-06-05,78.01,1,Team,US West
2026-06-05,76.0,1,Team,Europe
2026-06-05,259.54,1,Business,US East
2026-06-05,220.17,1,Business,US East
2026-06-05,243.74,1,Business,Europe
2026-06-05,18.11,1,Starter,US East
2026-06-05,866.66,1,Enterprise,APAC
2026-06-05,19.2,1,Starter,US East
2026-06-05,37.09,2,Starter,US West
2026-06-05,155.55,2,Team,Europe
2026-06-05,19.01,1,Starter,US West
2026-06-05,876.8,1,Enterprise,US East
2026-06-05,38.59,2,Starter,US East
2026-06-05,18.74,1,Starter,US West
2026-06-05,35.86,2,Starter,US East
2026-06-05,16.79,1,Starter,APAC
2026-06-05,254.06,3,Team,US West
2026-06-05,37.32,2,Starter,Europe
2026-06-05,165.26,2,Team,US East
2026-06-05,159.67,2,Team,US West
2026-06-05,17.2,1,Starter,US West
2026-06-05,18.82,1,Starter,US East
2026-06-05,476.06,2,Business,US East
2026-06-05,80.79,1,Team,US West
2026-06-05,174.48,2,Team,Europe
2026-06-05,516.07,2,Business,US East
2026-06-05,72.61,1,Team,US West
2026-06-05,268.33,1,Business,APAC
2026-06-05,81.53,1,Team,Europe
2026-06-05,1873.04,2,Enterprise,US East
2026-06-05,38.17,2,Starter,US West
2026-06-05,168.51,2,Team,US East
2026-06-05,20.72,1,Starter,US West
2026-06-05,77.95,1,Team,US West
2026-06-05,56.88,3,Starter,Europe
2026-06-05,74.44,1,Team,Europe
2026-06-05,41.91,2,Starter,Europe
2026-06-05,74.62,1,Team,US East
2026-06-05,246.66,1,Business,US West
2026-06-05,1700.4,2,Enterprise,US West
2026-06-05,161.31,2,Team,US East
2026-06-05,76.11,1,Team,US West
2026-06-05,77.83,1,Team,US West
2026-06-05,18.53,1,Starter,APAC
2026-06-05,228.04,1,Business,US East
2026-06-05,157.47,2,Team,US West
2026-06-05,19.22,1,Starter,Europe
2026-06-05,155.65,2,Team,US East
2026-06-05,18.96,1,Starter,US West
2026-06-05,945.83,1,Enterprise,US West
2026-06-05,19.66,1,Starter,US West
2026-06-05,36.68,2,Starter,APAC
2026-06-05,37.6,2,Starter,US East
2026-06-05,80.23,1,Team,US East
2026-06-05,488.84,2,Business,US West
2026-06-05,865.18,1,Enterprise,Europe
2026-06-05,20.44,1,Starter,Europe
2026-06-05,508.74,2,Business,US East
2026-06-05,79.55,1,Team,US West
2026-06-05,74.44,1,Team,Europe
2026-06-05,33.82,2,Starter,US East
2026-06-05,19.78,1,Starter,US East
2026-06-05,37.24,2,Starter,APAC
2026-06-05,169.41,2,Team,US East
2026-06-05,18.45,1,Starter,Europe
2026-06-05,910.81,1,Enterprise,US West
2026-06-05,38.36,2,Starter,APAC
2026-06-05,1825.15,2,Enterprise,US East
2026-06-06,235.49,1,Business,US West
2026-06-06,263.91,1,Business,Europe
2026-06-06,160.89,2,Team,Europe
2026-06-06,76.85,1,Team,APAC
2026-06-06,854.65,1,Enterprise,US East
2026-06-06,19.33,1,Starter,US East
2026-06-06,80.53,1,Team,US West
2026-06-06,19.35,1,Starter,US West
2026-06-06,164.06,2,Team,US West
2026-06-06,161.13,2,Team,US West
2026-06-06,77.85,1,Team,US East
2026-06-06,1720.66,2,Enterprise,US East
2026-06-06,75.68,1,Team,US West
2026-06-06,156.91,2,Team,Europe
2026-06-06,223.74,3,Team,US West
2026-06-06,16.9,1,Starter,US West
2026-06-06,19.94,1,Starter,US West
2026-06-06,1756.5,2,Enterprise,US West
2026-06-06,481.25,2,Business,US West
2026-06-06,19.15,1,Starter,Europe
2026-06-06,723.71,3,Business,US West
2026-06-06,83.88,1,Team,Europe
2026-06-06,239.66,1,Business,US West
2026-06-06,37.45,2,Starter,US West
2026-06-06,37.67,2,Starter,Europe
2026-06-06,862.67,1,Enterprise,Europe
2026-06-06,489.91,2,Business,US East
2026-06-06,40.3,2,Starter,US West
2026-06-06,39.63,2,Starter,US West
2026-06-06,19.73,1,Starter,US East
2026-06-06,149.61,2,Team,US East
2026-06-06,84.17,1,Team,US East
2026-06-06,38.99,2,Starter,US West
2026-06-06,553.47,2,Business,US West
2026-06-07,19.9,1,Starter,US West
2026-06-07,63.53,3,Starter,US West
2026-06-07,17.65,1,Starter,Europe
2026-06-07,39.07,2,Starter,US East
2026-06-07,2780.84,3,Enterprise,Europe
2026-06-07,77.23,1,Team,APAC
2026-06-07,37.45,2,Starter,US East
2026-06-07,154.32,2,Team,US West
2026-06-07,73.43,1,Team,Europe
2026-06-07,241.54,1,Business,US East
2026-06-07,38.46,2,Starter,US West
2026-06-07,79.69,1,Team,US East
2026-06-07,158.84,2,Team,US East
2026-06-07,83.44,1,Team,US West
2026-06-07,206.2,1,Business,US East
2026-06-07,69.78,1,Team,US West
2026-06-07,172.71,2,Team,US West
2026-06-07,152.35,2,Team,US West
2026-06-07,18.51,1,Starter,Europe
2026-06-07,931.88,1,Enterprise,US West
2026-06-07,249.45,1,Business,US East
2026-06-07,40.28,2,Starter,US West
2026-06-07,157.15,2,Team,US West
2026-06-07,166.54,2,Team,Europe
2026-06-07,1883.88,2,Enterprise,US West
2026-06-07,18.67,1,Starter,US East
2026-06-07,490.62,2,Business,Europe
2026-06-07,19.04,1,Starter,Europe
2026-06-07,20.36,1,Starter,Europe
2026-06-07,40.07,2,Starter,US East
2026-06-07,84.1,1,Team,US West
2026-06-07,257.78,1,Business,US West
2026-06-07,82.51,1,Team,US West
2026-06-07,78.79,1,Team,US West
2026-06-07,40.52,2,Starter,US West
2026-06-07,59.28,3,Starter,APAC
2026-06-07,78.92,1,Team,US West
2026-06-07,18.61,1,Starter,US West
2026-06-07,879.52,1,Enterprise,US West
2026-06-07,257.88,1,Business,Europe
2026-06-07,163.53,2,Team,US East
2026-06-07,146.7,2,Team,US West
2026-06-07,76.51,1,Team,US West
2026-06-07,80.47,1,Team,US East
2026-06-07,76.42,1,Team,Europe
2026-06-08,40.31,2,Starter,APAC
2026-06-08,150.15,2,Team,US West
2026-06-08,34.42,2,Starter,US West
2026-06-08,1703.7,2,Enterprise,US East
2026-06-08,81.03,1,Team,Europe
2026-06-08,34.58,2,Starter,APAC
2026-06-08,83.79,1,Team,US East
2026-06-08,477.2,2,Business,US East
2026-06-08,38.47,2,Starter,APAC
2026-06-08,74.01,1,Team,US West
2026-06-08,37.23,2,Starter,US West
2026-06-08,260.69,1,Business,US West
2026-06-08,244.02,1,Business,US East
2026-06-08,251.46,1,Business,Europe
2026-06-08,462.28,2,Business,US East
2026-06-08,36.73,2,Starter,Europe
2026-06-08,154.9,2,Team,US West
2026-06-08,36.49,2,Starter,US East
2026-06-08,37.53,2,Starter,APAC
2026-06-08,19.85,1,Starter,Europe
2026-06-08,19.15,1,Starter,US East
2026-06-08,37.28,2,Starter,US West
2026-06-08,17.4,1,Starter,US West
2026-06-08,512.0,2,Business,Europe
2026-06-08,19.4,1,Starter,Europe
2026-06-08,225.25,1,Business,Europe
2026-06-08,1839.81,2,Enterprise,US East
2026-06-08,232.63,1,Business,US East
2026-06-08,79.59,1,Team,APAC
2026-06-08,17.08,1,Starter,Europe
2026-06-08,80.11,1,Team,US West
2026-06-08,1815.58,2,Enterprise,US West
2026-06-08,79.05,1,Team,US West
2026-06-08,261.73,1,Business,Europe
2026-06-08,161.94,2,Team,US West
2026-06-08,18.06,1,Starter,US West
2026-06-08,155.07,2,Team,Europe
2026-06-08,479.7,2,Business,US East
2026-06-08,156.19,2,Team,US West
2026-06-08,243.3,1,Business,APAC
2026-06-08,33.46,2,Starter,US East
2026-06-08,142.35,2,Team,US East
2026-06-08,81.24,1,Team,APAC
2026-06-08,84.88,1,Team,Europe
2026-06-08,18.52,1,Starter,US East
2026-06-08,155.2,2,Team,APAC
2026-06-08,39.61,2,Starter,US West
2026-06-08,18.42,1,Starter,Europe
2026-06-08,35.87,2,Starter,US West
2026-06-08,497.59,2,Business,US East
2026-06-08,81.85,1,Team,US East
2026-06-08,39.26,2,Starter,Europe
2026-06-08,927.48,1,Enterprise,Europe
2026-06-08,74.1,1,Team,US West
2026-06-08,74.97,1,Team,US West
2026-06-08,79.38,1,Team,US West
2026-06-08,38.03,2,Starter,US West
2026-06-08,18.55,1,Starter,US East
2026-06-08,19.11,1,Starter,Europe
2026-06-08,80.41,1,Team,US West
2026-06-08,469.85,2,Business,US East
2026-06-08,152.84,2,Team,US East
2026-06-08,81.91,1,Team,US East
2026-06-08,81.43,1,Team,US East
2026-06-08,73.25,1,Team,US East
2026-06-08,19.19,1,Starter,US West
2026-06-08,38.84,2,Starter,Europe
2026-06-08,35.07,2,Starter,US West
2026-06-08,20.42,1,Starter,Europe
2026-06-08,156.23,2,Team,US East
2026-06-08,19.95,1,Starter,Europe
2026-06-08,482.23,2,Business,US West
2026-06-08,165.88,2,Team,APAC
2026-06-08,39.09,2,Starter,Europe
2026-06-08,81.12,1,Team,US East
2026-06-08,39.16,2,Starter,US West
2026-06-08,164.47,2,Team,US West
2026-06-08,220.47,1,Business,Europe
2026-06-08,36.1,2,Starter,US West
2026-06-08,173.71,2,Team,US West
2026-06-08,161.75,2,Team,US West
2026-06-08,236.79,1,Business,APAC
2026-06-08,57.18,3,Starter,US West
2026-06-08,78.26,1,Team,US West
2026-06-08,874.5,1,Enterprise,US East
2026-06-08,18.92,1,Starter,Europe
2026-06-08,78.99,1,Team,US West
2026-06-08,267.02,1,Business,US West
2026-06-08,36.29,2,Starter,US West
2026-06-08,37.99,2,Starter,Europe
2026-06-08,21576.0,24,Enterprise,US East
2026-06-09,58.31,3,Starter,US East
2026-06-09,42.24,2,Starter,US West
2026-06-09,41.13,2,Starter,Europe
2026-06-09,138.58,2,Team,US West
2026-06-09,1680.0,2,Enterprise,US West
2026-06-09,171.38,2,Team,US West
2026-06-09,19.34,1,Starter,US West
2026-06-09,1672.16,2,Enterprise,US East
2026-06-09,39.67,2,Starter,APAC
2026-06-09,37.97,2,Starter,US East
2026-06-09,17.99,1,Starter,Europe
2026-06-09,39.32,2,Starter,US West
2026-06-09,253.27,1,Business,US West
2026-06-09,38.31,2,Starter,Europe
2026-06-09,918.83,1,Enterprise,US West
2026-06-09,160.42,2,Team,US West
2026-06-09,82.06,1,Team,US East
2026-06-09,167.83,2,Team,US West
2026-06-09,36.21,2,Starter,US West
2026-06-09,71.46,1,Team,US East
2026-06-09,37.17,2,Starter,US East
2026-06-09,928.81,1,Enterprise,US West
2026-06-09,168.42,2,Team,US East
2026-06-09,79.6,1,Team,US East
2026-06-09,35.81,2,Starter,US West
2026-06-09,1798.4,2,Enterprise,US East
2026-06-09,18.53,1,Starter,US West
2026-06-09,77.1,1,Team,APAC
2026-06-09,40.12,2,Starter,US West
2026-06-09,39.7,2,Starter,Europe
2026-06-09,81.62,1,Team,US West
2026-06-09,72.95,1,Team,US East
2026-06-09,37.57,2,Starter,US West
2026-06-09,41.13,2,Starter,APAC
2026-06-09,36.77,2,Starter,Europe
2026-06-09,157.79,2,Team,US East
2026-06-09,81.1,1,Team,Europe
2026-06-09,964.12,1,Enterprise,US West
2026-06-09,19.18,1,Starter,Europe
2026-06-09,80.81,1,Team,Europe
2026-06-09,507.86,2,Business,APAC
2026-06-09,66.13,1,Team,APAC
2026-06-09,253.55,1,Business,US West
2026-06-09,38.72,2,Starter,US West
2026-06-09,158.05,2,Team,Europe
2026-06-09,21.38,1,Starter,US West
2026-06-09,165.12,2,Team,APAC
2026-06-09,18.05,1,Starter,US East
2026-06-09,80.68,1,Team,US East
2026-06-09,39.6,2,Starter,US West
2026-06-09,1883.87,2,Enterprise,US East
2026-06-09,38.77,2,Starter,US West
2026-06-09,17.75,1,Starter,US West
2026-06-09,158.99,2,Team,US West
2026-06-09,1007.48,1,Enterprise,Europe
2026-06-09,19.74,1,Starter,Europe
2026-06-09,20.78,1,Starter,Europe
2026-06-09,83.91,1,Team,US East
2026-06-09,79.59,1,Team,US West
2026-06-09,914.3,1,Enterprise,APAC
2026-06-09,38.14,2,Starter,US West
2026-06-09,40.68,2,Starter,Europe
2026-06-09,19.53,1,Starter,Europe
2026-06-09,163.43,2,Team,US East
2026-06-09,36.8,2,Starter,Europe
2026-06-09,271.56,1,Business,US East
2026-06-09,39.96,2,Starter,US East
2026-06-09,227.02,1,Business,APAC
2026-06-09,39.16,2,Starter,US East
2026-06-09,492.69,2,Business,US West
2026-06-09,503.04,2,Business,US West
2026-06-09,469.08,2,Business,US East
2026-06-09,166.99,2,Team,US East
2026-06-09,232.82,1,Business,US West
2026-06-09,915.67,1,Enterprise,US West
2026-06-09,79.62,1,Team,Europe
2026-06-09,19.4,1,Starter,APAC
2026-06-09,75.74,1,Team,APAC
2026-06-09,75.93,1,Team,US East
2026-06-09,18.72,1,Starter,US East
2026-06-09,19.07,1,Starter,Europe
2026-06-09,549.86,2,Business,APAC
2026-06-09,808.9,1,Enterprise,Europe
2026-06-09,36.2,2,Starter,US East
2026-06-09,32.69,2,Starter,US East
2026-06-09,37.78,2,Starter,US East
2026-06-09,156.94,2,Team,Europe
2026-06-09,262.29,1,Business,US East
2026-06-09,256.94,1,Business,US East
2026-06-09,480.06,2,Business,APAC
2026-06-09,164.73,2,Team,US East
2026-06-09,524.91,2,Business,US West
2026-06-09,506.51,2,Business,Europe
2026-06-09,38.39,2,Starter,Europe
2026-06-09,75.4,1,Team,US East
2026-06-09,38.87,2,Starter,US East
2026-06-09,153.63,2,Team,US West
2026-06-09,39.25,2,Starter,US East
2026-06-09,152.97,2,Team,US West
2026-06-09,19.18,1,Starter,US East
2026-06-10,266.99,1,Business,US West
2026-06-10,81.88,1,Team,APAC
2026-06-10,35.82,2,Starter,US West
2026-06-10,17.95,1,Starter,Europe
2026-06-10,18.25,1,Starter,US West
2026-06-10,144.4,2,Team,US East
2026-06-10,152.3,2,Team,US West
2026-06-10,37.8,2,Starter,APAC
2026-06-10,163.64,2,Team,US East
2026-06-10,18.86,1,Starter,US East
2026-06-10,75.84,1,Team,US East
2026-06-10,37.53,2,Starter,US West
2026-06-10,19.02,1,Starter,Europe
2026-06-10,19.26,1,Starter,US West
2026-06-10,39.39,2,Starter,US East
2026-06-10,162.08,2,Team,US East
2026-06-10,37.64,2,Starter,US East
2026-06-10,2622.64,3,Enterprise,US West
2026-06-10,80.3,1,Team,APAC
2026-06-10,235.97,1,Business,Europe
2026-06-10,36.08,2,Starter,APAC
2026-06-10,70.7,1,Team,Europe
2026-06-10,157.2,2,Team,Europe
2026-06-10,18.64,1,Starter,Europe
2026-06-10,930.74,1,Enterprise,APAC
2026-06-10,39.57,2,Starter,US East
2026-06-10,41.79,2,Starter,US East
2026-06-10,81.17,1,Team,US West
2026-06-10,19.57,1,Starter,Europe
2026-06-10,20.14,1,Starter,APAC
2026-06-10,36.34,2,Starter,US East
2026-06-10,41.19,2,Starter,US East
2026-06-10,39.29,2,Starter,US West
2026-06-10,152.38,2,Team,US East
2026-06-10,81.46,1,Team,Europe
2026-06-10,35.26,2,Starter,US East
2026-06-10,269.0,3,Team,Europe
2026-06-10,518.31,2,Business,US West
2026-06-10,78.53,1,Team,US West
2026-06-10,72.51,1,Team,US West
2026-06-10,507.47,2,Business,US West
2026-06-10,156.76,2,Team,US East
2026-06-10,18.66,1,Starter,US West
2026-06-10,19.72,1,Starter,US West
2026-06-10,39.27,2,Starter,Europe
2026-06-10,72.48,1,Team,APAC
2026-06-10,872.61,1,Enterprise,US East
2026-06-10,78.48,1,Team,US East
2026-06-10,254.07,1,Business,US West
2026-06-10,20.63,1,Starter,Europe
2026-06-10,39.96,2,Starter,US West
2026-06-10,83.19,1,Team,APAC
2026-06-10,18.31,1,Starter,US West
2026-06-10,81.78,1,Team,APAC
2026-06-10,19.05,1,Starter,US East
2026-06-10,74.26,1,Team,US East
2026-06-10,158.36,2,Team,US East
2026-06-10,939.46,1,Enterprise,Europe
2026-06-10,82.4,1,Team,US West
2026-06-10,164.87,2,Team,US East
2026-06-10,78.42,1,Team,US West
2026-06-10,39.38,2,Starter,US East
2026-06-10,164.96,2,Team,US West
2026-06-10,37.91,2,Starter,US West
2026-06-10,483.4,2,Business,US West
2026-06-10,18.98,1,Starter,US West
2026-06-10,174.17,2,Team,US East
2026-06-10,84.22,1,Team,US East
2026-06-10,20.31,1,Starter,US East
2026-06-10,37.89,2,Starter,US East
2026-06-10,437.78,2,Business,US East
2026-06-10,20.47,1,Starter,Europe
2026-06-10,263.59,1,Business,US East
2026-06-10,39.19,2,Starter,US East
2026-06-10,78.1,1,Team,APAC
2026-06-10,514.7,2,Business,Europe
2026-06-10,19.72,1,Starter,APAC
2026-06-10,19.99,1,Starter,US West
2026-06-10,163.34,2,Team,APAC
2026-06-10,18.67,1,Starter,APAC
2026-06-10,141.57,2,Team,US East
2026-06-10,35.97,2,Starter,Europe
2026-06-10,245.21,1,Business,US West
2026-06-11,19.32,1,Starter,Europe
2026-06-11,479.02,2,Business,US East
2026-06-11,224.46,1,Business,APAC
2026-06-11,58.17,3,Starter,US West
2026-06-11,148.13,2,Team,US West
2026-06-11,36.91,2,Starter,US West
2026-06-11,164.64,2,Team,US East
2026-06-11,254.54,1,Business,US East
2026-06-11,81.15,1,Team,US East
2026-06-11,38.82,2,Starter,US West
2026-06-11,169.04,2,Team,US West
2026-06-11,18.41,1,Starter,US West
2026-06-11,260.69,1,Business,US East
2026-06-11,157.06,2,Team,US West
2026-06-11,39.06,2,Starter,US East
2026-06-11,875.63,1,Enterprise,US West
2026-06-11,239.49,1,Business,APAC
2026-06-11,82.8,1,Team,US West
2026-06-11,38.45,2,Starter,Europe
2026-06-11,34.88,2,Starter,APAC
2026-06-11,154.03,2,Team,US East
2026-06-11,154.66,2,Team,US West
2026-06-11,77.66,1,Team,US East
2026-06-11,16.96,1,Starter,US East
2026-06-11,75.81,1,Team,US West
2026-06-11,1750.5,2,Enterprise,Europe
2026-06-11,18.95,1,Starter,US West
2026-06-11,37.27,2,Starter,APAC
2026-06-11,250.37,3,Team,US West
2026-06-11,17.58,1,Starter,US West
2026-06-11,38.31,2,Starter,Europe
2026-06-11,18.74,1,Starter,Europe
2026-06-11,71.36,1,Team,Europe
2026-06-11,19.23,1,Starter,US East
2026-06-11,146.16,2,Team,US East
2026-06-11,449.42,2,Business,APAC
2026-06-11,259.11,3,Team,Europe
2026-06-11,247.37,1,Business,US West
2026-06-11,1762.5,2,Enterprise,Europe
2026-06-11,16.78,1,Starter,US East
2026-06-11,156.6,2,Team,US West
2026-06-11,80.29,1,Team,US East
2026-06-11,257.15,1,Business,US East
2026-06-11,20.76,1,Starter,Europe
2026-06-11,245.86,1,Business,US West
2026-06-11,153.81,2,Team,APAC
2026-06-11,17.33,1,Starter,US East
2026-06-11,239.77,3,Team,Europe
2026-06-11,513.04,2,Business,Europe
2026-06-11,150.21,2,Team,US West
2026-06-11,18.14,1,Starter,US West
2026-06-11,18.61,1,Starter,APAC
2026-06-11,42.66,2,Starter,US East
2026-06-11,240.1,1,Business,Europe
2026-06-11,264.67,1,Business,US West
2026-06-11,80.34,1,Team,Europe
2026-06-11,469.28,2,Business,US East
2026-06-11,17.8,1,Starter,APAC
2026-06-11,473.84,2,Business,Europe
2026-06-11,480.4,2,Business,Europe
2026-06-11,37.35,2,Starter,US East
2026-06-11,42.15,2,Starter,US West
2026-06-11,160.05,2,Team,US West
2026-06-11,75.97,1,Team,US West
2026-06-11,80.48,1,Team,APAC
2026-06-12,36.65,2,Starter,US East
2026-06-12,20.91,1,Starter,Europe
2026-06-12,81.97,1,Team,US West
2026-06-12,236.09,1,Business,US West
2026-06-12,58.8,3,Starter,Europe
2026-06-12,37.15,2,Starter,US West
2026-06-12,76.55,1,Team,Europe
2026-06-12,18.34,1,Starter,Europe
2026-06-12,39.98,2,Starter,Europe
2026-06-12,18.12,1,Starter,US East
2026-06-12,19.6,1,Starter,Europe
2026-06-12,18.49,1,Starter,US West
2026-06-12,174.57,2,Team,US East
2026-06-12,81.88,1,Team,US East
2026-06-12,174.99,2,Team,US East
2026-06-12,150.03,2,Team,US East
2026-06-12,876.58,1,Enterprise,US East
2026-06-12,16.51,1,Starter,Europe
2026-06-12,172.6,2,Team,Europe
2026-06-12,264.67,1,Business,US East
2026-06-12,77.52,1,Team,US West
2026-06-12,82.75,1,Team,US East
2026-06-12,504.64,2,Business,US East
2026-06-12,19.13,1,Starter,US East
2026-06-12,19.6,1,Starter,US West
2026-06-12,885.2,1,Enterprise,US East
2026-06-12,17.91,1,Starter,Europe
2026-06-12,18.62,1,Starter,US East
2026-06-12,38.38,2,Starter,US East
2026-06-12,18.58,1,Starter,APAC
2026-06-12,20.11,1,Starter,US West
2026-06-12,74.0,1,Team,US East
2026-06-12,18.61,1,Starter,US West
2026-06-12,18.55,1,Starter,Europe
2026-06-12,1797.75,2,Enterprise,APAC
2026-06-12,246.82,1,Business,Europe
2026-06-12,155.81,2,Team,US East
2026-06-12,36.11,2,Starter,US East
2026-06-12,19.33,1,Starter,US East
2026-06-12,159.19,2,Team,APAC
2026-06-12,37.6,2,Starter,US East
2026-06-12,249.71,1,Business,Europe
2026-06-12,18.68,1,Starter,Europe
2026-06-12,85.68,1,Team,US West
2026-06-12,83.58,1,Team,US East
2026-06-12,515.88,2,Business,US West
2026-06-12,37.44,2,Starter,US West
2026-06-12,924.72,1,Enterprise,US East
2026-06-12,971.6,1,Enterprise,Europe
2026-06-12,38.93,2,Starter,Europe
2026-06-12,237.06,1,Business,Europe
2026-06-12,79.66,1,Team,Europe
2026-06-12,147.33,2,Team,US West
2026-06-12,77.51,1,Team,Europe
2026-06-12,163.82,2,Team,Europe
2026-06-12,19.74,1,Starter,APAC
2026-06-12,20.21,1,Starter,APAC
2026-06-12,75.09,1,Team,US West
2026-06-12,18.6,1,Starter,US East
2026-06-12,167.23,2,Team,APAC
2026-06-12,36.24,2,Starter,US East
2026-06-12,77.72,1,Team,US East
2026-06-12,242.31,1,Business,US West
2026-06-12,20.24,1,Starter,US West
2026-06-12,170.39,2,Team,US East
2026-06-12,752.4,3,Business,US West
2026-06-12,19.5,1,Starter,US West
2026-06-12,81.35,1,Team,US East
2026-06-12,152.85,2,Team,US West
2026-06-12,148.09,2,Team,Europe
2026-06-12,72.59,1,Team,US East
2026-06-12,18.87,1,Starter,US East
2026-06-12,18.97,1,Starter,Europe
2026-06-12,950.36,1,Enterprise,US West
2026-06-12,18.24,1,Starter,US West
2026-06-12,911.05,1,Enterprise,Europe
2026-06-12,936.12,1,Enterprise,US West
2026-06-12,20.15,1,Starter,US East
2026-06-12,475.52,2,Business,APAC
2026-06-12,166.49,2,Team,APAC
2026-06-12,164.89,2,Team,Europe
2026-06-12,457.48,2,Business,APAC
2026-06-12,83.55,1,Team,US East
2026-06-12,40.67,2,Starter,Europe
2026-06-12,18.76,1,Starter,Europe
2026-06-12,169.42,2,Team,US East
2026-06-12,153.31,2,Team,US West
2026-06-12,20.6,1,Starter,US East
2026-06-12,152.3,2,Team,US East
2026-06-12,486.54,2,Business,US East
2026-06-12,81.48,1,Team,Europe
2026-06-12,507.18,2,Business,US West
2026-06-13,79.55,1,Team,US West
2026-06-13,483.95,2,Business,Europe
2026-06-13,34.82,2,Starter,US West
2026-06-13,239.83,1,Business,US West
2026-06-13,154.9,2,Team,US East
2026-06-13,75.3,1,Team,US West
2026-06-13,198.43,3,Team,Europe
2026-06-13,1793.54,2,Enterprise,US East
2026-06-13,245.09,1,Business,APAC
2026-06-13,17.42,1,Starter,Europe
2026-06-13,252.99,3,Team,US West
2026-06-13,17.14,1,Starter,US West
2026-06-13,250.1,1,Business,US West
2026-06-13,38.5,2,Starter,Europe
2026-06-13,877.29,1,Enterprise,US West
2026-06-13,18.98,1,Starter,US East
2026-06-13,236.08,1,Business,Europe
2026-06-13,37.21,2,Starter,US East
2026-06-13,515.78,2,Business,US East
2026-06-13,251.16,3,Team,US West
2026-06-13,252.58,1,Business,US East
2026-06-13,452.75,2,Business,Europe
2026-06-13,247.75,1,Business,Europe
2026-06-13,82.23,1,Team,US East
2026-06-13,18.49,1,Starter,APAC
2026-06-13,162.04,2,Team,US East
2026-06-13,38.8,2,Starter,US West
2026-06-13,18.99,1,Starter,US West
2026-06-13,729.95,3,Business,US West
2026-06-13,254.36,1,Business,Europe
2026-06-13,74.98,1,Team,APAC
2026-06-13,168.34,2,Team,US East
2026-06-13,18.68,1,Starter,US West
2026-06-13,84.43,1,Team,US East
2026-06-13,77.21,1,Team,US West
2026-06-13,158.47,2,Team,Europe
2026-06-13,35.54,2,Starter,APAC
2026-06-13,150.76,2,Team,US West
2026-06-13,80.35,1,Team,US East
2026-06-13,87.31,1,Team,Europe
2026-06-13,20.48,1,Starter,Europe
2026-06-13,147.88,2,Team,US West
2026-06-13,20.42,1,Starter,Europe
2026-06-13,75.82,1,Team,US East
2026-06-13,238.17,1,Business,US East
2026-06-13,161.91,2,Team,Europe
2026-06-13,20.16,1,Starter,Europe
2026-06-13,40.36,2,Starter,US West
2026-06-13,154.94,2,Team,US West
2026-06-14,17.95,1,Starter,US East
2026-06-14,1702.41,2,Enterprise,US West
2026-06-14,177.27,2,Team,US East
2026-06-14,155.92,2,Team,US West
2026-06-14,74.95,1,Team,US East
2026-06-14,156.65,2,Team,US East
2026-06-14,36.18,2,Starter,US West
2026-06-14,82.49,1,Team,US West
2026-06-14,20.01,1,Starter,Europe
2026-06-14,81.71,1,Team,Europe
2026-06-14,35.03,2,Starter,APAC
2026-06-14,255.92,1,Business,Europe
2026-06-14,233.26,1,Business,US East
2026-06-14,79.64,1,Team,Europe
2026-06-14,80.38,1,Team,APAC
2026-06-14,18.23,1,Starter,US West
2026-06-14,55.07,3,Starter,US East
2026-06-14,19.89,1,Starter,US West
2026-06-14,76.49,1,Team,Europe
2026-06-14,38.08,2,Starter,Europe
2026-06-14,914.5,1,Enterprise,Europe
2026-06-14,480.08,2,Business,US East
2026-06-14,18.78,1,Starter,US West
2026-06-14,1659.88,2,Enterprise,US West
2026-06-14,54.31,3,Starter,US East
2026-06-14,234.5,1,Business,US West
2026-06-14,513.96,2,Business,APAC
2026-06-14,141.74,2,Team,Europe
2026-06-14,18.51,1,Starter,APAC
2026-06-14,18.89,1,Starter,Europe
2026-06-14,513.8,2,Business,APAC
2026-06-14,1881.3,2,Enterprise,Europe
2026-06-14,55.82,3,Starter,Europe
2026-06-15,155.86,2,Team,US East
2026-06-15,85.39,1,Team,US East
2026-06-15,522.18,2,Business,US West
2026-06-15,153.58,2,Team,Europe
2026-06-15,265.35,1,Business,US West
2026-06-15,19.59,1,Starter,US East
2026-06-15,932.45,1,Enterprise,Europe
2026-06-15,949.85,1,Enterprise,Europe
2026-06-15,38.61,2,Starter,US East
2026-06-15,19.58,1,Starter,US West
2026-06-15,155.32,2,Team,US East
2026-06-15,155.39,2,Team,US East
2026-06-15,504.11,2,Business,US West
2026-06-15,18.28,1,Starter,Europe
2026-06-15,246.76,1,Business,Europe
2026-06-15,465.37,2,Business,US West
2026-06-15,80.33,1,Team,Europe
2026-06-15,161.55,2,Team,Europe
2026-06-15,162.5,2,Team,US West
2026-06-15,20.29,1,Starter,US West
2026-06-15,17.86,1,Starter,Europe
2026-06-15,40.55,2,Starter,Europe
2026-06-15,1765.23,2,Enterprise,US West
2026-06-15,19.82,1,Starter,US West
2026-06-15,40.41,2,Starter,US East
2026-06-15,35.9,2,Starter,US East
2026-06-15,17.89,1,Starter,US West
2026-06-15,522.37,2,Business,US East
2026-06-15,79.68,1,Team,US East
2026-06-15,18.42,1,Starter,US East
2026-06-15,153.06,2,Team,US West
2026-06-15,981.9,1,Enterprise,US West
2026-06-15,152.66,2,Team,Europe
2026-06-15,505.63,2,Business,US West
2026-06-15,86.2,1,Team,APAC
2026-06-15,35.81,2,Starter,US East
2026-06-15,40.71,2,Starter,Europe
2026-06-15,20.17,1,Starter,US West
2026-06-15,19.25,1,Starter,US West
2026-06-15,1652.56,2,Enterprise,Europe
2026-06-15,480.33,2,Business,US West
2026-06-15,40.38,2,Starter,Europe
2026-06-15,469.23,2,Business,US West
2026-06-15,435.99,2,Business,Europe
2026-06-15,39.57,2,Starter,US West
2026-06-15,36.62,2,Starter,Europe
2026-06-15,19.81,1,Starter,US West
2026-06-15,18.95,1,Starter,US West
2026-06-15,229.88,1,Business,US West
2026-06-15,85.94,1,Team,US East
2026-06-15,487.37,2,Business,US East
2026-06-15,154.48,2,Team,US West
2026-06-15,39.13,2,Starter,US West
2026-06-15,37.33,2,Starter,US East
2026-06-15,142.66,2,Team,APAC
2026-06-15,39.27,2,Starter,US West
2026-06-15,83.46,1,Team,US West
2026-06-15,156.47,2,Team,US West
2026-06-15,501.47,2,Business,Europe
2026-06-15,36.69,2,Starter,US West
2026-06-15,156.82,2,Team,US West
2026-06-15,36.38,2,Starter,US West
2026-06-15,84.79,1,Team,US West
2026-06-16,55.8,3,Starter,US East
2026-06-16,35.76,2,Starter,US West
2026-06-16,269.72,1,Business,US West
2026-06-16,83.13,1,Team,Europe
2026-06-16,242.36,1,Business,APAC
2026-06-16,81.17,1,Team,US West
2026-06-16,513.95,2,Business,US East
2026-06-16,19.32,1,Starter,APAC
2026-06-16,38.38,2,Starter,Europe
2026-06-16,19.44,1,Starter,Europe
2026-06-16,18.97,1,Starter,Europe
2026-06-16,35.44,2,Starter,Europe
2026-06-16,1841.81,2,Enterprise,Europe
2026-06-16,77.46,1,Team,US West
2026-06-16,19.69,1,Starter,US West
2026-06-16,19.25,1,Starter,US West
2026-06-16,18.98,1,Starter,APAC
2026-06-16,37.33,2,Starter,APAC
2026-06-16,18.22,1,Starter,US West
2026-06-16,219.22,1,Business,US East
2026-06-16,80.91,1,Team,US East
2026-06-16,1664.89,2,Enterprise,US West
2026-06-16,910.15,1,Enterprise,US West
2026-06-16,18.25,1,Starter,US West
2026-06-16,156.06,2,Team,US East
2026-06-16,233.06,1,Business,US West
2026-06-16,18.03,1,Starter,US East
2026-06-16,472.89,2,Business,US West
2026-06-16,152.08,2,Team,US West
2026-06-16,18.37,1,Starter,Europe
2026-06-16,181.46,2,Team,US West
2026-06-16,248.97,3,Team,US East
2026-06-16,17.89,1,Starter,US East
2026-06-16,19.93,1,Starter,US West
2026-06-16,789.97,3,Business,Europe
2026-06-16,270.85,1,Business,US West
2026-06-16,227.21,1,Business,US West
2026-06-16,490.55,2,Business,US East
2026-06-16,41.37,2,Starter,US West
2026-06-16,83.14,1,Team,US East
2026-06-16,75.7,1,Team,Europe
2026-06-16,19.69,1,Starter,US West
2026-06-16,84.83,1,Team,US East
2026-06-16,75.66,1,Team,US East
2026-06-16,916.65,1,Enterprise,Europe
2026-06-16,20.59,1,Starter,US East
2026-06-16,21.23,1,Starter,US West
2026-06-16,242.72,1,Business,US West
2026-06-16,41.09,2,Starter,US East
2026-06-16,18.43,1,Starter,Europe
2026-06-16,81.89,1,Team,Europe
2026-06-16,19.51,1,Starter,Europe
2026-06-16,514.1,2,Business,US East
2026-06-16,525.8,2,Business,US West
2026-06-16,19.18,1,Starter,US West
2026-06-16,280.13,1,Business,US West
2026-06-16,1761.37,2,Enterprise,US East
2026-06-16,888.65,1,Enterprise,US West
2026-06-16,19.46,1,Starter,US East
2026-06-16,244.55,1,Business,US East
2026-06-16,81.19,1,Team,US West
2026-06-16,18.87,1,Starter,Europe
2026-06-16,71.8,1,Team,US East
2026-06-16,57.39,3,Starter,US East
2026-06-17,1795.39,2,Enterprise,US West
2026-06-17,54.59,3,Starter,Europe
2026-06-17,152.49,2,Team,US West
2026-06-17,84.28,1,Team,US East
2026-06-17,232.98,3,Team,US East
2026-06-17,37.22,2,Starter,US East
2026-06-17,19.17,1,Starter,US West
2026-06-17,40.36,2,Starter,US West
2026-06-17,36.34,2,Starter,Europe
2026-06-17,81.03,1,Team,US East
2026-06-17,75.12,1,Team,US West
2026-06-17,260.96,1,Business,APAC
2026-06-17,18.86,1,Starter,US East
2026-06-17,19.53,1,Starter,US West
2026-06-17,261.4,1,Business,US West
2026-06-17,878.89,1,Enterprise,US West
2026-06-17,171.07,2,Team,US East
2026-06-17,36.34,2,Starter,Europe
2026-06-17,160.13,2,Team,US West
2026-06-17,257.61,1,Business,US West
2026-06-17,248.74,1,Business,US West
2026-06-17,18.55,1,Starter,APAC
2026-06-17,34.77,2,Starter,Europe
2026-06-17,457.14,2,Business,US West
2026-06-17,175.98,2,Team,Europe
2026-06-17,1720.9,2,Enterprise,US East
2026-06-17,78.43,1,Team,US East
2026-06-17,267.5,1,Business,US West
2026-06-17,158.47,2,Team,US East
2026-06-17,251.19,1,Business,US East
2026-06-17,502.21,2,Business,Europe
2026-06-17,244.25,1,Business,US East
2026-06-17,36.69,2,Starter,US East
2026-06-17,491.84,2,Business,APAC
2026-06-17,233.88,3,Team,US West
2026-06-17,162.58,2,Team,US West
2026-06-17,76.53,1,Team,US West
2026-06-17,152.21,2,Team,US West
2026-06-17,39.19,2,Starter,US West
2026-06-17,19.78,1,Starter,US West
2026-06-17,34.96,2,Starter,US West
2026-06-17,19.31,1,Starter,Europe
2026-06-17,154.49,2,Team,APAC
2026-06-17,475.08,2,Business,US East
2026-06-17,1792.47,2,Enterprise,US East
2026-06-17,1840.56,2,Enterprise,US West
2026-06-17,17.99,1,Starter,Europe
2026-06-17,38.47,2,Starter,US East
2026-06-17,232.55,1,Business,Europe
2026-06-17,79.32,1,Team,US West
2026-06-17,18.44,1,Starter,US East
2026-06-17,38.71,2,Starter,Europe
2026-06-17,168.44,2,Team,US East
2026-06-17,39.12,2,Starter,Europe
2026-06-17,890.62,1,Enterprise,Europe
2026-06-17,164.58,2,Team,US West
2026-06-17,851.92,1,Enterprise,US East
2026-06-17,154.57,2,Team,Europe
2026-06-17,37.11,2,Starter,US West
2026-06-17,37.06,2,Starter,Europe
2026-06-17,892.52,1,Enterprise,Europe
2026-06-17,18.56,1,Starter,Europe
2026-06-17,172.29,2,Team,US West
2026-06-17,17.34,1,Starter,US West
2026-06-17,17.84,1,Starter,US East
2026-06-17,37.94,2,Starter,Europe
2026-06-17,1849.28,2,Enterprise,US East
2026-06-17,75.35,1,Team,APAC
2026-06-17,38.06,2,Starter,APAC
2026-06-17,78.96,1,Team,US East
2026-06-17,254.71,1,Business,US East
2026-06-17,18.91,1,Starter,US East
2026-06-17,34.47,2,Starter,Europe
2026-06-17,79.97,1,Team,US West
2026-06-17,19.71,1,Starter,US West
2026-06-17,514.33,2,Business,US East
2026-06-17,76.93,1,Team,APAC
2026-06-18,18.39,1,Starter,Europe
2026-06-18,42.17,2,Starter,Europe
2026-06-18,79.78,1,Team,US West
2026-06-18,241.02,1,Business,APAC
2026-06-18,18.7,1,Starter,US East
2026-06-18,38.2,2,Starter,Europe
2026-06-18,253.99,1,Business,US West
2026-06-18,19.24,1,Starter,US West
2026-06-18,18.17,1,Starter,US East
2026-06-18,39.89,2,Starter,US East
2026-06-18,18.57,1,Starter,US West
2026-06-18,243.84,1,Business,US East
2026-06-18,251.47,1,Business,US East
2026-06-18,161.27,2,Team,Europe
2026-06-18,252.25,1,Business,Europe
2026-06-18,85.87,1,Team,US East
2026-06-18,79.71,1,Team,US West
2026-06-18,17.13,1,Starter,US East
2026-06-18,160.17,2,Team,US West
2026-06-18,82.76,1,Team,US West
2026-06-18,254.32,1,Business,Europe
2026-06-18,239.93,1,Business,US West
2026-06-18,884.34,1,Enterprise,US East
2026-06-18,233.71,1,Business,US East
2026-06-18,39.93,2,Starter,Europe
2026-06-18,240.94,1,Business,US West
2026-06-18,38.3,2,Starter,US East
2026-06-18,479.47,2,Business,US West
2026-06-18,20.08,1,Starter,US East
2026-06-18,150.3,2,Team,Europe
2026-06-18,73.84,1,Team,US West
2026-06-18,77.43,1,Team,US East
2026-06-18,17.55,1,Starter,US East
2026-06-18,37.33,2,Starter,US East
2026-06-18,33.45,2,Starter,Europe
2026-06-18,19.81,1,Starter,US West
2026-06-18,1815.68,2,Enterprise,US East
2026-06-18,20.3,1,Starter,US West
2026-06-18,38.42,2,Starter,US West
2026-06-18,154.12,2,Team,APAC
2026-06-18,19.94,1,Starter,US West
2026-06-18,71.62,1,Team,US East
2026-06-18,74.91,1,Team,US East
2026-06-18,1753.37,2,Enterprise,US West
2026-06-18,257.31,1,Business,APAC
2026-06-18,486.83,2,Business,US West
2026-06-18,144.92,2,Team,US East
2026-06-18,157.48,2,Team,Europe
2026-06-18,79.1,1,Team,Europe
2026-06-18,39.3,2,Starter,US West
2026-06-18,19.41,1,Starter,US West
2026-06-18,38.92,2,Starter,US West
2026-06-18,83.08,1,Team,US East
2026-06-18,1864.22,2,Enterprise,Europe
2026-06-18,36.37,2,Starter,US East
2026-06-18,17.62,1,Starter,US East
2026-06-18,488.88,2,Business,US East
2026-06-18,78.45,1,Team,US West
2026-06-18,37.39,2,Starter,US East
2026-06-18,88.35,1,Team,Europe
2026-06-18,18.4,1,Starter,Europe
2026-06-18,21.55,1,Starter,US East
2026-06-18,39.75,2,Starter,US East
2026-06-18,58.75,3,Starter,APAC
2026-06-18,727.8,3,Business,Europe
2026-06-18,73.78,1,Team,US East
2026-06-18,264.17,1,Business,US East
2026-06-18,146.73,2,Team,US West
2026-06-18,17.52,1,Starter,US West
2026-06-18,146.53,2,Team,APAC
2026-06-18,19.42,1,Starter,US East
2026-06-18,19.89,1,Starter,US East
2026-06-18,156.56,2,Team,US West
2026-06-18,41.27,2,Starter,US West
2026-06-18,250.25,1,Business,US West
2026-06-18,82.75,1,Team,US West
2026-06-18,145.15,2,Team,Europe
2026-06-18,20.24,1,Starter,US East
2026-06-18,80.53,1,Team,US East
2026-06-18,256.77,1,Business,US West
2026-06-18,160.46,2,Team,APAC
2026-06-18,80.98,1,Team,US West
2026-06-18,19.42,1,Starter,US East
2026-06-19,867.81,1,Enterprise,US East
2026-06-19,157.32,2,Team,US East
2026-06-19,156.21,2,Team,Europe
2026-06-19,39.72,2,Starter,US East
2026-06-19,77.17,1,Team,US West
2026-06-19,84.91,1,Team,US West
2026-06-19,155.44,2,Team,US East
2026-06-19,220.67,3,Team,US West
2026-06-19,20.81,1,Starter,US West
2026-06-19,868.36,1,Enterprise,Europe
2026-06-19,35.23,2,Starter,US West
2026-06-19,70.58,1,Team,Europe
2026-06-19,18.38,1,Starter,US West
2026-06-19,162.16,2,Team,US West
2026-06-19,137.95,2,Team,Europe
2026-06-19,18.32,1,Starter,US West
2026-06-19,19.46,1,Starter,Europe
2026-06-19,81.2,1,Team,APAC
2026-06-19,1877.78,2,Enterprise,US West
2026-06-19,36.73,2,Starter,APAC
2026-06-19,261.15,1,Business,US West
2026-06-19,495.23,2,Business,US West
2026-06-19,75.56,1,Team,US West
2026-06-19,18.73,1,Starter,APAC
2026-06-19,157.79,2,Team,Europe
2026-06-19,77.3,1,Team,US East
2026-06-19,80.81,1,Team,US West
2026-06-19,75.8,1,Team,Europe
2026-06-19,148.59,2,Team,APAC
2026-06-19,77.77,1,Team,US West
2026-06-19,17.08,1,Starter,US East
2026-06-19,18.59,1,Starter,US West
2026-06-19,34.72,2,Starter,US East
2026-06-19,17.25,1,Starter,US East
2026-06-19,38.45,2,Starter,US East
2026-06-19,83.42,1,Team,US West
2026-06-19,79.88,1,Team,Europe
2026-06-19,163.58,2,Team,Europe
2026-06-19,76.15,1,Team,US West
2026-06-19,36.89,2,Starter,US West
2026-06-19,17.83,1,Starter,Europe
2026-06-19,74.74,1,Team,US East
2026-06-19,235.62,1,Business,US West
2026-06-19,19.22,1,Starter,US West
2026-06-19,77.15,1,Team,US East
2026-06-19,18.36,1,Starter,Europe
2026-06-19,20.24,1,Starter,US West
2026-06-19,19.44,1,Starter,US East
2026-06-19,156.66,2,Team,US East
2026-06-19,39.48,2,Starter,US West
2026-06-19,161.51,2,Team,Europe
2026-06-19,1845.37,2,Enterprise,US West
2026-06-19,67.51,1,Team,Europe
2026-06-19,19.13,1,Starter,US West
2026-06-19,235.8,1,Business,Europe
2026-06-19,258.39,1,Business,US West
2026-06-19,35.07,2,Starter,Europe
2026-06-19,83.19,1,Team,Europe
2026-06-19,16.68,1,Starter,US East
2026-06-19,79.53,1,Team,US East
2026-06-19,39.82,2,Starter,US East
2026-06-19,38.32,2,Starter,US East
2026-06-19,515.95,2,Business,US West
2026-06-19,138.91,2,Team,US West
2026-06-19,71.82,1,Team,US West
2026-06-19,36.49,2,Starter,US East
2026-06-19,69.15,1,Team,US East
2026-06-19,18.83,1,Starter,US West
2026-06-19,39.35,2,Starter,US East
2026-06-19,256.29,1,Business,Europe
2026-06-19,227.08,1,Business,Europe
2026-06-19,170.09,2,Team,Europe
2026-06-19,164.02,2,Team,US East
2026-06-19,502.21,2,Business,Europe
2026-06-19,142.82,2,Team,US West
2026-06-19,59.81,3,Starter,Europe
2026-06-19,21.14,1,Starter,US East
2026-06-19,19.64,1,Starter,US East
2026-06-19,823.95,1,Enterprise,US West
2026-06-19,78.21,1,Team,Europe
2026-06-19,73.3,1,Team,US West
2026-06-19,19.5,1,Starter,US West
2026-06-19,36.15,2,Starter,US East
2026-06-19,19.18,1,Starter,Europe
2026-06-19,252.53,1,Business,Europe
2026-06-19,257.17,1,Business,US East
2026-06-19,19.28,1,Starter,US East
2026-06-19,18.36,1,Starter,Europe
2026-06-19,73.63,1,Team,US West
2026-06-19,20.2,1,Starter,US West
2026-06-20,18.82,1,Starter,US East
2026-06-20,159.04,2,Team,US East
2026-06-20,38.04,2,Starter,US West
2026-06-20,82.92,1,Team,Europe
2026-06-20,18.66,1,Starter,Europe
2026-06-20,502.97,2,Business,US West
2026-06-20,20.15,1,Starter,US East
2026-06-20,17.68,1,Starter,US East
2026-06-20,39.28,2,Starter,US West
2026-06-20,243.64,1,Business,Europe
2026-06-20,82.23,1,Team,US East
2026-06-20,510.06,2,Business,US West
2026-06-20,18.51,1,Starter,US East
2026-06-20,18.98,1,Starter,Europe
2026-06-20,39.57,2,Starter,APAC
2026-06-20,950.28,1,Enterprise,US West
2026-06-20,35.5,2,Starter,US East
2026-06-20,19.39,1,Starter,Europe
2026-06-20,19.84,1,Starter,APAC
2026-06-20,18.36,1,Starter,US East
2026-06-20,86.15,1,Team,Europe
2026-06-20,227.78,1,Business,US West
2026-06-20,164.88,2,Team,US East
2026-06-20,230.57,3,Team,US West
2026-06-20,171.24,2,Team,APAC
2026-06-20,819.04,1,Enterprise,US West
2026-06-20,1754.05,2,Enterprise,US West
2026-06-20,18.12,1,Starter,US East
2026-06-20,901.25,1,Enterprise,US West
2026-06-20,912.18,1,Enterprise,US East
2026-06-20,75.95,1,Team,Europe
2026-06-20,1877.3,2,Enterprise,Europe
2026-06-20,76.11,1,Team,US West
2026-06-20,18.53,1,Starter,US West
2026-06-20,89.97,1,Team,US West
2026-06-20,76.86,1,Team,Europe
2026-06-20,53.81,3,Starter,US West
2026-06-20,19.71,1,Starter,APAC
2026-06-21,38.38,2,Starter,US East
2026-06-21,261.74,1,Business,US West
2026-06-21,169.03,2,Team,US West
2026-06-21,16.88,1,Starter,US West
2026-06-21,53.55,3,Starter,Europe
2026-06-21,930.65,1,Enterprise,Europe
2026-06-21,18.92,1,Starter,US West
2026-06-21,18.52,1,Starter,US West
2026-06-21,39.99,2,Starter,US West
2026-06-21,890.69,1,Enterprise,US West
2026-06-21,17.98,1,Starter,US West
2026-06-21,77.79,1,Team,US West
2026-06-21,78.11,1,Team,US West
2026-06-21,36.34,2,Starter,US West
2026-06-21,479.1,2,Business,US West
2026-06-21,268.47,1,Business,US East
2026-06-21,19.1,1,Starter,Europe
2026-06-21,85.69,1,Team,US East
2026-06-21,37.86,2,Starter,US East
2026-06-21,145.46,2,Team,US West
2026-06-21,78.17,1,Team,Europe
2026-06-21,155.48,2,Team,US West
2026-06-21,38.28,2,Starter,US East
2026-06-21,160.45,2,Team,US West
2026-06-21,846.56,1,Enterprise,US West
2026-06-21,151.5,2,Team,US West
2026-06-21,19.36,1,Starter,APAC
2026-06-21,710.44,3,Business,US West
2026-06-21,241.56,1,Business,APAC
2026-06-21,74.31,1,Team,US West
2026-06-21,19.96,1,Starter,Europe
2026-06-21,82.25,1,Team,US West
2026-06-21,40.34,2,Starter,Europe
2026-06-21,162.31,2,Team,Europe
2026-06-22,163.9,2,Team,Europe
2026-06-22,18.57,1,Starter,US East
2026-06-22,791.15,1,Enterprise,US West
2026-06-22,37.63,2,Starter,US East
2026-06-22,19.15,1,Starter,US East
2026-06-22,17.97,1,Starter,Europe
2026-06-22,901.68,1,Enterprise,US East
2026-06-22,150.43,2,Team,US East
2026-06-22,163.43,2,Team,US West
2026-06-22,501.16,2,Business,Europe
2026-06-22,511.66,2,Business,US East
2026-06-22,37.42,2,Starter,US East
2026-06-22,35.29,2,Starter,Europe
2026-06-22,56.11,3,Starter,US West
2026-06-22,245.18,1,Business,Europe
2026-06-22,35.47,2,Starter,Europe
2026-06-22,461.6,2,Business,APAC
2026-06-22,481.49,2,Business,US West
2026-06-22,153.83,2,Team,US East
2026-06-22,1703.92,2,Enterprise,US East
2026-06-22,35.26,2,Starter,APAC
2026-06-22,19.58,1,Starter,US West
2026-06-22,909.52,1,Enterprise,Europe
2026-06-22,80.98,1,Team,Europe
2026-06-22,18.0,1,Starter,Europe
2026-06-22,155.31,2,Team,US West
2026-06-22,19.66,1,Starter,US West
2026-06-22,18.83,1,Starter,US East
2026-06-22,19.17,1,Starter,US East
2026-06-22,163.85,2,Team,US East
2026-06-22,18.01,1,Starter,Europe
2026-06-22,250.38,1,Business,US East
2026-06-22,164.31,2,Team,Europe
2026-06-22,494.95,2,Business,Europe
2026-06-22,232.58,1,Business,APAC
2026-06-22,160.07,2,Team,APAC
2026-06-22,249.67,1,Business,US East
2026-06-22,284.22,1,Business,US East
2026-06-22,75.38,1,Team,US East
2026-06-22,35.73,2,Starter,Europe
2026-06-22,514.27,2,Business,US East
2026-06-22,40.03,2,Starter,Europe
2026-06-22,237.7,1,Business,US East
2026-06-22,42.09,2,Starter,Europe
2026-06-22,154.2,2,Team,Europe
2026-06-22,39.15,2,Starter,Europe
2026-06-22,708.56,3,Business,Europe
2026-06-22,79.66,1,Team,US West
2026-06-22,159.67,2,Team,US East
2026-06-22,19.16,1,Starter,US West
2026-06-22,80.59,1,Team,Europe
2026-06-22,490.95,2,Business,US East
2026-06-22,888.95,1,Enterprise,US West
2026-06-22,153.85,2,Team,US West
2026-06-22,17.7,1,Starter,US West
2026-06-22,17.81,1,Starter,US West
2026-06-22,1718.17,2,Enterprise,Europe
2026-06-22,17.75,1,Starter,US West
2026-06-22,244.32,1,Business,US East
2026-06-22,230.79,3,Team,Europe
2026-06-22,921.87,1,Enterprise,US East
2026-06-22,75.85,1,Team,US West
2026-06-22,19.5,1,Starter,US East
2026-06-22,36.54,2,Starter,US East
2026-06-22,484.22,2,Business,US East
2026-06-22,18.37,1,Starter,Europe
2026-06-22,18.78,1,Starter,US East
2026-06-22,171.19,2,Team,US West
2026-06-22,18.18,1,Starter,US East
2026-06-22,39.67,2,Starter,US East
2026-06-22,481.27,2,Business,US East
2026-06-22,477.52,2,Business,US West
2026-06-22,74.66,1,Team,APAC
2026-06-22,36.42,2,Starter,APAC
2026-06-22,69.07,1,Team,US West
2026-06-22,249.61,1,Business,US East
2026-06-22,82.28,1,Team,US West
2026-06-22,157.72,2,Team,US West
2026-06-22,38.56,2,Starter,Europe
2026-06-22,37.44,2,Starter,APAC
2026-06-22,146.2,2,Team,Europe
2026-06-22,76.77,1,Team,US East
2026-06-22,75.43,1,Team,US West
2026-06-22,18.04,1,Starter,US East
2026-06-22,17.53,1,Starter,US East
2026-06-23,165.58,2,Team,US East
2026-06-23,74.95,1,Team,US East
2026-06-23,17.74,1,Starter,US West
2026-06-23,54.79,3,Starter,US East
2026-06-23,922.35,1,Enterprise,Europe
2026-06-23,18.83,1,Starter,US West
2026-06-23,152.72,2,Team,US East
2026-06-23,246.78,1,Business,APAC
2026-06-23,498.92,2,Business,US East
2026-06-23,155.13,2,Team,APAC
2026-06-23,19.49,1,Starter,US East
2026-06-23,36.28,2,Starter,Europe
2026-06-23,82.38,1,Team,US West
2026-06-23,35.48,2,Starter,Europe
2026-06-23,1824.59,2,Enterprise,US East
2026-06-23,38.37,2,Starter,Europe
2026-06-23,41.62,2,Starter,US West
2026-06-23,18.15,1,Starter,US East
2026-06-23,19.33,1,Starter,US East
2026-06-23,74.8,1,Team,US East
2026-06-23,18.99,1,Starter,Europe
2026-06-23,259.07,1,Business,US East
2026-06-23,470.08,2,Business,US West
2026-06-23,77.73,1,Team,Europe
2026-06-23,19.82,1,Starter,US East
2026-06-23,79.09,1,Team,Europe
2026-06-23,81.56,1,Team,US East
2026-06-23,18.56,1,Starter,APAC
2026-06-23,73.59,1,Team,APAC
2026-06-23,17.06,1,Starter,Europe
2026-06-23,511.73,2,Business,Europe
2026-06-23,17.94,1,Starter,US East
2026-06-23,17.39,1,Starter,US West
2026-06-23,19.84,1,Starter,Europe
2026-06-23,74.17,1,Team,Europe
2026-06-23,165.1,2,Team,US West
2026-06-23,18.72,1,Starter,US West
2026-06-23,41.84,2,Starter,Europe
2026-06-23,78.54,1,Team,APAC
2026-06-23,264.36,1,Business,US West
2026-06-23,18.37,1,Starter,APAC
2026-06-23,18.54,1,Starter,Europe
2026-06-23,18.69,1,Starter,US East
2026-06-23,497.19,2,Business,Europe
2026-06-23,18.06,1,Starter,US West
2026-06-23,152.35,2,Team,US West
2026-06-23,19.35,1,Starter,APAC
2026-06-23,39.33,2,Starter,US West
2026-06-23,843.17,1,Enterprise,US East
2026-06-23,159.57,2,Team,APAC
2026-06-23,20.98,1,Starter,US West
2026-06-23,247.12,1,Business,US East
2026-06-23,18.71,1,Starter,US East
2026-06-23,38.15,2,Starter,US East
2026-06-23,18.02,1,Starter,Europe
2026-06-23,75.82,1,Team,APAC
2026-06-23,20.32,1,Starter,US West
2026-06-23,22.48,1,Starter,US East
2026-06-23,234.31,3,Team,US West
2026-06-23,229.2,1,Business,US West
2026-06-23,80.73,1,Team,US East
2026-06-23,18.73,1,Starter,US East
2026-06-23,40.49,2,Starter,Europe
2026-06-23,37.53,2,Starter,APAC
2026-06-23,82.29,1,Team,US West
2026-06-23,265.53,1,Business,US West
2026-06-23,20.21,1,Starter,US East
2026-06-23,505.67,2,Business,Europe
2026-06-23,72.04,1,Team,US West
2026-06-23,250.67,1,Business,US West
2026-06-23,83.25,1,Team,US East
2026-06-23,264.87,1,Business,US West
2026-06-23,17.76,1,Starter,Europe
2026-06-23,170.03,2,Team,Europe
2026-06-23,77.3,1,Team,US East
2026-06-23,80.49,1,Team,US West
2026-06-23,82.8,1,Team,APAC
2026-06-23,18.78,1,Starter,Europe
2026-06-23,171.25,2,Team,APAC
2026-06-23,947.14,1,Enterprise,US West
2026-06-23,160.99,2,Team,US West
2026-06-24,19.01,1,Starter,US West
2026-06-24,213.73,1,Business,US West
2026-06-24,78.36,1,Team,US West
2026-06-24,71.56,1,Team,APAC
2026-06-24,898.39,1,Enterprise,US East
2026-06-24,157.76,2,Team,US West
2026-06-24,82.59,1,Team,US East
2026-06-24,56.67,3,Starter,US West
2026-06-24,154.85,2,Team,US West
2026-06-24,77.85,1,Team,US West
2026-06-24,152.31,2,Team,US East
2026-06-24,225.4,1,Business,APAC
2026-06-24,41.09,2,Starter,US East
2026-06-24,18.79,1,Starter,APAC
2026-06-24,499.76,2,Business,Europe
2026-06-24,18.78,1,Starter,US East
2026-06-24,71.93,1,Team,Europe
2026-06-24,253.01,1,Business,US West
2026-06-24,74.82,1,Team,Europe
2026-06-24,75.93,1,Team,APAC
2026-06-24,259.25,1,Business,US East
2026-06-24,78.2,1,Team,Europe
2026-06-24,155.84,2,Team,Europe
2026-06-24,257.41,1,Business,Europe
2026-06-24,139.0,2,Team,US East
2026-06-24,18.7,1,Starter,US East
2026-06-24,40.22,2,Starter,US East
2026-06-24,1784.83,2,Enterprise,US East
2026-06-24,40.69,2,Starter,US West
2026-06-24,167.07,2,Team,Europe
2026-06-24,165.04,2,Team,Europe
2026-06-24,42.43,2,Starter,US West
2026-06-24,37.83,2,Starter,Europe
2026-06-24,81.19,1,Team,US West
2026-06-24,18.42,1,Starter,Europe
2026-06-24,17.51,1,Starter,Europe
2026-06-24,20.29,1,Starter,Europe
2026-06-24,833.69,1,Enterprise,Europe
2026-06-24,19.54,1,Starter,US East
2026-06-24,80.19,1,Team,US West
2026-06-24,18.78,1,Starter,US West
2026-06-24,909.87,1,Enterprise,Europe
2026-06-24,19.56,1,Starter,Europe
2026-06-24,79.82,1,Team,Europe
2026-06-24,37.98,2,Starter,US West
2026-06-24,163.0,2,Team,US West
2026-06-24,81.37,1,Team,US West
2026-06-24,17.98,1,Starter,US East
2026-06-24,79.28,1,Team,US East
2026-06-24,916.1,1,Enterprise,US West
2026-06-24,74.49,1,Team,US East
2026-06-24,257.95,1,Business,US West
2026-06-24,37.12,2,Starter,US West
2026-06-24,1805.44,2,Enterprise,Europe
2026-06-24,39.02,2,Starter,US East
2026-06-24,78.27,1,Team,Europe
2026-06-24,80.34,1,Team,APAC
2026-06-24,18.94,1,Starter,US West
2026-06-24,158.58,2,Team,US East
2026-06-24,158.51,2,Team,US West
2026-06-24,502.08,2,Business,US East
2026-06-24,39.47,2,Starter,US East
2026-06-24,169.94,2,Team,Europe
2026-06-24,19.28,1,Starter,Europe
2026-06-24,19.37,1,Starter,US East
2026-06-24,17.37,1,Starter,Europe
2026-06-24,19.19,1,Starter,US East
2026-06-24,56.64,3,Starter,US West
2026-06-24,158.0,2,Team,US West
2026-06-24,77.89,1,Team,US West
2026-06-24,18.53,1,Starter,Europe
2026-06-24,72.38,1,Team,Europe
2026-06-24,18.71,1,Starter,Europe
2026-06-24,17.18,1,Starter,US West
2026-06-24,18.75,1,Starter,Europe
2026-06-24,19.35,1,Starter,US East
2026-06-24,19.98,1,Starter,Europe
2026-06-24,76.79,1,Team,Europe
2026-06-24,19.46,1,Starter,Europe
2026-06-24,877.14,1,Enterprise,APAC
2026-06-24,86.38,1,Team,US West
2026-06-24,78.81,1,Team,US West
2026-06-24,39.6,2,Starter,US West
2026-06-24,81.39,1,Team,US East
2026-06-24,257.5,1,Business,APAC
2026-06-24,74.89,1,Team,US West
2026-06-24,76.07,1,Team,US East
2026-06-24,82.34,1,Team,US West
2026-06-24,243.2,3,Team,Europe
2026-06-24,175.65,2,Team,US West
2026-06-24,155.88,2,Team,US East
2026-06-24,19.27,1,Starter,US East
2026-06-24,478.76,2,Business,US East
2026-06-24,245.36,1,Business,US West
2026-06-24,18.89,1,Starter,US West
2026-06-25,18.08,1,Starter,US West
2026-06-25,470.88,2,Business,US East
2026-06-25,78.59,1,Team,US West
2026-06-25,18.53,1,Starter,US East
2026-06-25,233.26,1,Business,US West
2026-06-25,75.62,1,Team,US East
2026-06-25,84.63,1,Team,Europe
2026-06-25,18.74,1,Starter,US East
2026-06-25,158.32,2,Team,Europe
2026-06-25,18.11,1,Starter,US West
2026-06-25,37.07,2,Starter,US West
2026-06-25,522.6,2,Business,US West
2026-06-25,153.26,2,Team,US East
2026-06-25,18.28,1,Starter,US West
2026-06-25,37.14,2,Starter,US East
2026-06-25,480.96,2,Business,US West
2026-06-25,82.44,1,Team,US East
2026-06-25,164.02,2,Team,APAC
2026-06-25,18.95,1,Starter,Europe
2026-06-25,487.47,2,Business,APAC
2026-06-25,1862.43,2,Enterprise,US East
2026-06-25,34.35,2,Starter,Europe
2026-06-25,81.79,1,Team,Europe
2026-06-25,19.75,1,Starter,Europe
2026-06-25,75.22,1,Team,Europe
2026-06-25,165.96,2,Team,APAC
2026-06-25,792.65,1,Enterprise,Europe
2026-06-25,154.33,2,Team,US East
2026-06-25,78.26,1,Team,US West
2026-06-25,77.58,1,Team,Europe
2026-06-25,41.19,2,Starter,Europe
2026-06-25,1744.58,2,Enterprise,APAC
2026-06-25,18.41,1,Starter,Europe
2026-06-25,804.13,1,Enterprise,Europe
2026-06-25,152.88,2,Team,US East
2026-06-25,76.72,1,Team,Europe
2026-06-25,496.47,2,Business,US East
2026-06-25,541.0,2,Business,US West
2026-06-25,870.36,1,Enterprise,Europe
2026-06-25,20.35,1,Starter,Europe
2026-06-25,76.31,1,Team,APAC
2026-06-25,862.4,1,Enterprise,Europe
2026-06-25,39.5,2,Starter,US West
2026-06-25,146.5,2,Team,US East
2026-06-25,19.47,1,Starter,US West
2026-06-25,245.42,1,Business,Europe
2026-06-25,18.93,1,Starter,US West
2026-06-25,154.59,2,Team,Europe
2026-06-25,18.1,1,Starter,US East
2026-06-25,83.11,1,Team,Europe
2026-06-25,19.51,1,Starter,US East
2026-06-25,19.56,1,Starter,US West
2026-06-25,989.27,1,Enterprise,Europe
2026-06-25,18.98,1,Starter,US West
2026-06-25,170.77,2,Team,US West
2026-06-25,40.25,2,Starter,US East
2026-06-25,18.95,1,Starter,US West
2026-06-25,17.9,1,Starter,US West
2026-06-25,150.63,2,Team,US West
2026-06-25,155.16,2,Team,US West
2026-06-25,18.52,1,Starter,US East
2026-06-25,41.79,2,Starter,Europe
2026-06-25,78.79,1,Team,US East
2026-06-25,150.58,2,Team,US East
2026-06-25,487.88,2,Business,US East
2026-06-25,77.17,1,Team,Europe
2026-06-25,19.74,1,Starter,US West
2026-06-25,17.93,1,Starter,US East
2026-06-25,35.77,2,Starter,Europe
2026-06-25,153.95,2,Team,US East
2026-06-25,162.26,2,Team,Europe
2026-06-25,77.66,1,Team,US East
2026-06-25,39.08,2,Starter,US East
2026-06-25,38.33,2,Starter,US West
2026-06-25,81.74,1,Team,US East
2026-06-25,19.41,1,Starter,Europe
2026-06-25,862.3,1,Enterprise,US West
2026-06-25,84.81,1,Team,US West
2026-06-25,518.86,2,Business,Europe
2026-06-25,37.92,2,Starter,US West
2026-06-25,207.6,1,Business,US West
2026-06-25,77.31,1,Team,Europe
2026-06-25,498.97,2,Business,Europe
2026-06-25,77.43,1,Team,US East
2026-06-25,38.89,2,Starter,US West
2026-06-25,18.53,1,Starter,US West
2026-06-25,884.26,1,Enterprise,Europe
2026-06-25,34.92,2,Starter,Europe
2026-06-25,155.38,2,Team,US East
2026-06-25,167.02,2,Team,US West
2026-06-25,508.03,2,Business,Europe
2026-06-25,19.78,1,Starter,US West
2026-06-25,159.85,2,Team,Europe
2026-06-25,79.89,1,Team,APAC
2026-06-26,156.0,2,Team,Europe
2026-06-26,531.15,2,Business,APAC
2026-06-26,162.35,2,Team,Europe
2026-06-26,36.76,2,Starter,US East
2026-06-26,866.26,1,Enterprise,US West
2026-06-26,80.52,1,Team,Europe
2026-06-26,1684.79,2,Enterprise,US West
2026-06-26,19.15,1,Starter,US East
2026-06-26,235.25,1,Business,US East
2026-06-26,37.99,2,Starter,US West
2026-06-26,70.58,1,Team,Europe
2026-06-26,18.61,1,Starter,Europe
2026-06-26,153.02,2,Team,APAC
2026-06-26,920.6,1,Enterprise,US West
2026-06-26,167.99,2,Team,APAC
2026-06-26,19.04,1,Starter,APAC
2026-06-26,77.45,1,Team,APAC
2026-06-26,37.69,2,Starter,Europe
2026-06-26,77.11,1,Team,US West
2026-06-26,240.55,1,Business,US East
2026-06-26,522.19,2,Business,US East
2026-06-26,83.91,1,Team,US West
2026-06-26,163.56,2,Team,Europe
2026-06-26,18.82,1,Starter,US West
2026-06-26,157.73,2,Team,US East
2026-06-26,246.4,1,Business,US East
2026-06-26,244.02,1,Business,US East
2026-06-26,20.38,1,Starter,US West
2026-06-26,20.96,1,Starter,US West
2026-06-26,532.42,2,Business,US East
2026-06-26,19.06,1,Starter,US West
2026-06-26,255.24,1,Business,US East
2026-06-26,495.86,2,Business,APAC
2026-06-26,133.54,2,Team,US West
2026-06-26,34.44,2,Starter,US West
2026-06-26,233.95,3,Team,US West
2026-06-26,19.65,1,Starter,US East
2026-06-26,85.98,1,Team,US West
2026-06-26,254.44,1,Business,US East
2026-06-26,76.78,1,Team,US East
2026-06-26,18.95,1,Starter,US West
2026-06-26,81.76,1,Team,Europe
2026-06-26,508.3,2,Business,US East
2026-06-26,258.98,1,Business,US West
2026-06-26,47.18,3,Starter,US East
2026-06-26,18.46,1,Starter,Europe
2026-06-26,151.94,2,Team,US East
2026-06-26,483.18,2,Business,US West
2026-06-26,16.68,1,Starter,US East
2026-06-26,236.73,1,Business,Europe
2026-06-26,18.43,1,Starter,Europe
2026-06-26,530.66,2,Business,US East
2026-06-26,232.63,3,Team,US East
2026-06-26,37.42,2,Starter,US East
2026-06-26,59.31,3,Starter,APAC
2026-06-26,152.8,2,Team,US East
2026-06-26,17.84,1,Starter,US West
2026-06-26,20.58,1,Starter,US West
2026-06-26,234.54,1,Business,US West
2026-06-26,1772.91,2,Enterprise,US West
2026-06-26,36.26,2,Starter,US East
2026-06-26,943.88,1,Enterprise,US East
2026-06-26,18.64,1,Starter,US West
2026-06-26,20.0,1,Starter,Europe
2026-06-26,1818.03,2,Enterprise,US East
2026-06-26,37.28,2,Starter,Europe
2026-06-26,473.19,2,Business,US East
2026-06-26,862.2,1,Enterprise,US East
2026-06-27,87.48,1,Team,US East
2026-06-27,18.01,1,Starter,Europe
2026-06-27,76.17,1,Team,US East
2026-06-27,973.93,1,Enterprise,US West
2026-06-27,79.91,1,Team,Europe
2026-06-27,35.71,2,Starter,US East
2026-06-27,17.41,1,Starter,US East
2026-06-27,252.17,1,Business,APAC
2026-06-27,36.1,2,Starter,Europe
2026-06-27,502.9,2,Business,US West
2026-06-27,19.19,1,Starter,Europe
2026-06-27,40.48,2,Starter,Europe
2026-06-27,79.1,1,Team,APAC
2026-06-27,229.79,1,Business,US West
2026-06-27,239.43,1,Business,APAC
2026-06-27,168.09,2,Team,US West
2026-06-27,488.35,2,Business,US West
2026-06-27,34.46,2,Starter,US East
2026-06-27,20.38,1,Starter,US West
2026-06-27,77.58,1,Team,US West
2026-06-27,55.57,3,Starter,APAC
2026-06-27,509.06,2,Business,US East
2026-06-27,155.11,2,Team,US West
2026-06-27,80.13,1,Team,US East
2026-06-27,18.19,1,Starter,US West
2026-06-27,17.0,1,Starter,US East
2026-06-27,17.85,1,Starter,US West
2026-06-27,175.12,2,Team,US East
2026-06-27,934.51,1,Enterprise,US East
2026-06-27,75.46,1,Team,APAC
2026-06-27,38.78,2,Starter,APAC
2026-06-27,36.69,2,Starter,APAC
2026-06-27,19.16,1,Starter,US West
2026-06-27,79.31,1,Team,US East
2026-06-27,18.49,1,Starter,US West
2026-06-27,37.1,2,Starter,APAC
2026-06-27,19.5,1,Starter,US West
2026-06-27,39.2,2,Starter,US West
2026-06-27,37.87,2,Starter,US East
2026-06-27,505.54,2,Business,US West
2026-06-27,257.01,1,Business,Europe
2026-06-27,20.54,1,Starter,APAC
2026-06-27,246.63,1,Business,US West
2026-06-27,39.6,2,Starter,US East
2026-06-27,74.38,1,Team,US West
2026-06-27,79.31,1,Team,US East
2026-06-27,20.22,1,Starter,US East
2026-06-27,483.16,2,Business,US East
2026-06-27,53.86,3,Starter,US East
2026-06-28,19.83,1,Starter,US West
2026-06-28,893.15,1,Enterprise,US West
2026-06-28,41.78,2,Starter,US East
2026-06-28,74.34,1,Team,US West
2026-06-28,868.59,1,Enterprise,Europe
2026-06-28,38.6,2,Starter,US East
2026-06-28,39.9,2,Starter,Europe
2026-06-28,19.78,1,Starter,US West
2026-06-28,83.66,1,Team,US West
2026-06-28,161.9,2,Team,APAC
2026-06-28,952.36,1,Enterprise,US East
2026-06-28,19.75,1,Starter,Europe
2026-06-28,36.59,2,Starter,Europe
2026-06-28,18.87,1,Starter,Europe
2026-06-28,168.1,2,Team,Europe
2026-06-28,151.97,2,Team,Europe
2026-06-28,18.79,1,Starter,Europe
2026-06-28,18.94,1,Starter,US East
2026-06-28,18.28,1,Starter,US East
2026-06-28,19.7,1,Starter,APAC
2026-06-28,255.15,1,Business,US East
2026-06-28,164.39,2,Team,US West
2026-06-28,237.76,3,Team,APAC
2026-06-28,156.92,2,Team,US West
2026-06-28,267.07,1,Business,Europe
2026-06-28,19.01,1,Starter,US West
2026-06-28,84.1,1,Team,US West
2026-06-29,19.25,1,Starter,US West
2026-06-29,17.78,1,Starter,US East
2026-06-29,79.52,1,Team,US West
2026-06-29,39.5,2,Starter,Europe
2026-06-29,488.32,2,Business,Europe
2026-06-29,1871.83,2,Enterprise,US West
2026-06-29,79.11,1,Team,APAC
2026-06-29,158.15,2,Team,APAC
2026-06-29,947.69,1,Enterprise,Europe
2026-06-29,80.93,1,Team,US West
2026-06-29,20.45,1,Starter,US West
2026-06-29,18.15,1,Starter,US West
2026-06-29,18.88,1,Starter,US West
2026-06-29,76.69,1,Team,US East
2026-06-29,77.94,1,Team,US West
2026-06-29,256.65,3,Team,Europe
2026-06-29,19.23,1,Starter,Europe
2026-06-29,20.11,1,Starter,Europe
2026-06-29,18.41,1,Starter,US East
2026-06-29,19.3,1,Starter,Europe
2026-06-29,146.22,2,Team,Europe
2026-06-29,19.18,1,Starter,US West
2026-06-29,232.74,3,Team,US West
2026-06-29,156.75,2,Team,US West
2026-06-29,18.14,1,Starter,US West
2026-06-29,466.4,2,Business,US West
2026-06-29,454.97,2,Business,US West
2026-06-29,18.42,1,Starter,US East
2026-06-29,35.91,2,Starter,US West
2026-06-29,460.17,2,Business,US West
2026-06-29,74.87,1,Team,US East
2026-06-29,158.85,2,Team,US West
2026-06-29,80.1,1,Team,US East
2026-06-29,162.29,2,Team,US East
2026-06-29,525.31,2,Business,US West
2026-06-29,148.05,2,Team,US East
2026-06-29,78.17,1,Team,US East
2026-06-29,19.87,1,Starter,US West
2026-06-29,17.56,1,Starter,US East
2026-06-29,156.21,2,Team,US East
2026-06-29,18.8,1,Starter,US West
2026-06-29,20.06,1,Starter,US West
2026-06-29,157.58,2,Team,US West
2026-06-29,229.94,1,Business,US West
2026-06-29,39.52,2,Starter,Europe
2026-06-29,167.5,2,Team,Europe
2026-06-29,251.96,1,Business,Europe
2026-06-29,74.04,1,Team,US East
2026-06-29,246.84,1,Business,US East
2026-06-29,17.89,1,Starter,US West
2026-06-29,78.78,1,Team,US West
2026-06-29,18.82,1,Starter,Europe
2026-06-29,853.87,1,Enterprise,APAC
2026-06-29,143.04,2,Team,US West
2026-06-29,38.72,2,Starter,APAC
2026-06-29,249.51,1,Business,US West
2026-06-29,242.63,3,Team,US West
2026-06-29,152.7,2,Team,US West
2026-06-29,40.88,2,Starter,US East
2026-06-29,39.32,2,Starter,Europe
2026-06-29,77.98,1,Team,US East
2026-06-29,77.29,1,Team,APAC
2026-06-29,18.65,1,Starter,US West
2026-06-29,243.32,1,Business,US East
2026-06-29,159.82,2,Team,US West
2026-06-29,145.48,2,Team,US East
2026-06-29,169.18,2,Team,Europe
2026-06-29,158.81,2,Team,US West
2026-06-29,154.37,2,Team,US East
2026-06-29,19.39,1,Starter,US East
2026-06-29,477.51,2,Business,US East
2026-06-29,151.06,2,Team,US West
2026-06-29,154.99,2,Team,US East
2026-06-29,959.63,1,Enterprise,US East
2026-06-29,19.16,1,Starter,Europe
2026-06-29,18.48,1,Starter,US West
2026-06-29,146.4,2,Team,APAC
2026-06-29,38.52,2,Starter,APAC
2026-06-29,18.32,1,Starter,US West
2026-06-30,80.56,1,Team,US East
2026-06-30,157.26,2,Team,APAC
2026-06-30,36.75,2,Starter,US East
2026-06-30,19.69,1,Starter,US East
2026-06-30,215.83,1,Business,US West
2026-06-30,154.9,2,Team,US West
2026-06-30,156.36,2,Team,Europe
2026-06-30,20.78,1,Starter,US East
2026-06-30,462.49,2,Business,US East
2026-06-30,215.83,1,Business,US West
2026-06-30,157.48,2,Team,APAC
2026-06-30,18.0,1,Starter,US East
2026-06-30,20.11,1,Starter,Europe
2026-06-30,19.61,1,Starter,US West
2026-06-30,84.59,1,Team,Europe
2026-06-30,37.84,2,Starter,US West
2026-06-30,502.87,2,Business,Europe
2026-06-30,260.17,1,Business,Europe
2026-06-30,264.81,1,Business,US West
2026-06-30,148.59,2,Team,US West
2026-06-30,82.43,1,Team,APAC
2026-06-30,153.23,2,Team,US West
2026-06-30,38.66,2,Starter,Europe
2026-06-30,155.11,2,Team,US West
2026-06-30,82.72,1,Team,US West
2026-06-30,265.34,1,Business,US East
2026-06-30,77.51,1,Team,APAC
2026-06-30,18.88,1,Starter,US East
2026-06-30,485.46,2,Business,US East
2026-06-30,167.51,2,Team,APAC
2026-06-30,136.57,2,Team,Europe
2026-06-30,77.34,1,Team,US East
2026-06-30,1806.64,2,Enterprise,US West
2026-06-30,40.27,2,Starter,US West
2026-06-30,74.13,1,Team,US East
2026-06-30,168.72,2,Team,US West
2026-06-30,18.12,1,Starter,US East
2026-06-30,19.37,1,Starter,US West
2026-06-30,82.01,1,Team,US West
2026-06-30,76.97,1,Team,APAC
2026-06-30,17.73,1,Starter,Europe
2026-06-30,37.27,2,Starter,APAC
2026-06-30,251.77,1,Business,US East
2026-06-30,953.63,1,Enterprise,US West
2026-06-30,36.06,2,Starter,Europe
2026-06-30,165.17,2,Team,US East
2026-06-30,72.06,1,Team,US West
2026-06-30,37.44,2,Starter,APAC
2026-06-30,80.69,1,Team,Europe
2026-06-30,17.55,1,Starter,US West
2026-06-30,19.13,1,Starter,US West
2026-06-30,78.75,1,Team,Europe
2026-06-30,1907.57,2,Enterprise,APAC
2026-06-30,17.33,1,Starter,US East
2026-06-30,20.01,1,Starter,US West
2026-06-30,254.76,1,Business,Europe
2026-06-30,37.0,2,Starter,US West
2026-06-30,493.86,2,Business,Europe
2026-06-30,78.6,1,Team,US West
2026-06-30,39.17,2,Starter,US West
2026-06-30,78.27,1,Team,APAC
2026-06-30,79.65,1,Team,US East
2026-06-30,83.3,1,Team,Europe
2026-06-30,1861.52,2,Enterprise,US West
2026-06-30,163.64,2,Team,US East
2026-06-30,897.32,1,Enterprise,US East
2026-06-30,19.95,1,Starter,Europe
2026-06-30,147.28,2,Team,US West
2026-06-30,212.96,3,Team,US West
2026-06-30,18.44,1,Starter,US West
2026-06-30,154.54,2,Team,US East
2026-06-30,37.11,2,Starter,US East
2026-06-30,56.69,3,Starter,US West
2026-06-30,34.63,2,Starter,US East
2026-06-30,517.7,2,Business,US West
2026-06-30,20.01,1,Starter,Europe
2026-06-30,234.62,1,Business,APAC
2026-06-30,38.46,2,Starter,US West
2026-06-30,151.46,2,Team,US East
2026-06-30,18.02,1,Starter,Europe
2026-06-30,519.47,2,Business,US West
2026-06-30,244.93,1,Business,Europe
2026-06-30,255.85,1,Business,US West
2026-06-30,151.83,2,Team,US West
2026-06-30,20.47,1,Starter,US West
2026-06-30,251.28,1,Business,Europe
2026-06-30,150.67,2,Team,US East
2026-06-30,148.26,2,Team,Europe
2026-06-30,934.4,1,Enterprise,US East
2026-06-30,37.06,2,Starter,US East
2026-06-30,154.72,2,Team,US West
2026-06-30,34.22,2,Starter,APAC
2026-06-30,1622.89,2,Enterprise,US East
2026-06-30,79.13,1,Team,APAC
2026-06-30,19.18,1,Starter,US East
2026-06-30,230.28,3,Team,US East
2026-06-30,18.24,1,Starter,Europe
2026-06-30,78.08,1,Team,US East
2026-06-30,483.72,2,Business,US West
2026-06-30,17.84,1,Starter,Europe
2026-06-30,41.99,2,Starter,US West
2026-06-30,40.09,2,Starter,US East
2026-06-30,20.0,1,Starter,US West
2026-06-30,862.34,1,Enterprise,APAC
2026-06-30,18.44,1,Starter,US East
2026-06-30,225.93,1,Business,US West
2026-07-01,60.9,3,Starter,US East
2026-07-01,19.06,1,Starter,Europe
2026-07-01,80.77,1,Team,US West
2026-07-01,36.17,2,Starter,Europe
2026-07-01,80.67,1,Team,Europe
2026-07-01,160.66,2,Team,Europe
2026-07-01,17.16,1,Starter,Europe
2026-07-01,84.87,1,Team,APAC
2026-07-01,18.86,1,Starter,US East
2026-07-01,36.82,2,Starter,US West
2026-07-01,38.87,2,Starter,US East
2026-07-01,20.18,1,Starter,APAC
2026-07-01,161.54,2,Team,US West
2026-07-01,774.62,3,Business,US East
2026-07-01,158.66,2,Team,US East
2026-07-01,266.72,1,Business,US East
2026-07-01,18.72,1,Starter,US West
2026-07-01,80.45,1,Team,US East
2026-07-01,162.98,2,Team,US East
2026-07-01,160.67,2,Team,US West
2026-07-01,246.93,1,Business,US East
2026-07-01,19.07,1,Starter,US West
2026-07-01,149.89,2,Team,US West
2026-07-01,87.26,1,Team,US West
2026-07-01,164.15,2,Team,APAC
2026-07-01,1671.63,2,Enterprise,US East
2026-07-01,79.27,1,Team,Europe
2026-07-01,83.93,1,Team,US West
2026-07-01,74.41,1,Team,US West
2026-07-01,84.73,1,Team,Europe
2026-07-01,246.97,1,Business,US West
2026-07-01,36.57,2,Starter,Europe
2026-07-01,77.49,1,Team,US East
2026-07-01,19.45,1,Starter,US West
2026-07-01,38.2,2,Starter,US West
2026-07-01,169.61,2,Team,US West
2026-07-01,769.02,3,Business,Europe
2026-07-01,68.75,1,Team,US East
2026-07-01,167.91,2,Team,Europe
2026-07-01,80.17,1,Team,US West
2026-07-01,504.53,2,Business,US West
2026-07-01,233.08,1,Business,Europe
2026-07-01,81.98,1,Team,US East
2026-07-01,79.53,1,Team,US East
2026-07-01,16.12,1,Starter,Europe
2026-07-01,902.5,1,Enterprise,APAC
2026-07-01,158.24,2,Team,Europe
2026-07-01,19.58,1,Starter,APAC
2026-07-01,159.09,2,Team,US East
2026-07-01,37.98,2,Starter,APAC
2026-07-01,986.76,1,Enterprise,Europe
2026-07-01,19.76,1,Starter,US West
2026-07-01,53.44,3,Starter,Europe
2026-07-01,258.42,1,Business,US West
2026-07-01,18.91,1,Starter,Europe
2026-07-01,253.58,1,Business,US West
2026-07-01,886.07,1,Enterprise,US West
2026-07-01,155.97,2,Team,Europe
2026-07-01,38.2,2,Starter,US West
2026-07-01,37.78,2,Starter,US West
2026-07-01,18.5,1,Starter,US West
2026-07-01,153.73,2,Team,US West
2026-07-01,37.17,2,Starter,US West
2026-07-01,83.03,1,Team,APAC
2026-07-01,19.71,1,Starter,Europe
2026-07-01,494.87,2,Business,Europe
2026-07-01,37.46,2,Starter,US East
2026-07-01,250.73,1,Business,US East
2026-07-01,524.18,2,Business,US East
2026-07-01,38.8,2,Starter,US West
2026-07-01,18.63,1,Starter,Europe
2026-07-01,525.96,2,Business,US West
2026-07-01,17.89,1,Starter,US West
2026-07-01,18.72,1,Starter,US East
2026-07-01,76.41,1,Team,US West
2026-07-01,149.23,2,Team,Europe
2026-07-01,248.92,1,Business,Europe
2026-07-02,81.5,1,Team,US West
2026-07-02,74.82,1,Team,Europe
2026-07-02,249.2,1,Business,Europe
2026-07-02,37.48,2,Starter,US West
2026-07-02,76.48,1,Team,Europe
2026-07-02,468.21,2,Business,US West
2026-07-02,19.26,1,Starter,US East
2026-07-02,17.57,1,Starter,US West
2026-07-02,907.42,1,Enterprise,US East
2026-07-02,151.91,2,Team,US East
2026-07-02,952.43,1,Enterprise,Europe
2026-07-02,244.19,1,Business,Europe
2026-07-02,242.76,1,Business,APAC
2026-07-02,18.32,1,Starter,US East
2026-07-02,38.54,2,Starter,US West
2026-07-02,174.42,2,Team,US West
2026-07-02,80.85,1,Team,US East
2026-07-02,75.12,1,Team,US West
2026-07-02,78.98,1,Team,Europe
2026-07-02,38.55,2,Starter,Europe
2026-07-02,157.65,2,Team,US East
2026-07-02,18.75,1,Starter,Europe
2026-07-02,158.85,2,Team,Europe
2026-07-02,457.77,2,Business,APAC
2026-07-02,82.99,1,Team,Europe
2026-07-02,156.89,2,Team,US West
2026-07-02,18.37,1,Starter,US East
2026-07-02,21.48,1,Starter,US West
2026-07-02,37.65,2,Starter,US West
2026-07-02,19.53,1,Starter,US West
2026-07-02,76.04,1,Team,Europe
2026-07-02,515.23,2,Business,Europe
2026-07-02,173.66,2,Team,US West
2026-07-02,151.45,2,Team,US East
2026-07-02,84.06,1,Team,Europe
2026-07-02,39.37,2,Starter,Europe
2026-07-02,17.23,1,Starter,APAC
2026-07-02,163.37,2,Team,Europe
2026-07-02,249.94,1,Business,Europe
2026-07-02,543.85,2,Business,US East
2026-07-02,160.96,2,Team,Europe
2026-07-02,84.44,1,Team,US East
2026-07-02,83.62,1,Team,US West
2026-07-02,515.45,2,Business,US West
2026-07-02,36.26,2,Starter,Europe
2026-07-02,36.7,2,Starter,Europe
2026-07-02,19.51,1,Starter,US East
2026-07-02,227.98,1,Business,Europe
2026-07-02,17.37,1,Starter,US East
2026-07-02,37.23,2,Starter,US West
2026-07-02,83.63,1,Team,Europe
2026-07-02,160.15,2,Team,US West
2026-07-02,36.4,2,Starter,Europe
2026-07-02,39.87,2,Starter,US East
2026-07-02,76.86,1,Team,Europe
2026-07-02,448.01,2,Business,US East
2026-07-02,157.41,2,Team,US West
2026-07-02,17.43,1,Starter,Europe
2026-07-02,37.0,2,Starter,Europe
2026-07-02,167.11,2,Team,US East
2026-07-02,89.27,1,Team,Europe
2026-07-02,35.07,2,Starter,US West
2026-07-02,471.29,2,Business,US East
2026-07-02,18.19,1,Starter,US East
2026-07-02,83.58,1,Team,US West
2026-07-02,72.52,1,Team,US West
2026-07-02,19.67,1,Starter,Europe
2026-07-02,36.53,2,Starter,US West
2026-07-02,242.14,1,Business,US East
2026-07-02,37.17,2,Starter,US West
2026-07-02,1732.52,2,Enterprise,Europe
2026-07-02,167.11,2,Team,Europe
2026-07-02,970.42,1,Enterprise,Europe
2026-07-02,156.12,2,Team,APAC
2026-07-02,246.44,1,Business,US West
2026-07-02,254.48,1,Business,Europe
2026-07-02,40.05,2,Starter,US East
2026-07-02,242.13,3,Team,Europe
2026-07-02,164.33,2,Team,US East
2026-07-02,155.99,2,Team,US West
2026-07-02,81.86,1,Team,APAC
2026-07-02,151.74,2,Team,US West
2026-07-02,19.08,1,Starter,Europe
2026-07-02,18.44,1,Starter,Europe
2026-07-02,38.62,2,Starter,Europe
2026-07-02,250.88,1,Business,Europe
2026-07-02,35.42,2,Starter,Europe
2026-07-02,78.42,1,Team,APAC
2026-07-02,218.57,1,Business,US East
2026-07-02,164.6,2,Team,US East
2026-07-02,250.54,1,Business,Europe
2026-07-02,258.1,1,Business,US West
2026-07-02,252.17,1,Business,US East
2026-07-03,77.52,1,Team,Europe
2026-07-03,967.47,1,Enterprise,US West
2026-07-03,39.44,2,Starter,Europe
2026-07-03,158.15,2,Team,APAC
2026-07-03,525.26,2,Business,Europe
2026-07-03,235.64,1,Business,US West
2026-07-03,160.46,2,Team,US West
2026-07-03,153.65,2,Team,Europe
2026-07-03,264.38,1,Business,US East
2026-07-03,225.04,1,Business,APAC
2026-07-03,83.12,1,Team,US West
2026-07-03,952.28,1,Enterprise,US West
2026-07-03,83.63,1,Team,APAC
2026-07-03,259.23,1,Business,Europe
2026-07-03,38.2,2,Starter,US East
2026-07-03,154.61,2,Team,Europe
2026-07-03,485.13,2,Business,US West
2026-07-03,36.68,2,Starter,US West
2026-07-03,34.5,2,Starter,US West
2026-07-03,20.08,1,Starter,APAC
2026-07-03,495.3,2,Business,US West
2026-07-03,460.37,2,Business,US West
2026-07-03,80.02,1,Team,US East
2026-07-03,18.18,1,Starter,APAC
2026-07-03,78.23,1,Team,US West
2026-07-03,19.28,1,Starter,US West
2026-07-03,38.47,2,Starter,Europe
2026-07-03,17.93,1,Starter,US East
2026-07-03,271.96,1,Business,US East
2026-07-03,82.79,1,Team,Europe
2026-07-03,18.83,1,Starter,US West
2026-07-03,79.87,1,Team,US West
2026-07-03,19.25,1,Starter,US East
2026-07-03,18.62,1,Starter,Europe
2026-07-03,19.11,1,Starter,US West
2026-07-03,272.36,1,Business,US East
2026-07-03,240.51,3,Team,Europe
2026-07-03,71.97,1,Team,US East
2026-07-03,37.07,2,Starter,US East
2026-07-03,37.6,2,Starter,APAC
2026-07-03,19.35,1,Starter,US East
2026-07-03,506.27,2,Business,Europe
2026-07-03,69.03,1,Team,Europe
2026-07-03,18.84,1,Starter,Europe
2026-07-03,18.83,1,Starter,US West
2026-07-03,39.69,2,Starter,US East
2026-07-03,39.85,2,Starter,US West
2026-07-03,37.7,2,Starter,US West
2026-07-03,17.89,1,Starter,Europe
2026-07-03,39.29,2,Starter,US West
2026-07-03,81.9,1,Team,US West
2026-07-03,79.35,1,Team,Europe
2026-07-03,531.52,2,Business,US East
2026-07-03,159.53,2,Team,US West
2026-07-03,38.62,2,Starter,US East
2026-07-03,18.91,1,Starter,US West
2026-07-03,19.6,1,Starter,US West
2026-07-03,38.77,2,Starter,US East
2026-07-03,1876.26,2,Enterprise,US West
2026-07-03,160.99,2,Team,Europe
2026-07-03,19.83,1,Starter,US West
2026-07-03,79.35,1,Team,US West
2026-07-03,160.54,2,Team,US West
2026-07-03,477.43,2,Business,US West
2026-07-03,147.11,2,Team,US East
2026-07-03,155.54,2,Team,US West
2026-07-03,33.92,2,Starter,US West
2026-07-03,18.97,1,Starter,US East
2026-07-03,256.33,1,Business,Europe
2026-07-03,505.41,2,Business,US East
2026-07-03,248.49,1,Business,US West
2026-07-03,145.45,2,Team,Europe
2026-07-03,41.93,2,Starter,Europe
2026-07-03,150.0,2,Team,US East
2026-07-03,247.42,1,Business,US West
2026-07-03,18.98,1,Starter,US West
2026-07-03,37.9,2,Starter,Europe
2026-07-03,40.36,2,Starter,US West
2026-07-03,19.82,1,Starter,US West
2026-07-03,38.0,2,Starter,Europe
2026-07-03,895.55,1,Enterprise,Europe
2026-07-03,79.11,1,Team,US East
2026-07-03,904.81,1,Enterprise,Europe
2026-07-03,38.36,2,Starter,APAC
2026-07-03,18.56,1,Starter,US East
2026-07-03,81.15,1,Team,US East
2026-07-03,161.06,2,Team,Europe
2026-07-03,18.8,1,Starter,US West
2026-07-03,38.16,2,Starter,US East
2026-07-03,18.01,1,Starter,US West
2026-07-03,267.61,1,Business,US East
2026-07-03,245.92,1,Business,US West
2026-07-03,85.78,1,Team,US West
2026-07-04,35.22,2,Starter,APAC
2026-07-04,20.21,1,Starter,APAC
2026-07-04,73.57,1,Team,US West
2026-07-04,76.81,1,Team,US East
2026-07-04,71.7,1,Team,APAC
2026-07-04,515.74,2,Business,APAC
2026-07-04,77.53,1,Team,Europe
2026-07-04,79.98,1,Team,APAC
2026-07-04,37.83,2,Starter,US West
2026-07-04,82.61,1,Team,US East
2026-07-04,57.27,3,Starter,APAC
2026-07-04,911.87,1,Enterprise,US East
2026-07-04,1769.85,2,Enterprise,US West
2026-07-04,921.28,1,Enterprise,US West
2026-07-04,18.75,1,Starter,Europe
2026-07-04,80.1,1,Team,Europe
2026-07-04,73.22,1,Team,Europe
2026-07-04,75.15,1,Team,APAC
2026-07-04,242.56,1,Business,US West
2026-07-04,532.83,2,Business,Europe
2026-07-04,38.3,2,Starter,Europe
2026-07-04,80.2,1,Team,Europe
2026-07-04,37.66,2,Starter,US East
2026-07-04,37.77,2,Starter,US West
2026-07-04,37.62,2,Starter,US East
2026-07-04,150.35,2,Team,US East
2026-07-04,19.68,1,Starter,US East
2026-07-04,241.28,1,Business,US East
2026-07-04,18.69,1,Starter,US East
2026-07-04,34.14,2,Starter,US West
2026-07-04,19.24,1,Starter,US East
2026-07-04,79.36,1,Team,APAC
2026-07-04,19.72,1,Starter,US West
2026-07-04,146.92,2,Team,APAC
2026-07-04,251.15,1,Business,Europe
2026-07-04,939.71,1,Enterprise,US East
2026-07-04,81.72,1,Team,US East
2026-07-04,77.19,1,Team,Europe
2026-07-04,74.55,1,Team,US East
2026-07-04,82.99,1,Team,US East
2026-07-04,894.58,1,Enterprise,US West
2026-07-04,18.24,1,Starter,US West
2026-07-04,39.84,2,Starter,US West
2026-07-04,41.69,2,Starter,US West
2026-07-04,1805.96,2,Enterprise,US West
2026-07-04,36.82,2,Starter,US West
2026-07-04,853.1,1,Enterprise,Europe
2026-07-05,74.78,1,Team,US West
2026-07-05,20.51,1,Starter,US East
2026-07-05,42.29,2,Starter,Europe
2026-07-05,81.84,1,Team,US West
2026-07-05,77.34,1,Team,APAC
2026-07-05,260.51,1,Business,Europe
2026-07-05,17.95,1,Starter,US East
2026-07-05,40.23,2,Starter,US East
2026-07-05,2493.97,3,Enterprise,Europe
2026-07-05,812.22,1,Enterprise,US West
2026-07-05,19.25,1,Starter,APAC
2026-07-05,86.81,1,Team,US West
2026-07-05,18.53,1,Starter,US West
2026-07-05,19.07,1,Starter,Europe
2026-07-05,78.54,1,Team,US East
2026-07-05,18.96,1,Starter,US East
2026-07-05,18.45,1,Starter,Europe
2026-07-05,19.04,1,Starter,Europe
2026-07-05,912.95,1,Enterprise,US East
2026-07-05,872.61,1,Enterprise,US East
2026-07-05,18.3,1,Starter,US East
2026-07-05,254.28,1,Business,US West
2026-07-05,79.94,1,Team,US West
2026-07-05,19.27,1,Starter,US West
2026-07-05,927.46,1,Enterprise,Europe
2026-07-05,39.58,2,Starter,Europe
2026-07-05,159.89,2,Team,US East
2026-07-05,78.32,1,Team,US West
2026-07-05,259.71,1,Business,US East
2026-07-05,152.4,2,Team,Europe
2026-07-05,20.36,1,Starter,APAC
2026-07-05,167.01,2,Team,Europe
2026-07-05,78.7,1,Team,US West
2026-07-05,79.19,1,Team,Europe
2026-07-05,176.62,2,Team,APAC
2026-07-05,38.92,2,Starter,US West
2026-07-05,19.9,1,Starter,US West
2026-07-05,38.57,2,Starter,US East
2026-07-05,168.51,2,Team,US East
2026-07-05,18.54,1,Starter,US East
2026-07-05,512.92,2,Business,US West
2026-07-05,175.51,2,Team,Europe
2026-07-05,70.75,1,Team,US East
2026-07-06,258.04,1,Business,APAC
2026-07-06,41.25,2,Starter,US West
2026-07-06,1726.15,2,Enterprise,US East
2026-07-06,19.21,1,Starter,Europe
2026-07-06,39.2,2,Starter,US East
2026-07-06,247.97,1,Business,Europe
2026-07-06,19.34,1,Starter,US East
2026-07-06,73.05,1,Team,US East
2026-07-06,848.55,1,Enterprise,APAC
2026-07-06,155.55,2,Team,US East
2026-07-06,256.67,1,Business,Europe
2026-07-06,18.48,1,Starter,US West
2026-07-06,18.31,1,Starter,Europe
2026-07-06,259.42,1,Business,Europe
2026-07-06,81.11,1,Team,US West
2026-07-06,81.13,1,Team,US West
2026-07-06,40.06,2,Starter,US West
2026-07-06,20.2,1,Starter,APAC
2026-07-06,163.98,2,Team,Europe
2026-07-06,171.33,2,Team,Europe
2026-07-06,18.25,1,Starter,Europe
2026-07-06,79.69,1,Team,Europe
2026-07-06,500.24,2,Business,US East
2026-07-06,39.44,2,Starter,US West
2026-07-06,75.36,1,Team,US East
2026-07-06,34.08,2,Starter,US East
2026-07-06,41.24,2,Starter,US East
2026-07-06,259.55,3,Team,APAC
2026-07-06,80.1,1,Team,US East
2026-07-06,239.66,1,Business,US East
2026-07-06,513.83,2,Business,US East
2026-07-06,230.95,1,Business,Europe
2026-07-06,16.89,1,Starter,US East
2026-07-06,19.1,1,Starter,US West
2026-07-06,38.65,2,Starter,US East
2026-07-06,39.47,2,Starter,US West
2026-07-06,240.08,1,Business,US East
2026-07-06,237.07,1,Business,Europe
2026-07-06,512.22,2,Business,APAC
2026-07-06,37.0,2,Starter,US West
2026-07-06,71.94,1,Team,US West
2026-07-06,83.12,1,Team,US East
2026-07-06,18.8,1,Starter,US West
2026-07-06,19.6,1,Starter,APAC
2026-07-06,75.7,1,Team,US West
2026-07-06,542.41,2,Business,US West
2026-07-06,83.97,1,Team,APAC
2026-07-06,142.56,2,Team,APAC
2026-07-06,18.93,1,Starter,US West
2026-07-06,77.81,1,Team,US West
2026-07-06,77.78,1,Team,US East
2026-07-06,76.58,1,Team,Europe
2026-07-06,70.12,1,Team,Europe
2026-07-06,521.99,2,Business,Europe
2026-07-06,19.01,1,Starter,Europe
2026-07-06,910.2,1,Enterprise,US West
2026-07-06,40.24,2,Starter,APAC
2026-07-06,152.92,2,Team,US West
2026-07-06,19.17,1,Starter,US West
2026-07-06,154.83,2,Team,US West
2026-07-06,18.04,1,Starter,US West
2026-07-06,39.39,2,Starter,Europe
2026-07-06,37.55,2,Starter,Europe
2026-07-06,240.32,3,Team,US West
2026-07-06,19.94,1,Starter,APAC
2026-07-06,450.16,2,Business,US East
2026-07-06,75.39,1,Team,Europe
2026-07-06,76.63,1,Team,US West
2026-07-06,19.55,1,Starter,US West
2026-07-06,540.87,2,Business,US West
2026-07-06,79.81,1,Team,Europe
2026-07-06,34.19,2,Starter,US West
2026-07-06,37.02,2,Starter,US West
2026-07-06,80.9,1,Team,US West
2026-07-06,82.35,1,Team,US West
2026-07-06,49.75,3,Starter,APAC
2026-07-06,78.04,1,Team,Europe
2026-07-06,474.59,2,Business,US East
2026-07-06,154.31,2,Team,Europe
2026-07-06,19.62,1,Starter,US East
2026-07-06,233.31,1,Business,Europe
2026-07-06,37.94,2,Starter,APAC
2026-07-07,156.76,2,Team,APAC
2026-07-07,235.78,1,Business,APAC
2026-07-07,166.35,2,Team,US East
2026-07-07,79.76,1,Team,US East
2026-07-07,161.4,2,Team,US West
2026-07-07,37.79,2,Starter,US West
2026-07-07,17.98,1,Starter,Europe
2026-07-07,511.49,2,Business,US West
2026-07-07,39.59,2,Starter,Europe
2026-07-07,36.93,2,Starter,Europe
2026-07-07,542.02,2,Business,US West
2026-07-07,510.05,2,Business,Europe
2026-07-07,37.61,2,Starter,Europe
2026-07-07,147.88,2,Team,US East
2026-07-07,533.21,2,Business,US East
2026-07-07,2015.95,2,Enterprise,US West
2026-07-07,164.87,2,Team,APAC
2026-07-07,20.56,1,Starter,US West
2026-07-07,229.15,1,Business,Europe
2026-07-07,19.07,1,Starter,APAC
2026-07-07,250.99,1,Business,Europe
2026-07-07,241.58,1,Business,US East
2026-07-07,38.4,2,Starter,Europe
2026-07-07,18.99,1,Starter,US West
2026-07-07,485.87,2,Business,Europe
2026-07-07,40.5,2,Starter,US West
2026-07-07,80.3,1,Team,US West
2026-07-07,153.31,2,Team,APAC
2026-07-07,167.86,2,Team,US West
2026-07-07,18.88,1,Starter,US East
2026-07-07,252.17,1,Business,US East
2026-07-07,167.57,2,Team,Europe
2026-07-07,154.7,2,Team,Europe
2026-07-07,156.93,2,Team,US West
2026-07-07,40.0,2,Starter,US West
2026-07-07,156.9,2,Team,US East
2026-07-07,754.08,3,Business,US West
2026-07-07,79.3,1,Team,US East
2026-07-07,75.64,1,Team,US East
2026-07-07,19.34,1,Starter,US West
2026-07-07,249.54,1,Business,US West
2026-07-07,40.85,2,Starter,Europe
2026-07-07,271.79,1,Business,APAC
2026-07-07,157.37,2,Team,US West
2026-07-07,17.8,1,Starter,US West
2026-07-07,244.84,1,Business,US East
2026-07-07,159.8,2,Team,APAC
2026-07-07,243.21,3,Team,US East
2026-07-07,264.63,1,Business,US West
2026-07-07,245.1,1,Business,US East
2026-07-07,16.65,1,Starter,US East
2026-07-07,19.43,1,Starter,APAC
2026-07-07,158.9,2,Team,US West
2026-07-07,41.07,2,Starter,US East
2026-07-07,1659.63,2,Enterprise,US West
2026-07-07,18.98,1,Starter,US East
2026-07-07,75.73,1,Team,Europe
2026-07-07,74.39,1,Team,US West
2026-07-07,871.42,1,Enterprise,Europe
2026-07-07,79.11,1,Team,US West
2026-07-07,18.75,1,Starter,US East
2026-07-07,1872.58,2,Enterprise,US West
2026-07-07,84.09,1,Team,Europe
2026-07-07,173.03,2,Team,APAC
2026-07-07,18.97,1,Starter,US West
2026-07-07,514.75,2,Business,Europe
2026-07-07,160.93,2,Team,US East
2026-07-07,474.38,2,Business,APAC
2026-07-07,813.57,3,Business,US West
2026-07-07,149.34,2,Team,US West
2026-07-07,153.08,2,Team,US East
2026-07-07,72.75,1,Team,Europe
2026-07-07,36.16,2,Starter,US West
2026-07-07,163.68,2,Team,Europe
2026-07-07,158.38,2,Team,US West
2026-07-07,79.49,1,Team,US West
2026-07-07,75.93,1,Team,Europe
2026-07-07,87.85,1,Team,US West
2026-07-07,1700.97,2,Enterprise,US East
2026-07-07,82.91,1,Team,US East
2026-07-07,36.08,2,Starter,US East
2026-07-07,20.11,1,Starter,US West
2026-07-07,18.61,1,Starter,US West
2026-07-07,225.26,1,Business,US West
2026-07-07,38.17,2,Starter,Europe
2026-07-08,19.71,1,Starter,US East
2026-07-08,37.13,2,Starter,US East
2026-07-08,20.1,1,Starter,Europe
2026-07-08,18.85,1,Starter,US East
2026-07-08,34.37,2,Starter,US West
2026-07-08,485.77,2,Business,US West
2026-07-08,151.59,2,Team,US West
2026-07-08,77.17,1,Team,US East
2026-07-08,79.27,1,Team,US East
2026-07-08,79.87,1,Team,US West
2026-07-08,37.8,2,Starter,US East
2026-07-08,38.32,2,Starter,US West
2026-07-08,79.42,1,Team,US West
2026-07-08,157.94,2,Team,US West
2026-07-08,76.59,1,Team,APAC
2026-07-08,75.22,1,Team,US East
2026-07-08,254.15,1,Business,US West
2026-07-08,40.75,2,Starter,US West
2026-07-08,262.45,1,Business,Europe
2026-07-08,19.0,1,Starter,US East
2026-07-08,76.78,1,Team,Europe
2026-07-08,162.73,2,Team,US East
2026-07-08,37.16,2,Starter,US West
2026-07-08,21.43,1,Starter,APAC
2026-07-08,79.38,1,Team,Europe
2026-07-08,260.04,1,Business,US East
2026-07-08,37.07,2,Starter,US East
2026-07-08,160.97,2,Team,US West
2026-07-08,258.12,1,Business,US West
2026-07-08,84.37,1,Team,US East
2026-07-08,72.82,1,Team,US West
2026-07-08,159.31,2,Team,US East
2026-07-08,39.49,2,Starter,US West
2026-07-08,156.13,2,Team,US West
2026-07-08,75.79,1,Team,US West
2026-07-08,38.52,2,Starter,Europe
2026-07-08,166.31,2,Team,US West
2026-07-08,79.23,1,Team,US West
2026-07-08,39.04,2,Starter,US East
2026-07-08,19.31,1,Starter,APAC
2026-07-08,38.47,2,Starter,US East
2026-07-08,18.52,1,Starter,APAC
2026-07-08,35.64,2,Starter,US East
2026-07-08,220.34,1,Business,US East
2026-07-08,39.02,2,Starter,US West
2026-07-08,759.59,3,Business,Europe
2026-07-08,80.19,1,Team,US East
2026-07-08,1792.92,2,Enterprise,Europe
2026-07-08,235.38,1,Business,APAC
2026-07-08,37.24,2,Starter,Europe
2026-07-08,74.05,1,Team,US West
2026-07-08,17.01,1,Starter,US East
2026-07-08,503.72,2,Business,US West
2026-07-08,159.82,2,Team,US West
2026-07-08,239.73,1,Business,US East
2026-07-08,85.49,1,Team,US West
2026-07-08,21.29,1,Starter,US East
2026-07-08,79.45,1,Team,US West
2026-07-08,39.51,2,Starter,Europe
2026-07-08,84.61,1,Team,Europe
2026-07-08,19.36,1,Starter,APAC
2026-07-08,39.61,2,Starter,APAC
2026-07-08,37.1,2,Starter,US West
2026-07-08,78.85,1,Team,US East
2026-07-08,240.63,1,Business,APAC
2026-07-08,18.76,1,Starter,US East
2026-07-08,73.65,1,Team,Europe
2026-07-08,148.81,2,Team,US East
2026-07-08,18.32,1,Starter,US East
2026-07-08,135.49,2,Team,US East
2026-07-08,257.27,1,Business,US East
2026-07-08,42.41,2,Starter,APAC
2026-07-08,2815.89,3,Enterprise,Europe
2026-07-08,19.43,1,Starter,US West
2026-07-08,35.25,2,Starter,US West
2026-07-08,37.65,2,Starter,US West
2026-07-08,252.12,3,Team,US East
2026-07-08,20.19,1,Starter,US West
2026-07-08,259.34,1,Business,US West
2026-07-08,18.75,1,Starter,US East
2026-07-08,72.76,1,Team,US West
2026-07-08,1837.51,2,Enterprise,US East
2026-07-08,547.71,2,Business,APAC
2026-07-08,249.8,1,Business,US West
2026-07-08,37.81,2,Starter,APAC
2026-07-08,39.79,2,Starter,US West
2026-07-08,79.85,1,Team,US East
2026-07-08,38.36,2,Starter,APAC
2026-07-08,18.96,1,Starter,US West
2026-07-08,86.87,1,Team,US East
2026-07-08,464.48,2,Business,US West
2026-07-08,155.32,2,Team,Europe
2026-07-08,251.49,1,Business,US West
2026-07-08,38.69,2,Starter,US East
2026-07-08,40.26,2,Starter,US East
2026-07-08,19.69,1,Starter,US East
2026-07-08,1881.19,2,Enterprise,Europe
2026-07-08,266.41,1,Business,Europe
2026-07-09,152.26,2,Team,Europe
2026-07-09,36.4,2,Starter,US West
2026-07-09,80.62,1,Team,Europe
2026-07-09,20.89,1,Starter,Europe
2026-07-09,39.35,2,Starter,US West
2026-07-09,479.48,2,Business,US East
2026-07-09,517.71,2,Business,Europe
2026-07-09,19.83,1,Starter,Europe
2026-07-09,18.36,1,Starter,US West
2026-07-09,240.55,1,Business,Europe
2026-07-09,40.78,2,Starter,US West
2026-07-09,39.1,2,Starter,US East
2026-07-09,150.0,2,Team,US West
2026-07-09,2555.86,3,Enterprise,Europe
2026-07-09,37.29,2,Starter,Europe
2026-07-09,79.76,1,Team,US West
2026-07-09,501.15,2,Business,APAC
2026-07-09,37.48,2,Starter,Europe
2026-07-09,146.87,2,Team,Europe
2026-07-09,495.92,2,Business,US East
2026-07-09,78.63,1,Team,US East
2026-07-09,18.31,1,Starter,US East
2026-07-09,35.84,2,Starter,US East
2026-07-09,77.2,1,Team,APAC
2026-07-09,159.76,2,Team,US West
2026-07-09,20.38,1,Starter,US West
2026-07-09,38.94,2,Starter,APAC
2026-07-09,78.11,1,Team,APAC
2026-07-09,891.01,1,Enterprise,APAC
2026-07-09,18.03,1,Starter,Europe
2026-07-09,20.45,1,Starter,Europe
2026-07-09,76.06,1,Team,US West
2026-07-09,18.55,1,Starter,Europe
2026-07-09,18.62,1,Starter,APAC
2026-07-09,495.4,2,Business,US East
2026-07-09,17.7,1,Starter,APAC
2026-07-09,78.94,1,Team,Europe
2026-07-09,84.99,1,Team,US West
2026-07-09,143.2,2,Team,US West
2026-07-09,37.34,2,Starter,Europe
2026-07-09,18.59,1,Starter,US East
2026-07-09,17.5,1,Starter,US East
2026-07-09,37.73,2,Starter,US East
2026-07-09,489.6,2,Business,Europe
2026-07-09,39.4,2,Starter,APAC
2026-07-09,20.54,1,Starter,Europe
2026-07-09,35.36,2,Starter,US West
2026-07-09,152.37,2,Team,Europe
2026-07-09,149.41,2,Team,US West
2026-07-09,75.79,1,Team,US East
2026-07-09,18.97,1,Starter,US East
2026-07-09,254.7,1,Business,US East
2026-07-09,37.96,2,Starter,US East
2026-07-09,36.54,2,Starter,US West
2026-07-09,464.85,2,Business,US East
2026-07-09,35.45,2,Starter,APAC
2026-07-09,35.22,2,Starter,US East
2026-07-09,249.71,1,Business,US West
2026-07-09,153.7,2,Team,Europe
2026-07-09,239.41,1,Business,US West
2026-07-09,73.15,1,Team,US West
2026-07-09,39.05,2,Starter,Europe
2026-07-09,17.65,1,Starter,US East
2026-07-09,252.08,1,Business,US East
2026-07-09,891.73,1,Enterprise,APAC
2026-07-09,145.83,2,Team,US West
2026-07-09,84.05,1,Team,US West
2026-07-09,19.01,1,Starter,US East
2026-07-09,80.73,1,Team,US East
2026-07-09,79.49,1,Team,US West
2026-07-09,75.16,1,Team,US West
2026-07-09,266.21,1,Business,Europe
2026-07-09,945.82,1,Enterprise,Europe
2026-07-09,257.75,1,Business,US West
2026-07-09,1605.92,2,Enterprise,US East
2026-07-09,20.69,1,Starter,US West
2026-07-09,160.06,2,Team,US East
2026-07-09,81.37,1,Team,Europe
2026-07-09,20.31,1,Starter,US East
2026-07-09,40.0,2,Starter,Europe
2026-07-09,83.61,1,Team,US West
2026-07-09,512.62,2,Business,US East
2026-07-09,75.77,1,Team,APAC
2026-07-10,160.27,2,Team,US East
2026-07-10,478.66,2,Business,Europe
2026-07-10,77.44,1,Team,Europe
2026-07-10,18.92,1,Starter,US West
2026-07-10,153.17,2,Team,US East
2026-07-10,85.08,1,Team,Europe
2026-07-10,162.27,2,Team,US West
2026-07-10,158.59,2,Team,Europe
2026-07-10,77.81,1,Team,US West
2026-07-10,502.83,2,Business,US East
2026-07-10,78.09,1,Team,Europe
2026-07-10,17.89,1,Starter,US West
2026-07-10,18.59,1,Starter,US East
2026-07-10,18.63,1,Starter,US East
2026-07-10,79.91,1,Team,US West
2026-07-10,905.55,1,Enterprise,US East
2026-07-10,232.18,3,Team,US West
2026-07-10,252.16,1,Business,US East
2026-07-10,149.95,2,Team,US East
2026-07-10,79.77,1,Team,US East
2026-07-10,54.07,3,Starter,Europe
2026-07-10,147.16,2,Team,APAC
2026-07-10,507.91,2,Business,US West
2026-07-10,40.83,2,Starter,APAC
2026-07-10,275.84,1,Business,APAC
2026-07-10,238.04,1,Business,APAC
2026-07-10,482.49,2,Business,US West
2026-07-10,73.98,1,Team,US West
2026-07-10,18.64,1,Starter,Europe
2026-07-10,18.88,1,Starter,US West
2026-07-10,79.8,1,Team,Europe
2026-07-10,18.53,1,Starter,Europe
2026-07-10,17.43,1,Starter,US West
2026-07-10,38.09,2,Starter,APAC
2026-07-10,33.79,2,Starter,APAC
2026-07-10,20.18,1,Starter,US West
2026-07-10,18.81,1,Starter,APAC
2026-07-10,37.9,2,Starter,APAC
2026-07-10,245.25,1,Business,US West
2026-07-10,77.02,1,Team,US West
2026-07-10,145.56,2,Team,US East
2026-07-10,18.53,1,Starter,US East
2026-07-10,38.13,2,Starter,US East
2026-07-10,260.33,1,Business,US East
2026-07-10,18.22,1,Starter,Europe
2026-07-10,18.6,1,Starter,US East
2026-07-10,255.14,1,Business,Europe
2026-07-10,18.92,1,Starter,US East
2026-07-10,503.18,2,Business,Europe
2026-07-10,244.48,3,Team,US West
2026-07-10,239.39,1,Business,US West
2026-07-10,80.47,1,Team,US West
2026-07-10,71.07,1,Team,Europe
2026-07-10,448.38,2,Business,APAC
2026-07-10,18.72,1,Starter,US East
2026-07-10,19.84,1,Starter,US East
2026-07-10,36.98,2,Starter,US East
2026-07-10,146.09,2,Team,US West
2026-07-10,40.84,2,Starter,Europe
2026-07-10,76.38,1,Team,US West
2026-07-10,79.77,1,Team,Europe
2026-07-10,84.51,1,Team,US West
2026-07-10,38.52,2,Starter,Europe
2026-07-10,19.08,1,Starter,US East
2026-07-10,452.58,2,Business,US East
2026-07-10,146.45,2,Team,US West
2026-07-10,982.93,1,Enterprise,US East
2026-07-10,40.16,2,Starter,US East
2026-07-10,17.17,1,Starter,US East
2026-07-10,469.28,2,Business,US East
2026-07-10,72.66,1,Team,US East
2026-07-10,38.19,2,Starter,Europe
2026-07-10,40.1,2,Starter,US East
2026-07-10,249.99,1,Business,US West
2026-07-11,20.66,1,Starter,Europe
2026-07-11,18.02,1,Starter,US West
2026-07-11,37.3,2,Starter,US West
2026-07-11,40.17,2,Starter,Europe
2026-07-11,36.63,2,Starter,US East
2026-07-11,41.45,2,Starter,US East
2026-07-11,17.96,1,Starter,Europe
2026-07-11,1907.63,2,Enterprise,US East
2026-07-11,480.95,2,Business,US West
2026-07-11,1811.2,2,Enterprise,US East
2026-07-11,18.56,1,Starter,Europe
2026-07-11,71.45,1,Team,APAC
2026-07-11,36.76,2,Starter,US East
2026-07-11,18.84,1,Starter,APAC
2026-07-11,17.66,1,Starter,US East
2026-07-11,265.48,1,Business,APAC
2026-07-11,232.75,1,Business,US West
2026-07-11,18.81,1,Starter,US East
2026-07-11,919.21,1,Enterprise,US West
2026-07-11,80.73,1,Team,US East
2026-07-11,82.6,1,Team,US East
2026-07-11,18.11,1,Starter,Europe
2026-07-11,83.33,1,Team,Europe
2026-07-11,1799.68,2,Enterprise,US West
2026-07-11,158.58,2,Team,US West
2026-07-11,19.17,1,Starter,US West
2026-07-11,39.72,2,Starter,APAC
2026-07-11,78.51,1,Team,US West
2026-07-11,493.92,2,Business,US East
2026-07-11,19.31,1,Starter,US West
2026-07-11,249.24,1,Business,US West
2026-07-11,41.49,2,Starter,APAC
2026-07-11,34.22,2,Starter,US East
2026-07-11,74.51,1,Team,APAC
2026-07-11,514.64,2,Business,US West
2026-07-11,37.07,2,Starter,US West
2026-07-11,80.13,1,Team,US East
2026-07-11,18.62,1,Starter,US West
2026-07-11,19.28,1,Starter,APAC
2026-07-11,78.12,1,Team,US West
2026-07-11,17.89,1,Starter,Europe
2026-07-11,1885.11,2,Enterprise,US East
2026-07-11,81.24,1,Team,US East
2026-07-11,37.05,2,Starter,US West
2026-07-11,161.26,2,Team,APAC
2026-07-11,19.08,1,Starter,US West
2026-07-11,42.13,2,Starter,US West
2026-07-11,37.05,2,Starter,US West
2026-07-11,77.36,1,Team,APAC
2026-07-11,221.79,1,Business,Europe
2026-07-11,36.99,2,Starter,US West
2026-07-11,81.8,1,Team,US West
2026-07-11,505.28,2,Business,US West
2026-07-11,494.94,2,Business,Europe
2026-07-11,72.07,1,Team,US West
2026-07-11,507.33,2,Business,US West
2026-07-11,76.83,1,Team,US West
2026-07-12,37.98,2,Starter,US West
2026-07-12,238.34,1,Business,US East
2026-07-12,85.72,1,Team,APAC
2026-07-12,17.66,1,Starter,Europe
2026-07-12,37.82,2,Starter,Europe
2026-07-12,17.68,1,Starter,US West
2026-07-12,249.0,1,Business,Europe
2026-07-12,152.5,2,Team,US East
2026-07-12,83.58,1,Team,Europe
2026-07-12,19.76,1,Starter,US West
2026-07-12,38.14,2,Starter,US East
2026-07-12,156.79,2,Team,US West
2026-07-12,77.8,1,Team,US West
2026-07-12,18.22,1,Starter,US West
2026-07-12,38.5,2,Starter,US West
2026-07-12,20.59,1,Starter,US East
2026-07-12,19.24,1,Starter,US West
2026-07-12,18.46,1,Starter,US East
2026-07-12,258.47,1,Business,US West
2026-07-12,82.76,1,Team,US East
2026-07-12,37.78,2,Starter,US West
2026-07-12,262.02,1,Business,US East
2026-07-12,238.62,1,Business,US East
2026-07-12,85.99,1,Team,Europe
2026-07-12,18.36,1,Starter,US East
2026-07-12,36.7,2,Starter,US East
2026-07-12,235.28,1,Business,APAC
2026-07-12,76.78,1,Team,US West
2026-07-12,17.98,1,Starter,US West
2026-07-12,154.04,2,Team,US East
2026-07-12,80.14,1,Team,Europe
2026-07-12,246.65,1,Business,Europe
2026-07-12,38.92,2,Starter,US West
2026-07-12,84.71,1,Team,APAC
2026-07-12,18.83,1,Starter,US East
2026-07-12,497.63,2,Business,US West
2026-07-12,36.4,2,Starter,US West
2026-07-12,18.39,1,Starter,Europe
2026-07-13,19.88,1,Starter,APAC
2026-07-13,19.9,1,Starter,Europe
2026-07-13,74.13,1,Team,US East
2026-07-13,18.75,1,Starter,US East
2026-07-13,259.78,1,Business,US East
2026-07-13,55.27,3,Starter,US East
2026-07-13,156.94,2,Team,US East
2026-07-13,164.37,2,Team,US East
2026-07-13,77.97,1,Team,APAC
2026-07-13,20.48,1,Starter,US West
2026-07-13,279.8,1,Business,US East
2026-07-13,229.68,3,Team,US East
2026-07-13,175.15,2,Team,APAC
2026-07-13,142.99,2,Team,US East
2026-07-13,502.05,2,Business,Europe
2026-07-13,80.95,1,Team,US East
2026-07-13,858.03,1,Enterprise,US East
2026-07-13,146.64,2,Team,US West
2026-07-13,39.52,2,Starter,US East
2026-07-13,164.07,2,Team,US East
2026-07-13,71.48,1,Team,Europe
2026-07-13,76.31,1,Team,US West
2026-07-13,18.85,1,Starter,US West
2026-07-13,20.48,1,Starter,US West
2026-07-13,167.81,2,Team,APAC
2026-07-13,72.89,1,Team,US East
2026-07-13,18.63,1,Starter,US West
2026-07-13,253.8,1,Business,US West
2026-07-13,75.38,1,Team,US West
2026-07-13,486.84,2,Business,US West
2026-07-13,543.61,2,Business,US East
2026-07-13,452.68,2,Business,APAC
2026-07-13,157.19,2,Team,US West
2026-07-13,84.99,1,Team,US West
2026-07-13,518.56,2,Business,Europe
2026-07-13,164.55,2,Team,US East
2026-07-13,473.99,2,Business,Europe
2026-07-13,939.18,1,Enterprise,Europe
2026-07-13,76.16,1,Team,US West
2026-07-13,38.31,2,Starter,APAC
2026-07-13,162.75,2,Team,US East
2026-07-13,508.6,2,Business,US East
2026-07-13,34.85,2,Starter,US West
2026-07-13,170.7,2,Team,US East
2026-07-13,39.24,2,Starter,US West
2026-07-13,75.59,1,Team,US West
2026-07-13,968.33,1,Enterprise,US East
2026-07-13,89.47,1,Team,APAC
2026-07-13,37.93,2,Starter,US West
2026-07-13,78.73,1,Team,US West
2026-07-13,81.78,1,Team,US East
2026-07-13,76.09,1,Team,US East
2026-07-13,18.78,1,Starter,US East
2026-07-13,419.66,2,Business,US West
2026-07-13,494.87,2,Business,Europe
2026-07-13,77.65,1,Team,US East
2026-07-13,234.68,1,Business,APAC
2026-07-13,82.81,1,Team,APAC
2026-07-13,35.77,2,Starter,US West
2026-07-13,868.66,1,Enterprise,APAC
2026-07-13,37.12,2,Starter,US East
2026-07-13,19.2,1,Starter,US East
2026-07-13,164.24,2,Team,US West
2026-07-13,1748.59,2,Enterprise,Europe
2026-07-13,20.46,1,Starter,US West
2026-07-13,38.03,2,Starter,US East
2026-07-13,73.89,1,Team,US West
2026-07-13,19.68,1,Starter,US West
2026-07-13,1756.02,2,Enterprise,Europe
2026-07-13,78.86,1,Team,US West
2026-07-13,147.45,2,Team,US West
2026-07-13,166.22,2,Team,APAC
2026-07-13,38.29,2,Starter,US East
2026-07-13,900.48,1,Enterprise,US West
2026-07-13,20.18,1,Starter,US West
2026-07-13,79.73,1,Team,Europe
2026-07-13,20.01,1,Starter,US East
2026-07-13,19.43,1,Starter,APAC
2026-07-13,151.35,2,Team,Europe
2026-07-13,162.09,2,Team,US West
2026-07-13,19.18,1,Starter,US West
2026-07-13,40.41,2,Starter,US East
2026-07-13,39.43,2,Starter,US West
2026-07-13,80.4,1,Team,US West
2026-07-13,484.41,2,Business,US East
2026-07-13,75.8,1,Team,Europe
2026-07-13,39.79,2,Starter,APAC
2026-07-13,37.03,2,Starter,US East
2026-07-13,151.82,2,Team,US East
2026-07-13,1691.59,2,Enterprise,US East
2026-07-13,38.8,2,Starter,APAC
2026-07-13,491.84,2,Business,US West
2026-07-13,85.33,1,Team,APAC
2026-07-13,37.95,2,Starter,Europe
2026-07-14,19.46,1,Starter,US West
2026-07-14,19.98,1,Starter,US East
2026-07-14,18.13,1,Starter,APAC
2026-07-14,37.3,2,Starter,US East
2026-07-14,156.49,2,Team,US East
2026-07-14,159.66,2,Team,Europe
2026-07-14,17.76,1,Starter,US East
2026-07-14,2049.68,2,Enterprise,Europe
2026-07-14,19.64,1,Starter,Europe
2026-07-14,71.96,1,Team,US West
2026-07-14,37.9,2,Starter,APAC
2026-07-14,18.67,1,Starter,US West
2026-07-14,54.72,3,Starter,APAC
2026-07-14,18.75,1,Starter,US West
2026-07-14,40.24,2,Starter,US West
2026-07-14,18.88,1,Starter,US West
2026-07-14,78.01,1,Team,US West
2026-07-14,829.29,1,Enterprise,APAC
2026-07-14,281.78,1,Business,APAC
2026-07-14,19.68,1,Starter,Europe
2026-07-14,260.95,1,Business,US West
2026-07-14,36.29,2,Starter,US West
2026-07-14,253.92,1,Business,US East
2026-07-14,156.24,2,Team,Europe
2026-07-14,78.66,1,Team,US East
2026-07-14,1778.44,2,Enterprise,US West
2026-07-14,38.1,2,Starter,US West
2026-07-14,79.56,1,Team,US West
2026-07-14,18.79,1,Starter,US East
2026-07-14,266.21,1,Business,US East
2026-07-14,20.54,1,Starter,Europe
2026-07-14,166.56,2,Team,Europe
2026-07-14,251.73,3,Team,US East
2026-07-14,146.27,2,Team,APAC
2026-07-14,957.15,1,Enterprise,Europe
2026-07-14,164.45,2,Team,APAC
2026-07-14,75.18,1,Team,US West
2026-07-14,19.09,1,Starter,US East
2026-07-14,77.32,1,Team,US West
2026-07-14,40.1,2,Starter,US West
2026-07-14,154.17,2,Team,US West
2026-07-14,18.49,1,Starter,US East
2026-07-14,83.23,1,Team,US West
2026-07-14,160.93,2,Team,Europe
2026-07-14,81.46,1,Team,US West
2026-07-14,75.94,1,Team,US East
2026-07-14,77.52,1,Team,Europe
2026-07-14,36.6,2,Starter,US East
2026-07-14,77.73,1,Team,APAC
2026-07-14,38.13,2,Starter,US East
2026-07-14,19.79,1,Starter,US West
2026-07-14,19.33,1,Starter,US East
2026-07-14,90.62,1,Team,US East
2026-07-14,18.19,1,Starter,US West
2026-07-14,41.98,2,Starter,US East
2026-07-14,159.69,2,Team,Europe
2026-07-14,161.03,2,Team,US West
2026-07-14,488.17,2,Business,US West
2026-07-14,19.57,1,Starter,APAC
2026-07-14,77.97,1,Team,APAC
2026-07-14,258.64,1,Business,US West
2026-07-14,243.65,1,Business,US West
2026-07-14,18.73,1,Starter,US East
2026-07-14,502.15,2,Business,US West
2026-07-14,20.27,1,Starter,US East
2026-07-14,79.14,1,Team,US West
2026-07-14,19.65,1,Starter,US West
2026-07-14,19.3,1,Starter,US East
2026-07-14,249.59,3,Team,US West
2026-07-14,78.92,1,Team,US West
2026-07-14,251.82,1,Business,Europe
2026-07-14,264.17,1,Business,Europe
2026-07-14,19.76,1,Starter,US West
2026-07-14,77.21,1,Team,US East
2026-07-14,78.76,1,Team,US West
2026-07-14,18.26,1,Starter,Europe
2026-07-14,224.58,3,Team,US West
2026-07-14,1834.42,2,Enterprise,US West
2026-07-14,19.7,1,Starter,US East
2026-07-14,162.7,2,Team,US West
2026-07-14,79.8,1,Team,US West
2026-07-14,17.52,1,Starter,US East
2026-07-14,40.23,2,Starter,US West
2026-07-14,158.88,2,Team,Europe
2026-07-14,20.3,1,Starter,US East
2026-07-14,34.92,2,Starter,US West
2026-07-14,37.92,2,Starter,APAC
2026-07-14,148.59,2,Team,APAC
2026-07-14,19.87,1,Starter,US East
2026-07-14,38.92,2,Starter,US East
2026-07-14,530.92,2,Business,US West
2026-07-14,242.13,1,Business,Europe
2026-07-14,1752.89,2,Enterprise,US West
2026-07-14,168.92,2,Team,US West
2026-07-15,18.05,1,Starter,APAC
2026-07-15,153.32,2,Team,Europe
2026-07-15,153.33,2,Team,US West
2026-07-15,485.49,2,Business,Europe
2026-07-15,161.02,2,Team,APAC
2026-07-15,486.28,2,Business,US West
2026-07-15,490.67,2,Business,US West
2026-07-15,42.98,2,Starter,US West
2026-07-15,83.0,1,Team,APAC
2026-07-15,236.84,1,Business,US West
2026-07-15,78.95,1,Team,US West
2026-07-15,74.76,1,Team,US West
2026-07-15,37.5,2,Starter,US West
2026-07-15,20.08,1,Starter,US East
2026-07-15,484.95,2,Business,Europe
2026-07-15,988.5,1,Enterprise,US West
2026-07-15,79.63,1,Team,US West
2026-07-15,162.05,2,Team,US West
2026-07-15,38.49,2,Starter,APAC
2026-07-15,86.7,1,Team,Europe
2026-07-15,37.34,2,Starter,US East
2026-07-15,167.02,2,Team,Europe
2026-07-15,82.35,1,Team,Europe
2026-07-15,18.84,1,Starter,US East
2026-07-15,533.07,2,Business,Europe
2026-07-15,37.03,2,Starter,APAC
2026-07-15,76.59,1,Team,APAC
2026-07-15,244.67,1,Business,Europe
2026-07-15,160.64,2,Team,US West
2026-07-15,245.7,1,Business,Europe
2026-07-15,35.65,2,Starter,US East
2026-07-15,18.84,1,Starter,US East
2026-07-15,246.74,1,Business,US East
2026-07-15,19.38,1,Starter,US West
2026-07-15,19.88,1,Starter,US East
2026-07-15,18.07,1,Starter,US West
2026-07-15,19.53,1,Starter,Europe
2026-07-15,505.84,2,Business,Europe
2026-07-15,35.74,2,Starter,US East
2026-07-15,269.21,1,Business,APAC
2026-07-15,167.86,2,Team,US East
2026-07-15,81.21,1,Team,US East
2026-07-15,75.05,1,Team,US West
2026-07-15,18.27,1,Starter,Europe
2026-07-15,156.24,2,Team,US East
2026-07-15,17.63,1,Starter,US West
2026-07-15,945.2,1,Enterprise,US West
2026-07-15,58.41,3,Starter,US East
2026-07-15,163.08,2,Team,US East
2026-07-15,82.61,1,Team,US East
2026-07-15,81.09,1,Team,US East
2026-07-15,161.67,2,Team,US West
2026-07-15,266.69,1,Business,US East
2026-07-15,915.78,1,Enterprise,US West
2026-07-15,81.91,1,Team,US West
2026-07-15,15.99,1,Starter,Europe
2026-07-15,163.43,2,Team,US West
2026-07-15,61.22,3,Starter,US West
2026-07-15,162.56,2,Team,Europe
2026-07-15,40.42,2,Starter,Europe
2026-07-15,239.48,1,Business,Europe
2026-07-15,74.78,1,Team,US East
2026-07-15,37.09,2,Starter,Europe
2026-07-15,155.91,2,Team,Europe
2026-07-15,498.86,2,Business,US West
2026-07-15,1745.12,2,Enterprise,US East
2026-07-15,511.95,2,Business,US East
2026-07-15,241.38,3,Team,Europe
2026-07-15,1829.3,2,Enterprise,US West
2026-07-15,83.11,1,Team,US West
2026-07-15,20.3,1,Starter,US East
2026-07-15,153.23,2,Team,US East
2026-07-15,78.65,1,Team,US East
2026-07-15,38.47,2,Starter,Europe
2026-07-15,19.24,1,Starter,US East
2026-07-15,19.65,1,Starter,US East
2026-07-15,17.62,1,Starter,US West
2026-07-15,83.62,1,Team,US East
2026-07-15,38.31,2,Starter,US West
2026-07-15,18.6,1,Starter,US West
2026-07-15,39.05,2,Starter,Europe
2026-07-15,84.51,1,Team,US West
2026-07-15,82.24,1,Team,Europe
2026-07-15,18.57,1,Starter,US East
2026-07-15,81.03,1,Team,US West
2026-07-15,148.87,2,Team,Europe
2026-07-15,496.87,2,Business,Europe
2026-07-15,82.0,1,Team,US East
2026-07-15,77.31,1,Team,US West
2026-07-15,18.31,1,Starter,US West
2026-07-15,897.87,1,Enterprise,US East
2026-07-15,19.39,1,Starter,US West
2026-07-15,20.29,1,Starter,Europe
2026-07-15,81.0,1,Team,US East
2026-07-15,139.28,2,Team,US East
2026-07-15,150.38,2,Team,APAC
2026-07-15,915.79,1,Enterprise,US West
2026-07-15,17.94,1,Starter,US East
2026-07-16,77.82,1,Team,US West
2026-07-16,32.25,2,Starter,US East
2026-07-16,18.26,1,Starter,US East
2026-07-16,506.1,2,Business,Europe
2026-07-16,75.64,1,Team,US East
2026-07-16,18.72,1,Starter,US East
2026-07-16,34.59,2,Starter,US East
2026-07-16,81.75,1,Team,US West
2026-07-16,82.28,1,Team,US East
2026-07-16,36.23,2,Starter,US East
2026-07-16,244.57,1,Business,US East
2026-07-16,18.33,1,Starter,US East
2026-07-16,238.36,1,Business,US West
2026-07-16,166.88,2,Team,US East
2026-07-16,879.93,1,Enterprise,US West
2026-07-16,555.87,2,Business,US West
2026-07-16,77.28,1,Team,Europe
2026-07-16,923.54,1,Enterprise,US West
2026-07-16,39.13,2,Starter,US West
2026-07-16,258.58,1,Business,Europe
2026-07-16,80.34,1,Team,US West
2026-07-16,244.99,1,Business,US West
2026-07-16,75.21,1,Team,US East
2026-07-16,19.31,1,Starter,Europe
2026-07-16,158.92,2,Team,US West
2026-07-16,82.62,1,Team,US East
2026-07-16,19.53,1,Starter,US East
2026-07-16,161.75,2,Team,US East
2026-07-16,263.85,1,Business,US East
2026-07-16,78.4,1,Team,US East
2026-07-16,1873.68,2,Enterprise,APAC
2026-07-16,79.34,1,Team,US West
2026-07-16,175.5,2,Team,APAC
2026-07-16,261.75,1,Business,US West
2026-07-16,18.63,1,Starter,US West
2026-07-16,515.69,2,Business,US West
2026-07-16,21.33,1,Starter,APAC
2026-07-16,16.15,1,Starter,US West
2026-07-16,261.22,1,Business,US West
2026-07-16,920.45,1,Enterprise,APAC
2026-07-16,18.2,1,Starter,US West
2026-07-16,163.54,2,Team,Europe
2026-07-16,18.71,1,Starter,US West
2026-07-16,19.81,1,Starter,US East
2026-07-16,498.23,2,Business,US East
2026-07-16,38.82,2,Starter,Europe
2026-07-16,38.9,2,Starter,US West
2026-07-16,18.46,1,Starter,Europe
2026-07-16,73.98,1,Team,US East
2026-07-16,70.49,1,Team,US East
2026-07-16,36.75,2,Starter,US West
2026-07-16,152.63,2,Team,US West
2026-07-16,523.9,2,Business,US East
2026-07-16,39.51,2,Starter,APAC
2026-07-16,18.06,1,Starter,US West
2026-07-16,252.5,1,Business,US East
2026-07-16,250.46,3,Team,Europe
2026-07-16,35.42,2,Starter,APAC
2026-07-16,38.67,2,Starter,Europe
2026-07-16,244.15,1,Business,US West
2026-07-16,473.62,2,Business,US East
2026-07-16,17.47,1,Starter,APAC
2026-07-16,823.17,1,Enterprise,Europe
2026-07-16,77.18,1,Team,APAC
2026-07-16,75.03,1,Team,US West
2026-07-16,70.0,1,Team,US West
2026-07-16,529.84,2,Business,Europe
2026-07-16,18.63,1,Starter,US East
2026-07-16,57.62,3,Starter,US West
2026-07-16,75.54,1,Team,Europe
2026-07-16,18.57,1,Starter,APAC
2026-07-16,38.15,2,Starter,US East
2026-07-16,494.23,2,Business,Europe
2026-07-16,39.71,2,Starter,Europe
2026-07-16,38.14,2,Starter,US West
2026-07-16,71.18,1,Team,US East
2026-07-16,152.24,2,Team,APAC
2026-07-16,18.9,1,Starter,US East
2026-07-16,159.44,2,Team,US East
2026-07-16,484.07,2,Business,Europe
2026-07-16,240.63,1,Business,US East
2026-07-16,80.05,1,Team,US West
2026-07-16,160.84,2,Team,US East
2026-07-16,52.35,3,Starter,US West
2026-07-16,18.37,1,Starter,Europe
2026-07-16,463.79,2,Business,US East
2026-07-16,20.38,1,Starter,US East
2026-07-16,38.02,2,Starter,US East
2026-07-16,245.49,1,Business,Europe
2026-07-16,163.65,2,Team,Europe
2026-07-16,82.64,1,Team,Europe
2026-07-16,41.13,2,Starter,US East
2026-07-16,19.19,1,Starter,US East
2026-07-16,80.54,1,Team,US West
2026-07-16,38.53,2,Starter,Europe
2026-07-16,19.86,1,Starter,US East
2026-07-16,79.39,1,Team,US East
2026-07-16,157.11,2,Team,Europe
2026-07-16,78.3,1,Team,US East
2026-07-16,80.5,1,Team,US West
2026-07-16,19.45,1,Starter,US West
2026-07-16,19.05,1,Starter,US West
2026-07-16,18.19,1,Starter,US East
2026-07-16,84.72,1,Team,Europe
2026-07-16,523.67,2,Business,US West
2026-07-16,155.82,2,Team,US West
2026-07-16,1842.11,2,Enterprise,US West
2026-07-16,37.97,2,Starter,US West
2026-07-16,514.0,2,Business,Europe
2026-07-16,80.08,1,Team,US East
2026-07-17,485.5,2,Business,US East
2026-07-17,257.96,1,Business,US East
2026-07-17,1733.27,2,Enterprise,US East
2026-07-17,230.59,1,Business,US East
2026-07-17,18.75,1,Starter,APAC
2026-07-17,76.77,1,Team,US East
2026-07-17,271.12,1,Business,US West
2026-07-17,40.86,2,Starter,US East
2026-07-17,169.84,2,Team,US West
2026-07-17,74.21,1,Team,US East
2026-07-17,18.31,1,Starter,US West
2026-07-17,853.57,1,Enterprise,US West
2026-07-17,261.74,1,Business,US West
2026-07-17,141.51,2,Team,US West
2026-07-17,146.94,2,Team,US West
2026-07-17,71.89,1,Team,US West
2026-07-17,40.13,2,Starter,US West
2026-07-17,168.67,2,Team,Europe
2026-07-17,18.14,1,Starter,APAC
2026-07-17,145.84,2,Team,US West
2026-07-17,176.6,2,Team,US East
2026-07-17,41.52,2,Starter,US East
2026-07-17,82.73,1,Team,US West
2026-07-17,18.45,1,Starter,US West
2026-07-17,18.89,1,Starter,Europe
2026-07-17,83.6,1,Team,US East
2026-07-17,18.31,1,Starter,US East
2026-07-17,148.61,2,Team,US West
2026-07-17,21.49,1,Starter,US East
2026-07-17,243.88,1,Business,US East
2026-07-17,35.39,2,Starter,US West
2026-07-17,880.27,1,Enterprise,US East
2026-07-17,35.65,2,Starter,US West
2026-07-17,77.92,1,Team,Europe
2026-07-17,147.73,2,Team,US East
2026-07-17,485.36,2,Business,US East
2026-07-17,38.09,2,Starter,Europe
2026-07-17,18.64,1,Starter,Europe
2026-07-17,152.05,2,Team,Europe
2026-07-17,252.69,1,Business,Europe
2026-07-17,78.28,1,Team,US East
2026-07-17,19.66,1,Starter,US East
2026-07-17,84.29,1,Team,US West
2026-07-17,17.71,1,Starter,Europe
2026-07-17,866.24,1,Enterprise,Europe
2026-07-17,977.2,1,Enterprise,US East
2026-07-17,244.19,1,Business,Europe
2026-07-17,39.04,2,Starter,US East
2026-07-17,1794.51,2,Enterprise,US West
2026-07-17,148.52,2,Team,US East
2026-07-17,220.59,3,Team,APAC
2026-07-17,76.27,1,Team,US East
2026-07-17,19.09,1,Starter,Europe
2026-07-17,257.46,1,Business,US West
2026-07-17,18.38,1,Starter,US East
2026-07-17,78.6,1,Team,Europe
2026-07-17,78.57,1,Team,US West
2026-07-17,36.14,2,Starter,Europe
2026-07-17,36.45,2,Starter,US East
2026-07-17,245.53,1,Business,Europe
2026-07-17,39.89,2,Starter,US East
2026-07-17,19.85,1,Starter,US East
2026-07-17,507.56,2,Business,US West
2026-07-17,79.84,1,Team,US East
2026-07-17,245.98,1,Business,Europe
2026-07-17,57.08,3,Starter,US West
2026-07-17,19.75,1,Starter,US East
2026-07-17,19.0,1,Starter,US East
2026-07-18,80.63,1,Team,US West
2026-07-18,18.56,1,Starter,Europe
2026-07-18,79.76,1,Team,US West
2026-07-18,39.2,2,Starter,US West
2026-07-18,20.32,1,Starter,US East
2026-07-18,143.54,2,Team,US West
2026-07-18,896.65,1,Enterprise,US West
2026-07-18,85.31,1,Team,Europe
2026-07-18,36.65,2,Starter,APAC
2026-07-18,457.91,2,Business,Europe
2026-07-18,808.28,3,Business,US East
2026-07-18,156.52,2,Team,APAC
2026-07-18,71.79,1,Team,US East
2026-07-18,20.2,1,Starter,US West
2026-07-18,507.2,2,Business,US East
2026-07-18,18.6,1,Starter,US East
2026-07-18,75.5,1,Team,US West
2026-07-18,20.5,1,Starter,US West
2026-07-18,238.98,1,Business,APAC
2026-07-18,156.39,2,Team,US West
2026-07-18,82.75,1,Team,US West
2026-07-18,34.72,2,Starter,US West
2026-07-18,21.07,1,Starter,US East
2026-07-18,18.38,1,Starter,US West
2026-07-18,17.54,1,Starter,US East
2026-07-18,900.93,1,Enterprise,Europe
2026-07-18,80.13,1,Team,US East
2026-07-18,147.46,2,Team,US West
2026-07-18,18.35,1,Starter,US East
2026-07-18,479.85,2,Business,US West
2026-07-18,161.26,2,Team,Europe
2026-07-18,17.99,1,Starter,Europe
2026-07-18,39.58,2,Starter,US East
2026-07-18,19.18,1,Starter,US West
2026-07-18,19.15,1,Starter,US West
2026-07-18,84.48,1,Team,US East
2026-07-18,77.26,1,Team,US East
2026-07-18,39.23,2,Starter,US East
2026-07-18,17.74,1,Starter,US West
2026-07-18,157.13,2,Team,US East
2026-07-18,19.2,1,Starter,US West
2026-07-18,254.42,1,Business,US West
2026-07-18,146.37,2,Team,US West
2026-07-18,19.46,1,Starter,Europe
2026-07-18,484.11,2,Business,APAC
2026-07-18,39.92,2,Starter,US West
2026-07-18,902.87,1,Enterprise,Europe
2026-07-18,488.07,2,Business,US East
2026-07-18,36.91,2,Starter,US East
2026-07-18,18.91,1,Starter,APAC
2026-07-18,18.9,1,Starter,Europe
2026-07-19,254.35,1,Business,US West
2026-07-19,18.69,1,Starter,US East
2026-07-19,36.17,2,Starter,Europe
2026-07-19,17.96,1,Starter,US West
2026-07-19,20.51,1,Starter,US East
2026-07-19,39.52,2,Starter,Europe
2026-07-19,39.06,2,Starter,Europe
2026-07-19,19.37,1,Starter,US West
2026-07-19,154.55,2,Team,US West
2026-07-19,76.64,1,Team,US West
2026-07-19,898.65,1,Enterprise,US East
2026-07-19,19.42,1,Starter,US East
2026-07-19,17.49,1,Starter,US West
2026-07-19,74.11,1,Team,US East
2026-07-19,161.79,2,Team,US East
2026-07-19,75.51,1,Team,US West
2026-07-19,252.41,1,Business,US East
2026-07-19,82.93,1,Team,US West
2026-07-19,19.51,1,Starter,APAC
2026-07-19,161.62,2,Team,US West
2026-07-19,256.45,1,Business,APAC
2026-07-19,261.76,1,Business,US East
2026-07-19,219.34,3,Team,US East
2026-07-19,76.91,1,Team,US West
2026-07-19,80.23,1,Team,APAC
2026-07-19,500.76,2,Business,Europe
2026-07-19,20.09,1,Starter,US East
2026-07-19,67.66,1,Team,US East
2026-07-19,76.67,1,Team,Europe
2026-07-20,83.16,1,Team,US East
2026-07-20,19.21,1,Starter,US East
2026-07-20,18.74,1,Starter,Europe
2026-07-20,38.08,2,Starter,Europe
2026-07-20,36.61,2,Starter,Europe
2026-07-20,18.2,1,Starter,APAC
2026-07-20,257.23,1,Business,US West
2026-07-20,154.0,2,Team,US West
2026-07-20,60.13,3,Starter,US West
2026-07-20,256.44,1,Business,US East
2026-07-20,487.23,2,Business,US West
2026-07-20,754.86,3,Business,APAC
2026-07-20,75.4,1,Team,US West
2026-07-20,18.41,1,Starter,APAC
2026-07-20,158.16,2,Team,US West
2026-07-20,155.11,2,Team,US East
2026-07-20,18.52,1,Starter,Europe
2026-07-20,36.2,2,Starter,US East
2026-07-20,1692.95,2,Enterprise,US East
2026-07-20,17.31,1,Starter,APAC
2026-07-20,20.88,1,Starter,Europe
2026-07-20,17.7,1,Starter,US East
2026-07-20,19.02,1,Starter,US West
2026-07-20,40.15,2,Starter,US West
2026-07-20,16.51,1,Starter,Europe
2026-07-20,969.47,1,Enterprise,US West
2026-07-20,153.67,2,Team,Europe
2026-07-20,17.43,1,Starter,US East
2026-07-20,17.08,1,Starter,US West
2026-07-20,148.13,2,Team,Europe
2026-07-20,18.5,1,Starter,US East
2026-07-20,19.81,1,Starter,US East
2026-07-20,75.28,1,Team,US East
2026-07-20,36.76,2,Starter,US East
2026-07-20,76.2,1,Team,US West
2026-07-20,472.47,2,Business,US West
2026-07-20,18.45,1,Starter,US West
2026-07-20,232.99,1,Business,US East
2026-07-20,497.41,2,Business,US East
2026-07-20,497.09,2,Business,APAC
2026-07-20,143.81,2,Team,Europe
2026-07-20,17.77,1,Starter,APAC
2026-07-20,39.7,2,Starter,US East
2026-07-20,162.61,2,Team,US West
2026-07-20,865.22,1,Enterprise,US West
2026-07-20,73.47,1,Team,US East
2026-07-20,253.7,1,Business,US East
2026-07-20,77.69,1,Team,US East
2026-07-20,19.21,1,Starter,Europe
2026-07-20,84.95,1,Team,US West
2026-07-20,38.16,2,Starter,US East
2026-07-20,259.21,1,Business,US West
2026-07-20,58.37,3,Starter,APAC
2026-07-20,18.45,1,Starter,US East
2026-07-20,19.76,1,Starter,US West
2026-07-20,157.48,2,Team,US East
2026-07-20,83.66,1,Team,Europe
2026-07-20,19.29,1,Starter,Europe
2026-07-20,472.7,2,Business,Europe
2026-07-20,74.55,1,Team,US East
2026-07-20,80.85,1,Team,US West
2026-07-20,148.67,2,Team,US East
2026-07-20,157.4,2,Team,APAC
2026-07-20,18.2,1,Starter,US West
2026-07-20,77.43,1,Team,US East
2026-07-20,269.52,1,Business,Europe
2026-07-20,17.21,1,Starter,Europe
2026-07-20,928.44,1,Enterprise,Europe
2026-07-20,80.75,1,Team,Europe
2026-07-20,34.59,2,Starter,Europe
2026-07-20,498.05,2,Business,APAC
2026-07-20,19.94,1,Starter,APAC
2026-07-20,235.14,1,Business,US East
2026-07-20,165.68,2,Team,US West
2026-07-20,154.45,2,Team,APAC
2026-07-20,1702.67,2,Enterprise,US West
2026-07-20,1764.18,2,Enterprise,US West
2026-07-20,260.19,1,Business,US East
2026-07-20,81.92,1,Team,Europe
2026-07-20,503.07,2,Business,US West
2026-07-20,35.4,2,Starter,US East
2026-07-20,18.29,1,Starter,US East
2026-07-20,39.68,2,Starter,US West
2026-07-20,508.17,2,Business,US West
2026-07-20,238.92,1,Business,US West
2026-07-20,17.59,1,Starter,US West
2026-07-20,84.8,1,Team,US West
2026-07-20,37.61,2,Starter,US West
2026-07-20,75.63,1,Team,Europe
2026-07-20,20.2,1,Starter,US West
2026-07-20,245.23,1,Business,APAC
2026-07-20,20.97,1,Starter,APAC
2026-07-20,81.2,1,Team,Europe
2026-07-20,85.17,1,Team,Europe
2026-07-20,154.65,2,Team,US West
2026-07-20,243.86,1,Business,US East
2026-07-20,39.75,2,Starter,US East
2026-07-20,162.8,2,Team,US East
2026-07-20,18.84,1,Starter,US East
2026-07-20,18.46,1,Starter,US West
2026-07-20,149.97,2,Team,US East
2026-07-20,83.5,1,Team,US West
2026-07-20,19.68,1,Starter,US West
2026-07-20,19.78,1,Starter,US West
2026-07-20,1779.01,2,Enterprise,US East
2026-07-20,158.2,2,Team,Europe
2026-07-20,157.56,2,Team,US West
2026-07-20,81.48,1,Team,US West
2026-07-20,740.69,3,Business,US West
2026-07-20,36.11,2,Starter,US East
2026-07-20,19.9,1,Starter,US East
2026-07-20,19.24,1,Starter,Europe
2026-07-20,146.66,2,Team,APAC
2026-07-20,268.08,1,Business,US West
2026-07-21,245.24,1,Business,Europe
2026-07-21,924.24,1,Enterprise,US East
2026-07-21,153.2,2,Team,APAC
2026-07-21,18.73,1,Starter,Europe
2026-07-21,19.93,1,Starter,Europe
2026-07-21,19.67,1,Starter,Europe
2026-07-21,1856.07,2,Enterprise,Europe
2026-07-21,18.61,1,Starter,Europe
2026-07-21,494.23,2,Business,US West
2026-07-21,163.79,2,Team,APAC
2026-07-21,38.64,2,Starter,US East
2026-07-21,258.27,3,Team,Europe
2026-07-21,1835.02,2,Enterprise,APAC
2026-07-21,34.53,2,Starter,US East
2026-07-21,37.07,2,Starter,Europe
2026-07-21,157.62,2,Team,US East
2026-07-21,243.82,1,Business,US East
2026-07-21,240.5,1,Business,US West
2026-07-21,19.54,1,Starter,US West
2026-07-21,467.39,2,Business,US West
2026-07-21,18.76,1,Starter,US East
2026-07-21,19.35,1,Starter,Europe
2026-07-21,40.55,2,Starter,US West
2026-07-21,69.76,1,Team,Europe
2026-07-21,18.08,1,Starter,Europe
2026-07-21,502.99,2,Business,US West
2026-07-21,240.74,1,Business,Europe
2026-07-21,20.08,1,Starter,Europe
2026-07-21,78.98,1,Team,Europe
2026-07-21,18.83,1,Starter,US East
2026-07-21,39.13,2,Starter,APAC
2026-07-21,170.44,2,Team,Europe
2026-07-21,17.7,1,Starter,US West
2026-07-21,240.0,1,Business,US West
2026-07-21,258.04,1,Business,APAC
2026-07-21,19.09,1,Starter,US West
2026-07-21,17.95,1,Starter,Europe
2026-07-21,467.02,2,Business,US East
2026-07-21,19.92,1,Starter,US West
2026-07-21,19.76,1,Starter,US West
2026-07-21,157.07,2,Team,APAC
2026-07-21,156.69,2,Team,US East
2026-07-21,40.02,2,Starter,US West
2026-07-21,73.69,1,Team,US East
2026-07-21,19.01,1,Starter,US West
2026-07-21,19.99,1,Starter,US West
2026-07-21,238.55,1,Business,US East
2026-07-21,18.2,1,Starter,Europe
2026-07-21,19.64,1,Starter,US West
2026-07-21,18.69,1,Starter,Europe
2026-07-21,17.36,1,Starter,US West
2026-07-21,38.14,2,Starter,APAC
2026-07-21,18.52,1,Starter,US West
2026-07-21,38.97,2,Starter,US East
2026-07-21,156.59,2,Team,US East
2026-07-21,252.45,1,Business,US East
2026-07-21,76.93,1,Team,US West
2026-07-21,168.09,2,Team,Europe
2026-07-21,18.31,1,Starter,APAC
2026-07-21,17.76,1,Starter,Europe
2026-07-21,72.76,1,Team,US East
2026-07-21,79.4,1,Team,US East
2026-07-21,17.68,1,Starter,US West
2026-07-21,35.78,2,Starter,APAC
2026-07-21,467.63,2,Business,Europe
2026-07-21,243.52,1,Business,Europe
2026-07-21,80.73,1,Team,Europe
2026-07-21,258.05,1,Business,Europe
2026-07-21,256.38,1,Business,US West
2026-07-21,19.26,1,Starter,Europe
2026-07-21,42.06,2,Starter,US East
2026-07-21,165.92,2,Team,US East
2026-07-21,22.31,1,Starter,US East
2026-07-21,35.16,2,Starter,Europe
2026-07-21,19.63,1,Starter,Europe
2026-07-21,83.99,1,Team,US West
2026-07-21,80.73,1,Team,US East
2026-07-21,156.58,2,Team,US West
2026-07-21,37.23,2,Starter,US West
2026-07-21,161.8,2,Team,US West
2026-07-21,17.74,1,Starter,US West
2026-07-21,163.13,2,Team,APAC
2026-07-21,152.45,2,Team,US West
2026-07-21,553.92,2,Business,US West
2026-07-21,1750.13,2,Enterprise,Europe
2026-07-21,73.29,1,Team,US West
2026-07-21,455.28,2,Business,US West
2026-07-21,503.41,2,Business,Europe
2026-07-21,492.29,2,Business,US West
2026-07-21,79.55,1,Team,US East
2026-07-21,255.32,1,Business,Europe
2026-07-21,39.54,2,Starter,Europe
2026-07-21,75.81,1,Team,US West
2026-07-21,78.09,1,Team,US East
2026-07-21,526.47,2,Business,US West
2026-07-22,505.53,2,Business,US West
2026-07-22,76.06,1,Team,US East
2026-07-22,257.9,1,Business,US East
2026-07-22,73.53,1,Team,US West
2026-07-22,80.96,1,Team,US West
2026-07-22,16.75,1,Starter,Europe
2026-07-22,35.75,2,Starter,US West
2026-07-22,155.94,2,Team,APAC
2026-07-22,19.83,1,Starter,APAC
2026-07-22,35.85,2,Starter,US West
2026-07-22,34.28,2,Starter,Europe
2026-07-22,929.36,1,Enterprise,US West
2026-07-22,154.38,2,Team,US West
2026-07-22,18.69,1,Starter,Europe
2026-07-22,77.45,1,Team,APAC
2026-07-22,252.19,1,Business,US West
2026-07-22,61.08,3,Starter,Europe
2026-07-22,168.52,2,Team,US West
2026-07-22,81.01,1,Team,US East
2026-07-22,1732.65,2,Enterprise,Europe
2026-07-22,18.71,1,Starter,Europe
2026-07-22,78.88,1,Team,APAC
2026-07-22,928.02,1,Enterprise,Europe
2026-07-22,19.54,1,Starter,Europe
2026-07-22,17.37,1,Starter,US East
2026-07-22,36.87,2,Starter,US West
2026-07-22,157.97,2,Team,US West
2026-07-22,503.42,2,Business,US East
2026-07-22,80.76,1,Team,US East
2026-07-22,156.36,2,Team,US East
2026-07-22,158.66,2,Team,US East
2026-07-22,80.91,1,Team,US West
2026-07-22,159.52,2,Team,US East
2026-07-22,18.71,1,Starter,US West
2026-07-22,34.46,2,Starter,US West
2026-07-22,53.36,3,Starter,Europe
2026-07-22,35.15,2,Starter,US West
2026-07-22,18.45,1,Starter,US East
2026-07-22,20.82,1,Starter,US East
2026-07-22,79.45,1,Team,US West
2026-07-22,149.7,2,Team,Europe
2026-07-22,2716.15,3,Enterprise,US East
2026-07-22,18.53,1,Starter,Europe
2026-07-22,36.54,2,Starter,US East
2026-07-22,154.91,2,Team,US East
2026-07-22,241.78,1,Business,US West
2026-07-22,19.75,1,Starter,Europe
2026-07-22,78.62,1,Team,Europe
2026-07-22,17.76,1,Starter,Europe
2026-07-22,76.05,1,Team,Europe
2026-07-22,38.8,2,Starter,US East
2026-07-22,19.81,1,Starter,US East
2026-07-22,83.05,1,Team,US East
2026-07-22,72.68,1,Team,US East
2026-07-22,144.48,2,Team,US West
2026-07-22,153.26,2,Team,US West
2026-07-22,19.05,1,Starter,Europe
2026-07-22,18.97,1,Starter,US East
2026-07-22,78.91,1,Team,US East
2026-07-22,571.37,2,Business,US West
2026-07-22,18.17,1,Starter,Europe
2026-07-22,21.6,1,Starter,US West
2026-07-22,247.66,3,Team,US West
2026-07-22,449.53,2,Business,US West
2026-07-22,542.43,2,Business,US East
2026-07-22,80.3,1,Team,Europe
2026-07-22,82.54,1,Team,US East
2026-07-22,21.0,1,Starter,US East
2026-07-22,166.5,2,Team,US West
2026-07-22,837.88,1,Enterprise,US East
2026-07-22,491.14,2,Business,US West
2026-07-22,34.98,2,Starter,US West
2026-07-22,84.63,1,Team,US West
2026-07-22,79.59,1,Team,US West
2026-07-22,235.72,1,Business,US East
2026-07-22,487.27,2,Business,Europe
2026-07-22,18.64,1,Starter,US West
2026-07-22,1751.58,2,Enterprise,US West
2026-07-22,242.09,1,Business,US East
2026-07-22,40.51,2,Starter,APAC
2026-07-22,77.67,1,Team,US West
2026-07-22,55.05,3,Starter,US West
2026-07-22,524.31,2,Business,APAC
2026-07-22,149.22,2,Team,US West
2026-07-22,19.73,1,Starter,US East
2026-07-22,39.48,2,Starter,US East
2026-07-22,18.1,1,Starter,US West
2026-07-22,37.22,2,Starter,US West
2026-07-22,273.15,1,Business,Europe
2026-07-22,865.48,1,Enterprise,US East
2026-07-23,37.11,2,Starter,APAC
2026-07-23,446.97,2,Business,US East
2026-07-23,74.13,1,Team,US West
2026-07-23,451.03,2,Business,US West
2026-07-23,225.07,3,Team,US East
2026-07-23,1746.63,2,Enterprise,US East
2026-07-23,77.25,1,Team,US East
2026-07-23,84.95,1,Team,US East
2026-07-23,75.94,1,Team,Europe
2026-07-23,18.99,1,Starter,US West
2026-07-23,72.33,1,Team,Europe
2026-07-23,823.47,1,Enterprise,US West
2026-07-23,77.29,1,Team,US East
2026-07-23,802.48,3,Business,US East
2026-07-23,1761.92,2,Enterprise,US East
2026-07-23,18.7,1,Starter,US West
2026-07-23,833.09,1,Enterprise,Europe
2026-07-23,537.06,2,Business,APAC
2026-07-23,19.19,1,Starter,Europe
2026-07-23,35.12,2,Starter,Europe
2026-07-23,232.24,1,Business,APAC
2026-07-23,17.93,1,Starter,US East
2026-07-23,160.86,2,Team,Europe
2026-07-23,164.87,2,Team,US West
2026-07-23,19.51,1,Starter,APAC
2026-07-23,35.36,2,Starter,US East
2026-07-23,17.38,1,Starter,Europe
2026-07-23,982.37,1,Enterprise,US West
2026-07-23,19.36,1,Starter,US East
2026-07-23,163.83,2,Team,US East
2026-07-23,18.28,1,Starter,US East
2026-07-23,38.64,2,Starter,Europe
2026-07-23,19.43,1,Starter,US East
2026-07-23,20.06,1,Starter,Europe
2026-07-23,89.49,1,Team,Europe
2026-07-23,160.09,2,Team,Europe
2026-07-23,847.97,1,Enterprise,US West
2026-07-23,152.48,2,Team,US West
2026-07-23,234.59,3,Team,US West
2026-07-23,17.17,1,Starter,US East
2026-07-23,81.38,1,Team,Europe
2026-07-23,81.59,1,Team,US East
2026-07-23,155.29,2,Team,US East
2026-07-23,162.84,2,Team,Europe
2026-07-23,19.59,1,Starter,US West
2026-07-23,224.61,1,Business,Europe
2026-07-23,156.44,2,Team,Europe
2026-07-23,20.42,1,Starter,US East
2026-07-23,80.42,1,Team,Europe
2026-07-23,19.26,1,Starter,US West
2026-07-23,39.12,2,Starter,APAC
2026-07-23,171.21,2,Team,Europe
2026-07-23,18.51,1,Starter,US West
2026-07-23,85.92,1,Team,Europe
2026-07-23,503.14,2,Business,Europe
2026-07-23,19.41,1,Starter,US West
2026-07-23,19.47,1,Starter,US East
2026-07-23,18.59,1,Starter,Europe
2026-07-23,38.05,2,Starter,US West
2026-07-23,252.89,1,Business,US East
2026-07-23,18.87,1,Starter,Europe
2026-07-23,82.96,1,Team,US West
2026-07-23,20.8,1,Starter,US West
2026-07-23,688.33,3,Business,US West
2026-07-23,36.52,2,Starter,US East
2026-07-23,38.28,2,Starter,Europe
2026-07-23,154.17,2,Team,Europe
2026-07-23,75.05,1,Team,US East
2026-07-23,35.38,2,Starter,US East
2026-07-23,157.83,2,Team,US West
2026-07-23,20.75,1,Starter,Europe
2026-07-23,18.76,1,Starter,Europe
2026-07-23,19.04,1,Starter,Europe
2026-07-23,38.17,2,Starter,US West
2026-07-23,41.61,2,Starter,US East
2026-07-23,83.27,1,Team,APAC
2026-07-23,19.13,1,Starter,Europe
2026-07-23,43.22,2,Starter,Europe
2026-07-23,937.93,1,Enterprise,US West
2026-07-23,89.94,1,Team,US West
2026-07-23,70.21,1,Team,US East
2026-07-23,38.16,2,Starter,US West
2026-07-23,39.17,2,Starter,Europe
2026-07-23,77.47,1,Team,Europe
2026-07-23,161.22,2,Team,US East
2026-07-23,17.32,1,Starter,Europe
2026-07-23,79.72,1,Team,US West
2026-07-23,743.47,3,Business,US West
2026-07-23,77.97,1,Team,Europe
2026-07-23,73.8,1,Team,US West
2026-07-23,498.11,2,Business,APAC
2026-07-23,457.69,2,Business,Europe
2026-07-23,17.87,1,Starter,US West
2026-07-23,37.13,2,Starter,US West
2026-07-23,37.38,2,Starter,US East
2026-07-23,74.3,1,Team,US West
2026-07-23,263.67,1,Business,APAC
2026-07-23,37.24,2,Starter,Europe
2026-07-23,35.64,2,Starter,US East
2026-07-23,54.01,3,Starter,Europe
2026-07-23,34.79,2,Starter,APAC
2026-07-24,83.39,1,Team,Europe
2026-07-24,18.85,1,Starter,Europe
2026-07-24,18.15,1,Starter,US West
2026-07-24,19.09,1,Starter,Europe
2026-07-24,936.2,1,Enterprise,APAC
2026-07-24,19.18,1,Starter,US West
2026-07-24,35.68,2,Starter,US East
2026-07-24,247.71,1,Business,US West
2026-07-24,19.01,1,Starter,US East
2026-07-24,18.13,1,Starter,US East
2026-07-24,269.42,1,Business,US East
2026-07-24,38.38,2,Starter,US West
2026-07-24,78.28,1,Team,Europe
2026-07-24,76.61,1,Team,US East
2026-07-24,78.91,1,Team,US East
2026-07-24,245.6,1,Business,Europe
2026-07-24,271.46,1,Business,Europe
2026-07-24,524.49,2,Business,Europe
2026-07-24,856.57,1,Enterprise,US West
2026-07-24,19.18,1,Starter,US West
2026-07-24,162.48,2,Team,APAC
2026-07-24,759.22,3,Business,US West
2026-07-24,17.69,1,Starter,US West
2026-07-24,35.11,2,Starter,US West
2026-07-24,236.18,1,Business,US East
2026-07-24,18.03,1,Starter,APAC
2026-07-24,39.08,2,Starter,US East
2026-07-24,238.51,1,Business,Europe
2026-07-24,470.81,2,Business,Europe
2026-07-24,78.15,1,Team,APAC
2026-07-24,19.71,1,Starter,US West
2026-07-24,34.25,2,Starter,US West
2026-07-24,38.94,2,Starter,Europe
2026-07-24,482.86,2,Business,APAC
2026-07-24,463.86,2,Business,US East
2026-07-24,42.26,2,Starter,APAC
2026-07-24,79.46,1,Team,US West
2026-07-24,504.23,2,Business,US West
2026-07-24,76.67,1,Team,Europe
2026-07-24,20.97,1,Starter,US East
2026-07-24,250.12,1,Business,US East
2026-07-24,18.45,1,Starter,APAC
2026-07-24,17.78,1,Starter,US West
2026-07-24,936.44,1,Enterprise,Europe
2026-07-24,810.7,1,Enterprise,US West
2026-07-24,83.05,1,Team,US West
2026-07-24,1779.48,2,Enterprise,Europe
2026-07-24,39.45,2,Starter,US East
2026-07-24,72.55,1,Team,US West
2026-07-24,37.57,2,Starter,US West
2026-07-24,39.11,2,Starter,US West
2026-07-24,83.37,1,Team,Europe
2026-07-24,16.64,1,Starter,Europe
2026-07-24,37.71,2,Starter,US East
2026-07-24,81.23,1,Team,US West
2026-07-24,242.12,1,Business,US West
2026-07-24,19.65,1,Starter,US West
2026-07-24,460.27,2,Business,US East
2026-07-24,33.04,2,Starter,US East
2026-07-24,54.63,3,Starter,US East
2026-07-24,937.77,1,Enterprise,US West
2026-07-24,477.12,2,Business,US West
2026-07-24,2453.37,3,Enterprise,Europe
2026-07-24,70.21,1,Team,US West
2026-07-24,34.73,2,Starter,US East
2026-07-24,19.63,1,Starter,US East
2026-07-24,72.83,1,Team,US East
2026-07-24,518.07,2,Business,Europe
2026-07-24,152.31,2,Team,US East
2026-07-24,18.55,1,Starter,Europe
2026-07-24,1842.29,2,Enterprise,US East
2026-07-24,19.2,1,Starter,US West
2026-07-24,493.97,2,Business,Europe
2026-07-24,819.49,1,Enterprise,US West
2026-07-24,236.29,1,Business,US East
2026-07-24,17.76,1,Starter,US East
2026-07-24,38.69,2,Starter,US East
2026-07-24,79.38,1,Team,US East
2026-07-24,37.32,2,Starter,US East
2026-07-24,82.24,1,Team,US West
2026-07-24,157.85,2,Team,US West
2026-07-24,246.34,1,Business,US West
2026-07-24,1891.51,2,Enterprise,Europe
2026-07-24,890.62,1,Enterprise,US East
2026-07-24,914.91,1,Enterprise,US West
2026-07-24,212.66,1,Business,US West
2026-07-24,19.6,1,Starter,US West
2026-07-25,36.43,2,Starter,US West
2026-07-25,38.48,2,Starter,Europe
2026-07-25,153.85,2,Team,APAC
2026-07-25,60.29,3,Starter,Europe
2026-07-25,18.46,1,Starter,US East
2026-07-25,37.09,2,Starter,US West
2026-07-25,18.55,1,Starter,US East
2026-07-25,19.45,1,Starter,US East
2026-07-25,231.68,3,Team,APAC
2026-07-25,74.5,1,Team,US West
2026-07-25,18.77,1,Starter,US East
2026-07-25,19.0,1,Starter,Europe
2026-07-25,35.73,2,Starter,Europe
2026-07-25,39.77,2,Starter,US West
2026-07-25,86.35,1,Team,US East
2026-07-25,19.5,1,Starter,US West
2026-07-25,82.79,1,Team,US East
2026-07-25,17.79,1,Starter,US East
2026-07-25,43.59,2,Starter,US East
2026-07-25,153.63,2,Team,Europe
2026-07-25,19.14,1,Starter,US East
2026-07-25,19.76,1,Starter,APAC
2026-07-25,938.26,1,Enterprise,US West
2026-07-25,19.37,1,Starter,US West
2026-07-25,38.93,2,Starter,Europe
2026-07-25,152.49,2,Team,US West
2026-07-25,147.9,2,Team,US East
2026-07-25,38.77,2,Starter,US West
2026-07-25,18.93,1,Starter,US East
2026-07-25,57.68,3,Starter,US West
2026-07-25,155.66,2,Team,US West
2026-07-25,19.31,1,Starter,APAC
2026-07-25,79.7,1,Team,Europe
2026-07-25,19.34,1,Starter,Europe
2026-07-25,146.75,2,Team,US East
2026-07-25,38.56,2,Starter,US West
2026-07-25,86.05,1,Team,APAC
2026-07-25,39.99,2,Starter,US West
2026-07-25,19.68,1,Starter,US East
2026-07-25,19.72,1,Starter,APAC
2026-07-25,19.2,1,Starter,US East
2026-07-25,73.68,1,Team,US West
2026-07-25,40.14,2,Starter,US West
2026-07-25,886.66,1,Enterprise,US West
2026-07-25,69.86,1,Team,US West
2026-07-25,18.33,1,Starter,US West
2026-07-25,160.09,2,Team,US East
2026-07-25,21.04,1,Starter,Europe
2026-07-25,37.59,2,Starter,APAC
2026-07-25,38.21,2,Starter,APAC
2026-07-25,76.47,1,Team,APAC
2026-07-25,18.95,1,Starter,US East
2026-07-25,246.81,1,Business,Europe
2026-07-25,881.79,1,Enterprise,US East
2026-07-25,82.88,1,Team,APAC
2026-07-25,17.52,1,Starter,APAC
2026-07-25,80.7,1,Team,Europe
2026-07-25,77.99,1,Team,Europe
2026-07-25,159.68,2,Team,Europe
2026-07-25,245.21,3,Team,US West
2026-07-26,37.43,2,Starter,US West
2026-07-26,38.27,2,Starter,US West
2026-07-26,1883.53,2,Enterprise,US East
2026-07-26,36.38,2,Starter,US East
2026-07-26,73.64,1,Team,US East
2026-07-26,241.46,3,Team,US West
2026-07-26,71.19,1,Team,Europe
2026-07-26,254.71,1,Business,US West
2026-07-26,20.14,1,Starter,Europe
2026-07-26,38.68,2,Starter,APAC
2026-07-26,163.93,2,Team,Europe
2026-07-26,83.36,1,Team,Europe
2026-07-26,166.58,2,Team,Europe
2026-07-26,1770.21,2,Enterprise,US East
2026-07-26,270.2,1,Business,Europe
2026-07-26,253.43,1,Business,US West
2026-07-26,34.75,2,Starter,US West
2026-07-26,267.43,1,Business,Europe
2026-07-26,171.31,2,Team,US West
2026-07-26,38.27,2,Starter,US West
2026-07-26,255.81,1,Business,US West
2026-07-26,238.04,1,Business,US West
2026-07-26,161.43,2,Team,US East
2026-07-26,887.0,1,Enterprise,APAC
2026-07-26,18.07,1,Starter,APAC
2026-07-26,38.58,2,Starter,Europe
2026-07-26,20.08,1,Starter,Europe
2026-07-26,86.06,1,Team,US East
2026-07-26,1810.86,2,Enterprise,US East
2026-07-26,146.55,2,Team,US West
2026-07-26,18.41,1,Starter,Europe
2026-07-26,177.23,2,Team,US West
2026-07-26,142.25,2,Team,US East
2026-07-26,168.06,2,Team,US East
2026-07-26,164.28,2,Team,US East
2026-07-26,17.33,1,Starter,US East
2026-07-26,83.33,1,Team,US West
2026-07-26,77.8,1,Team,US West
2026-07-26,73.67,1,Team,APAC
2026-07-26,264.93,1,Business,US West
2026-07-26,161.16,2,Team,US East
2026-07-27,1749.43,2,Enterprise,APAC
2026-07-27,19.71,1,Starter,Europe
2026-07-27,77.99,1,Team,Europe
2026-07-27,35.87,2,Starter,US East
2026-07-27,893.82,1,Enterprise,APAC
2026-07-27,503.33,2,Business,US West
2026-07-27,19.17,1,Starter,Europe
2026-07-27,39.0,2,Starter,US West
2026-07-27,37.44,2,Starter,Europe
2026-07-27,154.75,2,Team,Europe
2026-07-27,81.93,1,Team,US West
2026-07-27,940.62,1,Enterprise,US East
2026-07-27,18.12,1,Starter,US West
2026-07-27,19.81,1,Starter,US West
2026-07-27,38.46,2,Starter,US East
2026-07-27,80.86,1,Team,APAC
2026-07-27,78.14,1,Team,Europe
2026-07-27,75.54,1,Team,US West
2026-07-27,447.96,2,Business,US West
2026-07-27,933.87,1,Enterprise,US West
2026-07-27,79.27,1,Team,US West
2026-07-27,690.28,3,Business,US East
2026-07-27,84.39,1,Team,APAC
2026-07-27,888.06,1,Enterprise,US East
2026-07-27,20.24,1,Starter,US East
2026-07-27,18.36,1,Starter,US West
2026-07-27,20.13,1,Starter,US East
2026-07-27,253.28,1,Business,US West
2026-07-27,81.02,1,Team,US East
2026-07-27,19.41,1,Starter,US East
2026-07-27,39.37,2,Starter,US East
2026-07-27,19.66,1,Starter,US West
2026-07-27,20.78,1,Starter,US East
2026-07-27,152.94,2,Team,US East
2026-07-27,20.14,1,Starter,APAC
2026-07-27,37.01,2,Starter,Europe
2026-07-27,40.29,2,Starter,APAC
2026-07-27,35.98,2,Starter,US West
2026-07-27,74.02,1,Team,US West
2026-07-27,479.9,2,Business,US East
2026-07-27,1992.18,2,Enterprise,US West
2026-07-27,78.68,1,Team,US East
2026-07-27,35.68,2,Starter,US East
2026-07-27,34.98,2,Starter,Europe
2026-07-27,240.91,1,Business,US East
2026-07-27,253.99,1,Business,US East
2026-07-27,243.8,1,Business,APAC
2026-07-27,239.1,3,Team,Europe
2026-07-27,80.15,1,Team,US West
2026-07-27,18.69,1,Starter,US East
2026-07-27,488.98,2,Business,US East
2026-07-27,74.38,1,Team,US East
2026-07-27,158.28,2,Team,Europe
2026-07-27,81.08,1,Team,US West
2026-07-27,19.45,1,Starter,Europe
2026-07-27,155.32,2,Team,Europe
2026-07-27,79.55,1,Team,Europe
2026-07-27,36.15,2,Starter,Europe
2026-07-27,18.37,1,Starter,US West
2026-07-27,19.58,1,Starter,US East
2026-07-27,39.45,2,Starter,Europe
2026-07-27,40.21,2,Starter,APAC
2026-07-27,157.3,2,Team,US East
2026-07-27,79.15,1,Team,US East
2026-07-27,40.18,2,Starter,US East
2026-07-27,19.39,1,Starter,US East
2026-07-27,71.27,1,Team,APAC
2026-07-27,78.64,1,Team,US West
2026-07-27,76.61,1,Team,Europe
2026-07-27,86.7,1,Team,US West
2026-07-27,73.15,1,Team,US West
2026-07-27,167.3,2,Team,US West
2026-07-27,1737.81,2,Enterprise,US East
2026-07-27,77.61,1,Team,Europe
2026-07-27,39.65,2,Starter,US East
2026-07-27,18.46,1,Starter,US East
2026-07-27,466.86,2,Business,US East
2026-07-27,906.27,1,Enterprise,US East
2026-07-27,243.86,1,Business,US East
2026-07-27,74.66,1,Team,US East
2026-07-27,71.91,1,Team,US West
2026-07-27,169.01,2,Team,US West
2026-07-27,871.84,1,Enterprise,Europe
2026-07-27,503.3,2,Business,US East
2026-07-27,79.64,1,Team,US West
2026-07-27,38.25,2,Starter,US East
2026-07-27,37.94,2,Starter,APAC
2026-07-27,19.38,1,Starter,APAC
2026-07-27,38.67,2,Starter,US East
2026-07-27,79.13,1,Team,US East
2026-07-27,80.7,1,Team,US East
2026-07-27,151.08,2,Team,US West
2026-07-27,17.31,1,Starter,US West
2026-07-27,18.14,1,Starter,US East
2026-07-27,20.26,1,Starter,US East
2026-07-27,151.56,2,Team,Europe
2026-07-27,159.07,2,Team,APAC
2026-07-27,82.81,1,Team,US West
2026-07-27,20.58,1,Starter,APAC
2026-07-27,260.88,1,Business,US West
2026-07-27,459.87,2,Business,Europe
2026-07-27,513.96,2,Business,US West
2026-07-27,40.96,2,Starter,US West
2026-07-27,258.6,1,Business,Europe
2026-07-27,675.28,3,Business,US West
2026-07-27,147.07,2,Team,US East
2026-07-27,19.14,1,Starter,US East
2026-07-28,222.67,3,Team,US West
2026-07-28,37.07,2,Starter,Europe
2026-07-28,82.43,1,Team,US East
2026-07-28,475.22,2,Business,US West
2026-07-28,19.46,1,Starter,US West
2026-07-28,18.91,1,Starter,US East
2026-07-28,246.26,1,Business,Europe
2026-07-28,154.94,2,Team,US West
2026-07-28,20.76,1,Starter,US East
2026-07-28,158.03,2,Team,APAC
2026-07-28,18.8,1,Starter,US West
2026-07-28,79.97,1,Team,US East
2026-07-28,77.44,1,Team,Europe
2026-07-28,19.06,1,Starter,APAC
2026-07-28,18.98,1,Starter,US East
2026-07-28,161.18,2,Team,US West
2026-07-28,88.68,1,Team,US West
2026-07-28,82.06,1,Team,APAC
2026-07-28,37.42,2,Starter,US West
2026-07-28,155.98,2,Team,US West
2026-07-28,80.3,1,Team,US West
2026-07-28,233.67,1,Business,US East
2026-07-28,530.2,2,Business,Europe
2026-07-28,1001.36,1,Enterprise,Europe
2026-07-28,20.03,1,Starter,US East
2026-07-28,88.91,1,Team,APAC
2026-07-28,494.24,2,Business,US West
2026-07-28,41.55,2,Starter,US West
2026-07-28,236.41,1,Business,US West
2026-07-28,248.97,3,Team,US West
2026-07-28,79.37,1,Team,Europe
2026-07-28,228.07,1,Business,US West
2026-07-28,37.19,2,Starter,Europe
2026-07-28,38.2,2,Starter,US West
2026-07-28,37.07,2,Starter,US East
2026-07-28,82.15,1,Team,APAC
2026-07-28,68.05,1,Team,US West
2026-07-28,37.82,2,Starter,US West
2026-07-28,77.07,1,Team,US West
2026-07-28,163.64,2,Team,US West
2026-07-28,162.39,2,Team,US West
2026-07-28,20.67,1,Starter,US West
2026-07-28,36.97,2,Starter,APAC
2026-07-28,41.23,2,Starter,Europe
2026-07-28,83.49,1,Team,US East
2026-07-28,261.95,1,Business,Europe
2026-07-28,20.98,1,Starter,Europe
2026-07-28,935.21,1,Enterprise,APAC
2026-07-28,41.77,2,Starter,APAC
2026-07-28,18.44,1,Starter,US East
2026-07-28,20.94,1,Starter,US West
2026-07-28,82.54,1,Team,APAC
2026-07-28,242.3,3,Team,US East
2026-07-28,80.99,1,Team,Europe
2026-07-28,542.71,2,Business,US West
2026-07-28,71.74,1,Team,Europe
2026-07-28,20.46,1,Starter,Europe
2026-07-28,160.44,2,Team,US West
2026-07-28,77.4,1,Team,US West
2026-07-28,934.55,1,Enterprise,US East
2026-07-28,18.17,1,Starter,Europe
2026-07-28,156.54,2,Team,US West
2026-07-28,38.33,2,Starter,US West
2026-07-28,18.29,1,Starter,Europe
2026-07-28,80.06,1,Team,US East
2026-07-28,234.72,1,Business,US West
2026-07-28,76.09,1,Team,US East
2026-07-28,154.76,2,Team,US West
2026-07-28,1852.07,2,Enterprise,US East
2026-07-28,80.81,1,Team,Europe
2026-07-28,503.07,2,Business,US West
2026-07-28,240.47,1,Business,US West
2026-07-28,872.57,1,Enterprise,US East
2026-07-28,17.71,1,Starter,US West
2026-07-28,489.41,2,Business,US West
2026-07-28,18.4,1,Starter,US East
2026-07-28,77.17,1,Team,US East
2026-07-28,510.69,2,Business,US West
2026-07-28,37.78,2,Starter,US East
2026-07-28,20.58,1,Starter,Europe
2026-07-28,37.2,2,Starter,US East
2026-07-28,509.53,2,Business,US East
2026-07-28,39.11,2,Starter,US West
2026-07-28,507.6,2,Business,APAC
2026-07-28,82.06,1,Team,Europe
2026-07-28,38.18,2,Starter,US West
2026-07-28,507.53,2,Business,US East
2026-07-28,18.68,1,Starter,US East
2026-07-28,154.71,2,Team,APAC
2026-07-28,20.35,1,Starter,US West
2026-07-28,1871.06,2,Enterprise,US East
2026-07-28,983.24,1,Enterprise,Europe
2026-07-28,19.89,1,Starter,US East
2026-07-28,18.17,1,Starter,US West
2026-07-28,17.86,1,Starter,US East
2026-07-28,74.21,1,Team,US West
2026-07-28,73.5,1,Team,Europe
2026-07-28,234.67,1,Business,US West
2026-07-28,73.18,1,Team,US West
2026-07-28,161.47,2,Team,US East
2026-07-28,240.52,1,Business,Europe
2026-07-28,529.4,2,Business,APAC
2026-07-28,76.7,1,Team,APAC
2026-07-29,253.22,1,Business,US West
2026-07-29,249.82,1,Business,US East
2026-07-29,255.82,1,Business,Europe
2026-07-29,20.58,1,Starter,US East
2026-07-29,36.29,2,Starter,US West
2026-07-29,17.47,1,Starter,Europe
2026-07-29,2659.12,3,Enterprise,US West
2026-07-29,159.53,2,Team,APAC
2026-07-29,153.5,2,Team,Europe
2026-07-29,82.66,1,Team,Europe
2026-07-29,147.05,2,Team,US West
2026-07-29,167.75,2,Team,US East
2026-07-29,75.94,1,Team,APAC
2026-07-29,254.53,1,Business,APAC
2026-07-29,38.83,2,Starter,US West
2026-07-29,73.41,1,Team,US West
2026-07-29,251.44,1,Business,US East
2026-07-29,17.98,1,Starter,US West
2026-07-29,38.41,2,Starter,Europe
2026-07-29,162.99,2,Team,US East
2026-07-29,37.07,2,Starter,Europe
2026-07-29,149.23,2,Team,APAC
2026-07-29,466.67,2,Business,US West
2026-07-29,255.39,1,Business,Europe
2026-07-29,508.82,2,Business,APAC
2026-07-29,1881.08,2,Enterprise,APAC
2026-07-29,1828.41,2,Enterprise,US East
2026-07-29,742.35,3,Business,US East
2026-07-29,17.68,1,Starter,Europe
2026-07-29,39.56,2,Starter,US East
2026-07-29,74.45,1,Team,Europe
2026-07-29,452.2,2,Business,Europe
2026-07-29,151.55,2,Team,Europe
2026-07-29,19.18,1,Starter,APAC
2026-07-29,20.59,1,Starter,US West
2026-07-29,479.25,2,Business,US West
2026-07-29,20.17,1,Starter,APAC
2026-07-29,479.37,2,Business,APAC
2026-07-29,82.1,1,Team,US East
2026-07-29,86.84,1,Team,US West
2026-07-29,39.3,2,Starter,US East
2026-07-29,20.9,1,Starter,US West
2026-07-29,1758.39,2,Enterprise,Europe
2026-07-29,256.11,1,Business,Europe
2026-07-29,79.25,1,Team,Europe
2026-07-29,41.12,2,Starter,Europe
2026-07-29,508.81,2,Business,US West
2026-07-29,168.63,2,Team,US West
2026-07-29,137.66,2,Team,US West
2026-07-29,153.98,2,Team,Europe
2026-07-29,38.66,2,Starter,US West
2026-07-29,36.5,2,Starter,US East
2026-07-29,159.33,2,Team,Europe
2026-07-29,76.46,1,Team,US West
2026-07-29,18.93,1,Starter,US East
2026-07-29,166.62,2,Team,US East
2026-07-29,18.59,1,Starter,US West
2026-07-29,154.06,2,Team,Europe
2026-07-29,470.89,2,Business,US West
2026-07-29,78.62,1,Team,Europe
2026-07-29,914.14,1,Enterprise,US East
2026-07-29,20.39,1,Starter,APAC
2026-07-29,19.15,1,Starter,US East
2026-07-29,82.06,1,Team,Europe
2026-07-29,83.44,1,Team,US East
2026-07-29,227.54,1,Business,US East
2026-07-29,170.49,2,Team,US East
2026-07-29,832.26,1,Enterprise,APAC
2026-07-29,19.44,1,Starter,Europe
2026-07-29,35.12,2,Starter,US West
2026-07-29,159.42,2,Team,APAC
2026-07-29,436.31,2,Business,US West
2026-07-29,18.88,1,Starter,Europe
2026-07-29,81.38,1,Team,US West
2026-07-29,235.2,1,Business,US East
2026-07-29,36.89,2,Starter,US West
2026-07-29,1731.51,2,Enterprise,US East
2026-07-29,18.32,1,Starter,US East
2026-07-29,19.5,1,Starter,US West
2026-07-29,34.17,2,Starter,Europe
2026-07-29,79.73,1,Team,Europe
2026-07-29,73.04,1,Team,US East
2026-07-29,36.28,2,Starter,APAC
2026-07-29,246.19,1,Business,US West
2026-07-29,41.46,2,Starter,Europe
2026-07-29,506.75,2,Business,US East
2026-07-29,19.03,1,Starter,US East
2026-07-29,79.77,1,Team,US East
2026-07-29,150.82,2,Team,Europe
2026-07-29,17.41,1,Starter,Europe
2026-07-29,503.75,2,Business,US West
2026-07-29,86.8,1,Team,Europe
2026-07-29,262.63,1,Business,US West
2026-07-29,36.84,2,Starter,Europe
2026-07-29,484.02,2,Business,US East
2026-07-29,145.13,2,Team,US East
2026-07-29,20.1,1,Starter,US West
2026-07-29,966.95,1,Enterprise,Europe
2026-07-29,20.52,1,Starter,APAC
2026-07-29,40.6,2,Starter,US West
2026-07-29,20.76,1,Starter,Europe
2026-07-29,18.53,1,Starter,US West
2026-07-29,38.02,2,Starter,APAC
2026-07-29,18.74,1,Starter,US East
2026-07-29,19.23,1,Starter,US East
2026-07-29,39.21,2,Starter,APAC
2026-07-29,19.66,1,Starter,US West
2026-07-29,83.57,1,Team,US West
2026-07-29,82.06,1,Team,US East
2026-07-29,79.21,1,Team,US East
2026-07-29,35.38,2,Starter,Europe
2026-07-29,260.06,1,Business,Europe
2026-07-29,19.83,1,Starter,US West
2026-07-29,37.2,2,Starter,APAC
2026-07-30,147.83,2,Team,Europe
2026-07-30,167.58,2,Team,Europe
2026-07-30,726.0,3,Business,Europe
2026-07-30,18.63,1,Starter,APAC
2026-07-30,42.18,2,Starter,US West
2026-07-30,70.37,1,Team,APAC
2026-07-30,233.1,1,Business,US East
2026-07-30,18.52,1,Starter,Europe
2026-07-30,238.52,1,Business,US West
2026-07-30,34.57,2,Starter,APAC
2026-07-30,20.81,1,Starter,US West
2026-07-30,502.33,2,Business,APAC
2026-07-30,17.99,1,Starter,US East
2026-07-30,35.09,2,Starter,US West
2026-07-30,36.45,2,Starter,APAC
2026-07-30,162.98,2,Team,Europe
2026-07-30,39.27,2,Starter,US West
2026-07-30,154.86,2,Team,US East
2026-07-30,154.15,2,Team,US West
2026-07-30,941.59,1,Enterprise,US West
2026-07-30,892.05,1,Enterprise,Europe
2026-07-30,240.65,1,Business,US East
2026-07-30,18.61,1,Starter,US East
2026-07-30,81.37,1,Team,US West
2026-07-30,85.88,1,Team,US West
2026-07-30,467.21,2,Business,Europe
2026-07-30,87.83,1,Team,Europe
2026-07-30,161.62,2,Team,US West
2026-07-30,490.56,2,Business,US West
2026-07-30,84.34,1,Team,Europe
2026-07-30,38.71,2,Starter,US West
2026-07-30,37.77,2,Starter,APAC
2026-07-30,19.23,1,Starter,US East
2026-07-30,35.9,2,Starter,Europe
2026-07-30,155.27,2,Team,Europe
2026-07-30,18.58,1,Starter,US East
2026-07-30,1832.83,2,Enterprise,US West
2026-07-30,159.65,2,Team,US West
2026-07-30,159.52,2,Team,Europe
2026-07-30,18.21,1,Starter,US West
2026-07-30,149.11,2,Team,US West
2026-07-30,18.82,1,Starter,US West
2026-07-30,76.48,1,Team,US East
2026-07-30,255.84,1,Business,US East
2026-07-30,861.24,1,Enterprise,Europe
2026-07-30,19.58,1,Starter,APAC
2026-07-30,40.5,2,Starter,US West
2026-07-30,68.61,1,Team,Europe
2026-07-30,261.89,1,Business,US East
2026-07-30,19.51,1,Starter,US West
2026-07-30,161.86,2,Team,US East
2026-07-30,255.96,1,Business,US West
2026-07-30,18.82,1,Starter,US West
2026-07-30,18.43,1,Starter,US East
2026-07-30,33.39,2,Starter,US East
2026-07-30,238.64,1,Business,US West
2026-07-30,498.53,2,Business,US West
2026-07-30,1834.49,2,Enterprise,US West
2026-07-30,503.86,2,Business,US West
2026-07-30,37.86,2,Starter,US West
2026-07-30,78.75,1,Team,APAC
2026-07-30,165.28,2,Team,US West
2026-07-30,19.78,1,Starter,US West
2026-07-30,19.85,1,Starter,Europe
2026-07-30,38.72,2,Starter,US East
2026-07-30,35.3,2,Starter,US East
2026-07-30,40.48,2,Starter,US West
2026-07-30,80.43,1,Team,US East
2026-07-30,78.11,1,Team,APAC
2026-07-30,37.87,2,Starter,APAC
2026-07-30,491.6,2,Business,US West
2026-07-30,18.7,1,Starter,US West
2026-07-30,74.87,1,Team,US West
2026-07-30,81.15,1,Team,US West
2026-07-30,39.72,2,Starter,US East
2026-07-30,252.55,1,Business,Europe
2026-07-30,943.26,1,Enterprise,US East
2026-07-30,85.85,1,Team,US West
2026-07-30,20.12,1,Starter,US West
2026-07-30,250.0,1,Business,US East
2026-07-30,87.28,1,Team,US East
2026-07-30,87.61,1,Team,US West
2026-07-30,20.03,1,Starter,Europe
2026-07-30,78.13,1,Team,APAC
2026-07-30,20.52,1,Starter,Europe
2026-07-30,84.49,1,Team,Europe
2026-07-30,234.23,1,Business,Europe
2026-07-30,83.28,1,Team,US West
2026-07-30,167.67,2,Team,US East
2026-07-30,158.15,2,Team,US West
2026-07-30,505.74,2,Business,Europe
2026-07-30,80.9,1,Team,US East
2026-07-30,155.37,2,Team,APAC
2026-07-30,161.02,2,Team,US East
2026-07-30,78.63,1,Team,US East
2026-07-30,18.45,1,Starter,US East
2026-07-30,18.75,1,Starter,US East
2026-07-30,40.38,2,Starter,APAC
2026-07-30,165.84,2,Team,US East
2026-07-30,252.67,1,Business,US West
2026-07-30,37.43,2,Starter,Europe
2026-07-30,249.9,1,Business,US East
2026-07-30,916.84,1,Enterprise,Europe
2026-07-30,82.13,1,Team,US East
2026-07-30,259.84,1,Business,APAC
2026-07-30,19.14,1,Starter,US East
2026-07-30,78.04,1,Team,US West
2026-07-30,20.77,1,Starter,APAC
2026-07-30,18.56,1,Starter,US West
2026-07-31,36.34,2,Starter,US West
2026-07-31,1895.32,2,Enterprise,US West
2026-07-31,19.95,1,Starter,Europe
2026-07-31,232.75,1,Business,Europe
2026-07-31,145.7,2,Team,US East
2026-07-31,241.96,1,Business,US West
2026-07-31,74.98,1,Team,Europe
2026-07-31,848.2,1,Enterprise,APAC
2026-07-31,821.09,1,Enterprise,US West
2026-07-31,40.48,2,Starter,Europe
2026-07-31,1859.37,2,Enterprise,US West
2026-07-31,154.33,2,Team,US East
2026-07-31,495.45,2,Business,US East
2026-07-31,157.99,2,Team,Europe
2026-07-31,515.8,2,Business,US East
2026-07-31,259.75,1,Business,US East
2026-07-31,79.84,1,Team,Europe
2026-07-31,1677.54,2,Enterprise,US East
2026-07-31,18.98,1,Starter,US East
2026-07-31,161.56,2,Team,US West
2026-07-31,20.29,1,Starter,US West
2026-07-31,18.63,1,Starter,US West
2026-07-31,40.43,2,Starter,US West
2026-07-31,17.86,1,Starter,US East
2026-07-31,82.49,1,Team,US West
2026-07-31,1820.21,2,Enterprise,US East
2026-07-31,20.56,1,Starter,Europe
2026-07-31,267.96,1,Business,US East
2026-07-31,20.51,1,Starter,US West
2026-07-31,81.48,1,Team,US West
2026-07-31,18.16,1,Starter,Europe
2026-07-31,823.94,1,Enterprise,US West
2026-07-31,17.64,1,Starter,APAC
2026-07-31,864.37,1,Enterprise,Europe
2026-07-31,74.31,1,Team,US West
2026-07-31,76.42,1,Team,Europe
2026-07-31,713.15,3,Business,US East
2026-07-31,39.77,2,Starter,US East
2026-07-31,515.19,2,Business,US East
2026-07-31,477.42,2,Business,Europe
2026-07-31,35.97,2,Starter,US West
2026-07-31,72.99,1,Team,US East
2026-07-31,18.54,1,Starter,US West
2026-07-31,1847.87,2,Enterprise,US West
2026-07-31,151.69,2,Team,US West
2026-07-31,226.79,1,Business,US East
2026-07-31,172.87,2,Team,US West
2026-07-31,19.51,1,Starter,US West
2026-07-31,922.17,1,Enterprise,US East
2026-07-31,866.15,1,Enterprise,US East
2026-07-31,41.4,2,Starter,APAC
2026-07-31,19.57,1,Starter,US East
2026-07-31,36.53,2,Starter,APAC
2026-07-31,1742.61,2,Enterprise,US West
2026-07-31,886.5,1,Enterprise,US West
2026-07-31,78.48,1,Team,APAC
2026-07-31,243.87,1,Business,US West
2026-07-31,18.37,1,Starter,US West
2026-07-31,80.78,1,Team,US East
2026-07-31,81.68,1,Team,Europe
2026-07-31,477.97,2,Business,US East
2026-07-31,18.71,1,Starter,Europe
2026-07-31,20.42,1,Starter,US West
2026-07-31,82.04,1,Team,Europe
2026-07-31,17.61,1,Starter,US West
2026-07-31,160.2,2,Team,US East
2026-07-31,19.78,1,Starter,Europe
2026-07-31,231.53,1,Business,US West
2026-07-31,533.33,2,Business,Europe
2026-07-31,20.07,1,Starter,US East
2026-07-31,244.66,1,Business,US East
2026-07-31,38.75,2,Starter,US West
2026-07-31,226.39,1,Business,US West
2026-07-31,35.53,2,Starter,APAC
2026-07-31,18.8,1,Starter,APAC
2026-07-31,899.68,1,Enterprise,US East
2026-07-31,166.85,2,Team,Europe
2026-07-31,249.36,1,Business,US West
2026-07-31,70.56,1,Team,US East
2026-07-31,81.88,1,Team,Europe
2026-07-31,19.7,1,Starter,US West
2026-07-31,253.51,1,Business,US West
2026-07-31,20.02,1,Starter,US West
2026-08-01,20.75,1,Starter,US West
2026-08-01,84.33,1,Team,US West
2026-08-01,77.91,1,Team,US West
2026-08-01,19.8,1,Starter,Europe
2026-08-01,40.3,2,Starter,US East
2026-08-01,510.08,2,Business,US East
2026-08-01,158.05,2,Team,Europe
2026-08-01,17.32,1,Starter,US East
2026-08-01,73.56,1,Team,US West
2026-08-01,77.97,1,Team,US West
2026-08-01,766.22,3,Business,APAC
2026-08-01,500.83,2,Business,US West
2026-08-01,57.46,3,Starter,US West
2026-08-01,468.18,2,Business,Europe
2026-08-01,21.17,1,Starter,US West
2026-08-01,18.97,1,Starter,Europe
2026-08-01,38.65,2,Starter,US West
2026-08-01,39.52,2,Starter,Europe
2026-08-01,164.87,2,Team,US East
2026-08-01,81.54,1,Team,US West
2026-08-01,76.04,1,Team,Europe
2026-08-01,158.59,2,Team,Europe
2026-08-01,463.72,2,Business,Europe
2026-08-01,511.48,2,Business,US West
2026-08-01,1803.99,2,Enterprise,US East
2026-08-01,18.04,1,Starter,US West
2026-08-01,18.5,1,Starter,Europe
2026-08-01,243.98,1,Business,US East
2026-08-01,219.9,3,Team,US East
2026-08-01,267.31,1,Business,US East
2026-08-01,174.2,2,Team,US West
2026-08-01,246.89,1,Business,APAC
2026-08-01,948.11,1,Enterprise,US West
2026-08-01,1657.95,2,Enterprise,US West
2026-08-01,75.83,1,Team,APAC
2026-08-01,19.4,1,Starter,Europe
2026-08-01,265.38,1,Business,US East
2026-08-01,172.06,2,Team,US East
2026-08-01,72.2,1,Team,Europe
2026-08-01,35.49,2,Starter,US East
2026-08-01,42.22,2,Starter,US East
2026-08-01,77.2,1,Team,US West
2026-08-01,252.37,1,Business,US West
2026-08-01,79.37,1,Team,Europe
2026-08-01,19.8,1,Starter,US East
2026-08-01,75.7,1,Team,US East
2026-08-01,40.49,2,Starter,US West
2026-08-02,83.18,1,Team,APAC
2026-08-02,772.85,3,Business,Europe
2026-08-02,79.19,1,Team,Europe
2026-08-02,975.87,1,Enterprise,US East
2026-08-02,175.74,2,Team,US East
2026-08-02,76.43,1,Team,US West
2026-08-02,263.07,1,Business,US West
2026-08-02,82.8,1,Team,US West
2026-08-02,18.44,1,Starter,APAC
2026-08-02,80.25,1,Team,Europe
2026-08-02,153.79,2,Team,US West
2026-08-02,17.99,1,Starter,US West
2026-08-02,78.39,1,Team,US West
2026-08-02,80.94,1,Team,APAC
2026-08-02,520.1,2,Business,US East
2026-08-02,80.31,1,Team,Europe
2026-08-02,550.79,2,Business,Europe
2026-08-02,84.32,1,Team,Europe
2026-08-02,909.2,1,Enterprise,US West
2026-08-02,456.54,2,Business,US West
2026-08-02,1757.34,2,Enterprise,US East
2026-08-02,39.16,2,Starter,US West
2026-08-02,1779.78,2,Enterprise,US East
2026-08-02,18.86,1,Starter,US West
2026-08-02,166.52,2,Team,US East
2026-08-02,19.63,1,Starter,US West
2026-08-02,80.33,1,Team,US West
2026-08-02,853.06,1,Enterprise,US West
2026-08-02,77.23,1,Team,Europe
2026-08-02,79.68,1,Team,Europe
2026-08-02,20.68,1,Starter,US West
2026-08-02,75.2,1,Team,Europe
2026-08-02,156.45,2,Team,Europe
2026-08-02,152.56,2,Team,US East
2026-08-02,158.05,2,Team,US West
2026-08-02,83.07,1,Team,US West
2026-08-02,487.07,2,Business,US West
2026-08-02,259.88,1,Business,Europe
2026-08-02,496.24,2,Business,US West
2026-08-02,19.09,1,Starter,US West
2026-08-02,73.54,1,Team,US East
2026-08-02,238.1,1,Business,US East
2026-08-02,37.13,2,Starter,US West
2026-08-02,78.25,1,Team,US West
2026-08-02,74.67,1,Team,US East
2026-08-02,161.55,2,Team,APAC
2026-08-02,20.67,1,Starter,US West
2026-08-02,37.01,2,Starter,US East
2026-08-02,79.32,1,Team,US East
2026-08-02,492.67,2,Business,US East
2026-08-03,161.2,2,Team,US West
2026-08-03,18.51,1,Starter,Europe
2026-08-03,928.51,1,Enterprise,Europe
2026-08-03,150.3,2,Team,APAC
2026-08-03,506.01,2,Business,Europe
2026-08-03,502.38,2,Business,US East
2026-08-03,19.43,1,Starter,US West
2026-08-03,248.65,1,Business,Europe
2026-08-03,162.21,2,Team,APAC
2026-08-03,34.53,2,Starter,US West
2026-08-03,19.64,1,Starter,US East
2026-08-03,61.67,3,Starter,Europe
2026-08-03,18.95,1,Starter,Europe
2026-08-03,154.19,2,Team,US West
2026-08-03,159.81,2,Team,US East
2026-08-03,38.44,2,Starter,APAC
2026-08-03,256.77,1,Business,US West
2026-08-03,77.27,1,Team,US East
2026-08-03,266.37,1,Business,US East
2026-08-03,18.97,1,Starter,US East
2026-08-03,234.29,3,Team,US East
2026-08-03,40.19,2,Starter,APAC
2026-08-03,152.63,2,Team,APAC
2026-08-03,18.95,1,Starter,Europe
2026-08-03,154.71,2,Team,US West
2026-08-03,874.56,1,Enterprise,US East
2026-08-03,859.11,1,Enterprise,US West
2026-08-03,170.38,2,Team,Europe
2026-08-03,261.53,1,Business,US West
2026-08-03,18.92,1,Starter,Europe
2026-08-03,235.13,1,Business,US West
2026-08-03,83.94,1,Team,Europe
2026-08-03,503.26,2,Business,US West
2026-08-03,153.1,2,Team,Europe
2026-08-03,225.66,3,Team,Europe
2026-08-03,18.55,1,Starter,Europe
2026-08-03,77.6,1,Team,US West
2026-08-03,76.81,1,Team,Europe
2026-08-03,85.66,1,Team,US West
2026-08-03,157.17,2,Team,Europe
2026-08-03,75.58,1,Team,US West
2026-08-03,243.07,1,Business,US West
2026-08-03,17.74,1,Starter,US West
2026-08-03,76.72,1,Team,US East
2026-08-03,20.35,1,Starter,US East
2026-08-03,168.06,2,Team,US West
2026-08-03,20.18,1,Starter,Europe
2026-08-03,256.0,1,Business,US West
2026-08-03,168.9,2,Team,US East
2026-08-03,252.09,1,Business,US East
2026-08-03,78.99,1,Team,Europe
2026-08-03,252.74,1,Business,US West
2026-08-03,19.51,1,Starter,US East
2026-08-03,78.83,1,Team,US West
2026-08-03,19.38,1,Starter,US West
2026-08-03,473.43,2,Business,US West
2026-08-03,158.13,2,Team,APAC
2026-08-03,250.16,1,Business,US East
2026-08-03,152.28,2,Team,US West
2026-08-03,504.7,2,Business,US West
2026-08-03,17.91,1,Starter,US West
2026-08-03,19.84,1,Starter,US East
2026-08-03,40.65,2,Starter,US West
2026-08-03,79.89,1,Team,US West
2026-08-03,165.78,2,Team,US West
2026-08-03,34.47,2,Starter,Europe
2026-08-03,75.4,1,Team,APAC
2026-08-03,1774.34,2,Enterprise,US East
2026-08-03,19.1,1,Starter,US East
2026-08-03,38.41,2,Starter,US East
2026-08-03,486.72,2,Business,US West
2026-08-03,254.83,1,Business,US West
2026-08-03,18.22,1,Starter,Europe
2026-08-03,18.82,1,Starter,Europe
2026-08-03,129.87,2,Team,US West
2026-08-03,253.34,1,Business,Europe
2026-08-03,19.08,1,Starter,US West
2026-08-03,38.34,2,Starter,Europe
2026-08-03,87.75,1,Team,Europe
2026-08-03,76.89,1,Team,Europe
2026-08-03,73.64,1,Team,Europe
2026-08-03,17.91,1,Starter,US West
2026-08-03,76.05,1,Team,Europe
2026-08-03,277.5,1,Business,US West
2026-08-03,38.91,2,Starter,Europe
2026-08-03,919.42,1,Enterprise,Europe
2026-08-03,19.35,1,Starter,Europe
2026-08-03,18.31,1,Starter,US East
2026-08-03,37.67,2,Starter,US West
2026-08-03,78.03,1,Team,Europe
2026-08-03,17.41,1,Starter,Europe
2026-08-03,19.66,1,Starter,US West
2026-08-03,518.02,2,Business,US East
2026-08-03,38.0,2,Starter,Europe
2026-08-03,40.95,2,Starter,US West
2026-08-03,257.52,1,Business,Europe
2026-08-03,153.72,2,Team,Europe
2026-08-04,19.94,1,Starter,US East
2026-08-04,76.4,1,Team,US West
2026-08-04,36.76,2,Starter,US East
2026-08-04,1904.35,2,Enterprise,US East
2026-08-04,36.66,2,Starter,Europe
2026-08-04,159.56,2,Team,US East
2026-08-04,39.22,2,Starter,US West
2026-08-04,84.44,1,Team,US West
2026-08-04,244.3,1,Business,US East
2026-08-04,82.78,1,Team,US West
2026-08-04,243.52,1,Business,Europe
2026-08-04,480.67,2,Business,APAC
2026-08-04,164.87,2,Team,US West
2026-08-04,86.83,1,Team,Europe
2026-08-04,19.93,1,Starter,Europe
2026-08-04,38.68,2,Starter,US East
2026-08-04,41.93,2,Starter,US West
2026-08-04,39.2,2,Starter,Europe
2026-08-04,37.37,2,Starter,Europe
2026-08-04,163.22,2,Team,APAC
2026-08-04,73.91,1,Team,Europe
2026-08-04,19.23,1,Starter,US East
2026-08-04,521.22,2,Business,US West
2026-08-04,161.49,2,Team,US East
2026-08-04,504.8,2,Business,US West
2026-08-04,904.13,1,Enterprise,Europe
2026-08-04,36.3,2,Starter,Europe
2026-08-04,21.2,1,Starter,Europe
2026-08-04,153.84,2,Team,Europe
2026-08-04,167.89,2,Team,US East
2026-08-04,155.09,2,Team,Europe
2026-08-04,465.92,2,Business,US West
2026-08-04,19.33,1,Starter,US West
2026-08-04,36.31,2,Starter,US East
2026-08-04,478.27,2,Business,Europe
2026-08-04,163.14,2,Team,US West
2026-08-04,84.03,1,Team,Europe
2026-08-04,478.21,2,Business,APAC
2026-08-04,79.3,1,Team,APAC
2026-08-04,19.4,1,Starter,US East
2026-08-04,247.89,1,Business,US East
2026-08-04,19.38,1,Starter,US West
2026-08-04,492.58,2,Business,US West
2026-08-04,18.15,1,Starter,US East
2026-08-04,87.67,1,Team,US West
2026-08-04,77.75,1,Team,Europe
2026-08-04,428.33,2,Business,US East
2026-08-04,262.65,1,Business,US West
2026-08-04,36.61,2,Starter,US East
2026-08-04,19.77,1,Starter,US West
2026-08-04,477.31,2,Business,US East
2026-08-04,1791.52,2,Enterprise,US West
2026-08-04,71.44,1,Team,Europe
2026-08-04,254.99,1,Business,APAC
2026-08-04,152.41,2,Team,US West
2026-08-04,242.47,3,Team,US West
2026-08-04,79.32,1,Team,US West
2026-08-04,78.96,1,Team,US East
2026-08-04,19.57,1,Starter,US West
2026-08-04,74.39,1,Team,APAC
2026-08-04,18.87,1,Starter,US West
2026-08-04,156.89,2,Team,US East
2026-08-04,256.4,1,Business,US West
2026-08-04,20.53,1,Starter,Europe
2026-08-04,18.01,1,Starter,US West
2026-08-04,452.65,2,Business,US West
2026-08-04,158.23,2,Team,Europe
2026-08-04,484.12,2,Business,Europe
2026-08-04,259.11,1,Business,Europe
2026-08-04,18.06,1,Starter,US West
2026-08-04,82.44,1,Team,US East
2026-08-04,18.92,1,Starter,US West
2026-08-04,245.4,1,Business,US East
2026-08-04,496.61,2,Business,US West
2026-08-04,18.81,1,Starter,Europe
2026-08-04,482.37,2,Business,US West
2026-08-04,163.47,2,Team,Europe
2026-08-04,19.23,1,Starter,US West
2026-08-04,244.37,3,Team,Europe
2026-08-04,1952.59,2,Enterprise,APAC
2026-08-04,19.89,1,Starter,US East
2026-08-04,75.27,1,Team,Europe
2026-08-04,39.09,2,Starter,US East
2026-08-04,166.48,2,Team,US West
2026-08-04,82.12,1,Team,US West
2026-08-04,19.52,1,Starter,Europe
2026-08-04,19.38,1,Starter,US West
2026-08-04,148.89,2,Team,US East
2026-08-04,152.62,2,Team,APAC
2026-08-04,19.67,1,Starter,US East
2026-08-04,236.21,3,Team,US East
2026-08-04,19.23,1,Starter,US West
2026-08-04,18.28,1,Starter,US West
2026-08-05,19.52,1,Starter,US East
2026-08-05,140.04,2,Team,US East
2026-08-05,157.3,2,Team,US West
2026-08-05,253.49,1,Business,Europe
2026-08-05,18.74,1,Starter,Europe
2026-08-05,1855.96,2,Enterprise,US East
2026-08-05,76.15,1,Team,US West
2026-08-05,250.47,1,Business,US West
2026-08-05,156.33,2,Team,Europe
2026-08-05,79.31,1,Team,Europe
2026-08-05,80.12,1,Team,Europe
2026-08-05,19.86,1,Starter,US East
2026-08-05,886.9,1,Enterprise,US West
2026-08-05,19.44,1,Starter,US West
2026-08-05,18.23,1,Starter,Europe
2026-08-05,77.12,1,Team,US East
2026-08-05,243.37,1,Business,US East
2026-08-05,158.13,2,Team,US East
2026-08-05,81.66,1,Team,Europe
2026-08-05,144.72,2,Team,US East
2026-08-05,237.46,1,Business,Europe
2026-08-05,154.39,2,Team,US West
2026-08-05,158.69,2,Team,US West
2026-08-05,35.48,2,Starter,US West
2026-08-05,19.97,1,Starter,US West
2026-08-05,18.42,1,Starter,US West
2026-08-05,19.84,1,Starter,US East
2026-08-05,458.29,2,Business,US East
2026-08-05,18.77,1,Starter,US West
2026-08-05,16.61,1,Starter,US West
2026-08-05,40.52,2,Starter,US West
2026-08-05,19.37,1,Starter,APAC
2026-08-05,18.76,1,Starter,US East
2026-08-05,841.12,1,Enterprise,US West
2026-08-05,158.34,2,Team,US East
2026-08-05,168.63,2,Team,APAC
2026-08-05,84.65,1,Team,Europe
2026-08-05,17.94,1,Starter,Europe
2026-08-05,165.5,2,Team,US West
2026-08-05,252.15,1,Business,US West
2026-08-05,19.24,1,Starter,US West
2026-08-05,246.05,1,Business,US East
2026-08-05,148.3,2,Team,US West
2026-08-05,19.33,1,Starter,US West
2026-08-05,523.12,2,Business,US West
2026-08-05,19.14,1,Starter,US West
2026-08-05,36.72,2,Starter,Europe
2026-08-05,36.84,2,Starter,APAC
2026-08-05,166.09,2,Team,Europe
2026-08-05,18.53,1,Starter,US West
2026-08-05,242.06,3,Team,US West
2026-08-05,76.63,1,Team,Europe
2026-08-05,146.38,2,Team,US West
2026-08-05,534.46,2,Business,US West
2026-08-05,166.09,2,Team,US West
2026-08-05,37.15,2,Starter,Europe
2026-08-05,19.36,1,Starter,Europe
2026-08-05,494.99,2,Business,US West
2026-08-05,38.33,2,Starter,US East
2026-08-05,18.84,1,Starter,US East
2026-08-05,19.25,1,Starter,Europe
2026-08-05,18.81,1,Starter,US West
2026-08-05,153.57,2,Team,US East
2026-08-05,19.95,1,Starter,US West
2026-08-05,17.25,1,Starter,US East
2026-08-05,20.32,1,Starter,US East
2026-08-05,978.31,1,Enterprise,Europe
2026-08-05,249.56,3,Team,Europe
2026-08-05,40.81,2,Starter,Europe
2026-08-05,77.71,1,Team,US West
2026-08-05,18.83,1,Starter,US West
2026-08-05,234.03,1,Business,Europe
2026-08-05,18.99,1,Starter,Europe
2026-08-05,18.99,1,Starter,US East
2026-08-05,75.02,1,Team,US West
2026-08-05,19.32,1,Starter,US East
2026-08-05,57.23,3,Starter,US East
2026-08-05,38.08,2,Starter,US West
2026-08-05,160.56,2,Team,US West
2026-08-05,59.44,3,Starter,Europe
2026-08-05,163.96,2,Team,Europe
2026-08-05,75.8,1,Team,US East
2026-08-05,39.33,2,Starter,US East
2026-08-05,147.68,2,Team,APAC
2026-08-05,36.77,2,Starter,US West
2026-08-05,79.09,1,Team,Europe
2026-08-05,231.92,1,Business,US East
2026-08-05,17.57,1,Starter,US East
2026-08-05,72.91,1,Team,APAC
2026-08-05,82.96,1,Team,US East
2026-08-05,38.46,2,Starter,Europe
2026-08-05,19.21,1,Starter,US West
2026-08-05,18.72,1,Starter,US West
2026-08-05,514.67,2,Business,APAC
2026-08-05,36.43,2,Starter,US West
2026-08-05,17.93,1,Starter,Europe
2026-08-05,76.26,1,Team,US West
2026-08-05,169.59,2,Team,APAC
2026-08-05,79.76,1,Team,US West
2026-08-05,20.98,1,Starter,US East
2026-08-06,857.62,1,Enterprise,Europe
2026-08-06,242.92,1,Business,US East
2026-08-06,161.05,2,Team,US East
2026-08-06,35.71,2,Starter,Europe
2026-08-06,77.36,1,Team,US West
2026-08-06,35.27,2,Starter,US East
2026-08-06,161.55,2,Team,US West
2026-08-06,17.22,1,Starter,US East
2026-08-06,74.97,1,Team,US East
2026-08-06,158.6,2,Team,US West
2026-08-06,164.57,2,Team,US West
2026-08-06,19.42,1,Starter,APAC
2026-08-06,69.57,1,Team,US West
2026-08-06,37.15,2,Starter,US West
2026-08-06,79.77,1,Team,US East
2026-08-06,38.83,2,Starter,US West
2026-08-06,158.01,2,Team,Europe
2026-08-06,1745.29,2,Enterprise,US West
2026-08-06,42.38,2,Starter,APAC
2026-08-06,537.56,2,Business,US East
2026-08-06,840.12,1,Enterprise,US West
2026-08-06,80.12,1,Team,Europe
2026-08-06,170.34,2,Team,Europe
2026-08-06,18.0,1,Starter,Europe
2026-08-06,18.32,1,Starter,Europe
2026-08-06,166.08,2,Team,US East
2026-08-06,37.72,2,Starter,US East
2026-08-06,263.21,1,Business,Europe
2026-08-06,76.61,1,Team,APAC
2026-08-06,82.54,1,Team,APAC
2026-08-06,79.11,1,Team,Europe
2026-08-06,1904.26,2,Enterprise,APAC
2026-08-06,164.65,2,Team,Europe
2026-08-06,76.78,1,Team,Europe
2026-08-06,82.07,1,Team,US West
2026-08-06,18.66,1,Starter,US East
2026-08-06,38.25,2,Starter,US West
2026-08-06,263.74,1,Business,US East
2026-08-06,40.34,2,Starter,Europe
2026-08-06,468.39,2,Business,US East
2026-08-06,18.88,1,Starter,US East
2026-08-06,254.75,1,Business,US West
2026-08-06,85.38,1,Team,US East
2026-08-06,37.27,2,Starter,US West
2026-08-06,20.0,1,Starter,US West
2026-08-06,261.03,1,Business,US West
2026-08-06,157.29,2,Team,US East
2026-08-06,83.18,1,Team,Europe
2026-08-06,80.75,1,Team,US West
2026-08-06,1795.34,2,Enterprise,US East
2026-08-06,83.21,1,Team,US West
2026-08-06,18.34,1,Starter,Europe
2026-08-06,77.14,1,Team,US East
2026-08-06,546.42,2,Business,US East
2026-08-06,155.47,2,Team,US West
2026-08-06,84.89,1,Team,US East
2026-08-06,37.95,2,Starter,APAC
2026-08-06,75.81,1,Team,Europe
2026-08-06,156.78,2,Team,APAC
2026-08-06,79.17,1,Team,APAC
2026-08-06,226.43,3,Team,Europe
2026-08-06,19.61,1,Starter,US West
2026-08-06,267.8,1,Business,US West
2026-08-06,19.75,1,Starter,US East
2026-08-06,165.22,2,Team,US East
2026-08-06,37.4,2,Starter,US West
2026-08-06,230.88,1,Business,Europe
2026-08-06,34.08,2,Starter,US West
2026-08-06,243.89,1,Business,US East
2026-08-06,40.9,2,Starter,Europe
2026-08-06,170.39,2,Team,US West
2026-08-06,36.6,2,Starter,US West
2026-08-06,38.91,2,Starter,Europe
2026-08-06,75.61,1,Team,US West
2026-08-06,514.42,2,Business,US West
2026-08-06,223.26,1,Business,US West
2026-08-06,71.35,1,Team,Europe
2026-08-06,496.46,2,Business,APAC
2026-08-06,77.02,1,Team,US West
2026-08-06,260.79,1,Business,US West
2026-08-06,175.38,2,Team,APAC
2026-08-06,37.26,2,Starter,US East
2026-08-06,19.7,1,Starter,US West
2026-08-06,17.95,1,Starter,US West
2026-08-06,18.29,1,Starter,US West
2026-08-06,263.5,1,Business,Europe
2026-08-06,487.63,2,Business,Europe
2026-08-06,37.12,2,Starter,APAC
2026-08-06,1802.9,2,Enterprise,Europe
2026-08-06,80.06,1,Team,US West
2026-08-06,171.08,2,Team,US West
2026-08-06,20.55,1,Starter,US East
2026-08-06,20.07,1,Starter,Europe
2026-08-06,19.64,1,Starter,US East
2026-08-06,242.98,1,Business,US West
2026-08-06,18.8,1,Starter,Europe
2026-08-06,53.89,3,Starter,Europe
2026-08-06,245.63,1,Business,APAC
2026-08-06,74.5,1,Team,US East
2026-08-06,481.28,2,Business,APAC
2026-08-06,36.27,2,Starter,US West
2026-08-06,504.33,2,Business,US West
2026-08-06,18.23,1,Starter,US East
2026-08-06,21.19,1,Starter,Europe
2026-08-06,787.57,1,Enterprise,Europe
2026-08-06,554.45,2,Business,APAC
2026-08-06,18.32,1,Starter,US East
2026-08-06,176.28,2,Team,US East
2026-08-06,75.8,1,Team,US East
2026-08-06,160.02,2,Team,Europe
2026-08-06,1911.08,2,Enterprise,Europe
2026-08-07,75.46,1,Team,US West
2026-08-07,39.39,2,Starter,US East
2026-08-07,41.06,2,Starter,US East
2026-08-07,932.71,1,Enterprise,US East
2026-08-07,37.06,2,Starter,US West
2026-08-07,244.52,1,Business,US East
2026-08-07,245.72,1,Business,US East
2026-08-07,19.21,1,Starter,US East
2026-08-07,59.17,3,Starter,US West
2026-08-07,18.43,1,Starter,Europe
2026-08-07,20.82,1,Starter,US East
2026-08-07,38.44,2,Starter,US East
2026-08-07,146.97,2,Team,Europe
2026-08-07,162.0,2,Team,US West
2026-08-07,480.28,2,Business,US East
2026-08-07,32.9,2,Starter,US West
2026-08-07,21.6,1,Starter,Europe
2026-08-07,40.56,2,Starter,APAC
2026-08-07,158.86,2,Team,APAC
2026-08-07,20.34,1,Starter,US West
2026-08-07,166.43,2,Team,US West
2026-08-07,36.75,2,Starter,US West
2026-08-07,35.48,2,Starter,APAC
2026-08-07,74.01,1,Team,US West
2026-08-07,35.15,2,Starter,Europe
2026-08-07,161.85,2,Team,US East
2026-08-07,16.79,1,Starter,APAC
2026-08-07,40.73,2,Starter,US East
2026-08-07,18.39,1,Starter,Europe
2026-08-07,245.81,3,Team,US West
2026-08-07,77.56,1,Team,US West
2026-08-07,81.38,1,Team,US West
2026-08-07,161.71,2,Team,Europe
2026-08-07,41.27,2,Starter,US West
2026-08-07,36.63,2,Starter,US West
2026-08-07,39.72,2,Starter,US West
2026-08-07,37.55,2,Starter,US East
2026-08-07,19.14,1,Starter,Europe
2026-08-07,77.08,1,Team,Europe
2026-08-07,75.2,1,Team,Europe
2026-08-07,35.39,2,Starter,APAC
2026-08-07,78.83,1,Team,US East
2026-08-07,73.76,1,Team,Europe
2026-08-07,284.2,1,Business,US East
2026-08-07,37.73,2,Starter,US West
2026-08-07,766.06,3,Business,Europe
2026-08-07,56.05,3,Starter,US East
2026-08-07,37.71,2,Starter,US East
2026-08-07,18.6,1,Starter,APAC
2026-08-07,39.67,2,Starter,US West
2026-08-07,19.06,1,Starter,US East
2026-08-07,273.63,1,Business,US East
2026-08-07,526.17,2,Business,APAC
2026-08-07,79.61,1,Team,US West
2026-08-07,167.02,2,Team,US West
2026-08-07,18.06,1,Starter,US East
2026-08-07,228.87,1,Business,Europe
2026-08-07,727.55,3,Business,US West
2026-08-07,40.44,2,Starter,Europe
2026-08-07,732.75,3,Business,US East
2026-08-07,83.33,1,Team,Europe
2026-08-07,879.81,1,Enterprise,US West
2026-08-07,487.49,2,Business,US East
2026-08-07,157.12,2,Team,Europe
2026-08-07,477.71,2,Business,Europe
2026-08-07,158.28,2,Team,US East
2026-08-07,76.92,1,Team,US East
2026-08-07,551.34,2,Business,US East
2026-08-07,151.43,2,Team,US West
2026-08-07,479.0,2,Business,APAC
2026-08-07,17.95,1,Starter,US West
2026-08-07,39.21,2,Starter,Europe
2026-08-07,78.02,1,Team,US West
2026-08-07,234.12,1,Business,Europe
2026-08-07,145.04,2,Team,US West
2026-08-07,1676.88,2,Enterprise,Europe
2026-08-07,931.76,1,Enterprise,Europe
2026-08-07,521.16,2,Business,US East
2026-08-07,143.81,2,Team,US East
2026-08-07,72.39,1,Team,US East
2026-08-07,228.68,1,Business,US West
2026-08-07,16.96,1,Starter,US West
2026-08-07,270.68,1,Business,US West
2026-08-07,35.33,2,Starter,US East
2026-08-07,85.19,1,Team,US East
2026-08-07,237.7,3,Team,Europe
2026-08-07,154.12,2,Team,US East
2026-08-07,37.85,2,Starter,US West
2026-08-07,37.85,2,Starter,Europe
2026-08-07,34.23,2,Starter,US West
2026-08-07,259.61,1,Business,Europe
2026-08-07,38.15,2,Starter,US East
2026-08-07,264.29,1,Business,APAC
2026-08-07,146.08,2,Team,US East
2026-08-08,19.18,1,Starter,US East
2026-08-08,75.21,1,Team,US West
2026-08-08,498.93,2,Business,US West
2026-08-08,19.91,1,Starter,US West
2026-08-08,250.0,1,Business,Europe
2026-08-08,261.52,1,Business,Europe
2026-08-08,17.74,1,Starter,US West
2026-08-08,163.46,2,Team,US West
2026-08-08,17.13,1,Starter,US East
2026-08-08,20.96,1,Starter,APAC
2026-08-08,162.62,2,Team,US East
2026-08-08,40.37,2,Starter,US West
2026-08-08,79.3,1,Team,Europe
2026-08-08,78.89,1,Team,US West
2026-08-08,238.79,1,Business,US West
2026-08-08,923.83,1,Enterprise,US West
2026-08-08,473.69,2,Business,US West
2026-08-08,259.7,1,Business,APAC
2026-08-08,33.44,2,Starter,US East
2026-08-08,250.14,1,Business,US West
2026-08-08,41.9,2,Starter,US East
2026-08-08,17.76,1,Starter,US West
2026-08-08,19.22,1,Starter,Europe
2026-08-08,238.91,1,Business,US West
2026-08-08,35.66,2,Starter,US West
2026-08-08,81.09,1,Team,US East
2026-08-08,19.1,1,Starter,US East
2026-08-08,20.01,1,Starter,US East
2026-08-08,142.17,2,Team,US East
2026-08-08,257.4,1,Business,APAC
2026-08-08,20.28,1,Starter,Europe
2026-08-08,240.46,1,Business,US East
2026-08-08,17.89,1,Starter,US East
2026-08-08,250.8,1,Business,US East
2026-08-08,18.87,1,Starter,US East
2026-08-08,40.9,2,Starter,Europe
2026-08-08,19.42,1,Starter,US East
2026-08-08,1851.92,2,Enterprise,Europe
2026-08-08,76.64,1,Team,Europe
2026-08-08,930.35,1,Enterprise,US West
2026-08-08,19.47,1,Starter,US West
2026-08-08,503.14,2,Business,US West
2026-08-08,39.61,2,Starter,Europe
2026-08-08,38.63,2,Starter,APAC
2026-08-08,77.77,1,Team,US East
2026-08-08,164.39,2,Team,APAC
2026-08-08,517.08,2,Business,US West
2026-08-08,77.15,1,Team,US West
2026-08-08,40.46,2,Starter,US West
2026-08-08,501.94,2,Business,Europe
2026-08-09,17.94,1,Starter,US East
2026-08-09,1879.1,2,Enterprise,US East
2026-08-09,77.13,1,Team,US West
2026-08-09,171.49,2,Team,Europe
2026-08-09,19.24,1,Starter,US West
2026-08-09,873.42,1,Enterprise,US East
2026-08-09,1786.62,2,Enterprise,US East
2026-08-09,80.81,1,Team,APAC
2026-08-09,81.21,1,Team,Europe
2026-08-09,40.36,2,Starter,Europe
2026-08-09,245.24,1,Business,Europe
2026-08-09,171.85,2,Team,Europe
2026-08-09,18.2,1,Starter,US West
2026-08-09,162.75,2,Team,US East
2026-08-09,19.59,1,Starter,US East
2026-08-09,174.68,2,Team,US West
2026-08-09,18.19,1,Starter,US East
2026-08-09,87.42,1,Team,US West
2026-08-09,81.13,1,Team,US West
2026-08-09,81.62,1,Team,US East
2026-08-09,35.78,2,Starter,Europe
2026-08-09,18.52,1,Starter,Europe
2026-08-09,84.13,1,Team,Europe
2026-08-09,34.76,2,Starter,US West
2026-08-09,171.66,2,Team,US West
2026-08-09,254.74,1,Business,Europe
2026-08-09,19.28,1,Starter,US West
2026-08-09,86.3,1,Team,US East
2026-08-09,897.25,1,Enterprise,Europe
2026-08-09,19.1,1,Starter,Europe
2026-08-09,36.95,2,Starter,US East
2026-08-09,85.18,1,Team,US East
2026-08-09,154.07,2,Team,US East
2026-08-09,79.72,1,Team,Europe
2026-08-09,17.49,1,Starter,Europe
2026-08-09,40.48,2,Starter,US East
2026-08-09,77.88,1,Team,US East
2026-08-09,77.27,1,Team,US West
2026-08-09,76.04,1,Team,Europe
2026-08-09,493.35,2,Business,APAC
2026-08-09,144.72,2,Team,US East
2026-08-09,52.53,3,Starter,US West
2026-08-09,252.7,1,Business,APAC
2026-08-09,40.36,2,Starter,US West
2026-08-09,19.23,1,Starter,Europe
2026-08-09,80.78,1,Team,US West
2026-08-09,855.22,1,Enterprise,Europe
2026-08-10,19.26,1,Starter,US East
2026-08-10,507.7,2,Business,US West
2026-08-10,18.69,1,Starter,US East
2026-08-10,81.57,1,Team,APAC
2026-08-10,81.04,1,Team,Europe
2026-08-10,248.39,1,Business,US East
2026-08-10,252.11,1,Business,US East
2026-08-10,36.59,2,Starter,Europe
2026-08-10,80.7,1,Team,US East
2026-08-10,80.87,1,Team,Europe
2026-08-10,516.04,2,Business,US East
2026-08-10,441.91,2,Business,US East
2026-08-10,240.12,1,Business,APAC
2026-08-10,37.67,2,Starter,US East
2026-08-10,79.75,1,Team,Europe
2026-08-10,512.22,2,Business,Europe
2026-08-10,493.27,2,Business,Europe
2026-08-10,74.59,1,Team,Europe
2026-08-10,74.13,1,Team,Europe
2026-08-10,487.41,2,Business,US West
2026-08-10,162.06,2,Team,US West
2026-08-10,20.44,1,Starter,US East
2026-08-10,255.16,1,Business,US East
2026-08-10,19.47,1,Starter,Europe
2026-08-10,19.9,1,Starter,US East
2026-08-10,77.67,1,Team,US East
2026-08-10,159.18,2,Team,US East
2026-08-10,930.49,1,Enterprise,US West
2026-08-10,156.6,2,Team,Europe
2026-08-10,18.07,1,Starter,Europe
2026-08-10,817.98,3,Business,US East
2026-08-10,73.55,1,Team,US West
2026-08-10,159.8,2,Team,Europe
2026-08-10,19.99,1,Starter,Europe
2026-08-10,20.4,1,Starter,APAC
2026-08-10,160.13,2,Team,US West
2026-08-10,18.08,1,Starter,US West
2026-08-10,20.04,1,Starter,US East
2026-08-10,37.93,2,Starter,US West
2026-08-10,161.22,2,Team,US East
2026-08-10,18.32,1,Starter,US East
2026-08-10,78.23,1,Team,US West
2026-08-10,81.79,1,Team,US West
2026-08-10,897.3,1,Enterprise,US West
2026-08-10,474.78,2,Business,Europe
2026-08-10,498.88,2,Business,Europe
2026-08-10,38.99,2,Starter,APAC
2026-08-10,161.28,2,Team,US East
2026-08-10,907.41,1,Enterprise,US East
2026-08-10,263.55,1,Business,Europe
2026-08-10,37.06,2,Starter,US West
2026-08-10,159.62,2,Team,Europe
2026-08-10,463.04,2,Business,US West
2026-08-10,70.38,1,Team,US West
2026-08-10,17.57,1,Starter,US West
2026-08-10,159.17,2,Team,US East
2026-08-10,167.88,2,Team,US East
2026-08-10,72.19,1,Team,Europe
2026-08-10,16.74,1,Starter,US West
2026-08-10,1696.99,2,Enterprise,US East
2026-08-10,36.88,2,Starter,APAC
2026-08-10,19.15,1,Starter,US East
2026-08-10,451.12,2,Business,Europe
2026-08-10,39.79,2,Starter,US East
2026-08-10,476.35,2,Business,APAC
2026-08-10,39.51,2,Starter,APAC
2026-08-10,257.14,1,Business,US West
2026-08-10,466.39,2,Business,US East
2026-08-10,18.34,1,Starter,US West
2026-08-10,18.74,1,Starter,Europe
2026-08-10,37.12,2,Starter,US West
2026-08-10,155.13,2,Team,US East
2026-08-10,254.34,1,Business,US East
2026-08-10,40.21,2,Starter,US East
2026-08-10,18.68,1,Starter,US West
2026-08-10,505.55,2,Business,Europe
2026-08-10,927.76,1,Enterprise,US West
2026-08-10,253.14,3,Team,US East
2026-08-10,239.19,1,Business,US East
2026-08-10,1800.14,2,Enterprise,US East
2026-08-10,263.28,1,Business,US West
2026-08-10,81.71,1,Team,Europe
2026-08-10,36.66,2,Starter,US West
2026-08-10,40.36,2,Starter,US West
2026-08-10,76.13,1,Team,US East
2026-08-10,17.58,1,Starter,Europe
2026-08-10,80.18,1,Team,US East
2026-08-10,37.95,2,Starter,Europe
2026-08-10,155.17,2,Team,US West
2026-08-10,171.0,2,Team,US West
2026-08-10,160.68,2,Team,Europe
2026-08-10,83.24,1,Team,Europe
2026-08-10,37.32,2,Starter,Europe
2026-08-10,79.29,1,Team,APAC
2026-08-10,18.21,1,Starter,US West
2026-08-10,19.29,1,Starter,APAC
2026-08-10,38.98,2,Starter,Europe
2026-08-10,492.4,2,Business,Europe
2026-08-10,246.07,1,Business,Europe
2026-08-10,912.94,1,Enterprise,US East
2026-08-10,906.2,1,Enterprise,Europe
2026-08-10,475.08,2,Business,APAC
2026-08-10,18.13,1,Starter,APAC
2026-08-10,59.54,3,Starter,US West
2026-08-10,156.53,2,Team,US West
2026-08-10,83.03,1,Team,APAC
2026-08-10,1773.49,2,Enterprise,US West
2026-08-10,17.72,1,Starter,Europe
2026-08-10,18.97,1,Starter,US West
2026-08-10,37.66,2,Starter,US East
2026-08-10,17.16,1,Starter,Europe
2026-08-10,19.11,1,Starter,US East
2026-08-10,82.52,1,Team,APAC
2026-08-11,40.51,2,Starter,US West
2026-08-11,481.77,2,Business,Europe
2026-08-11,151.64,2,Team,US East
2026-08-11,80.19,1,Team,APAC
2026-08-11,38.84,2,Starter,US West
2026-08-11,83.12,1,Team,US East
2026-08-11,74.24,1,Team,US East
2026-08-11,35.39,2,Starter,Europe
2026-08-11,1868.08,2,Enterprise,US West
2026-08-11,82.54,1,Team,US West
2026-08-11,37.91,2,Starter,APAC
2026-08-11,74.39,1,Team,US East
2026-08-11,78.46,1,Team,US East
2026-08-11,495.02,2,Business,Europe
2026-08-11,17.84,1,Starter,US East
2026-08-11,163.19,2,Team,US West
2026-08-11,252.77,3,Team,APAC
2026-08-11,158.9,2,Team,US West
2026-08-11,82.85,1,Team,US East
2026-08-11,19.65,1,Starter,Europe
2026-08-11,19.64,1,Starter,US West
2026-08-11,38.45,2,Starter,Europe
2026-08-11,71.46,1,Team,US East
2026-08-11,17.73,1,Starter,Europe
2026-08-11,35.6,2,Starter,US West
2026-08-11,39.23,2,Starter,Europe
2026-08-11,245.9,1,Business,US East
2026-08-11,152.74,2,Team,APAC
2026-08-11,250.21,1,Business,US East
2026-08-11,858.68,1,Enterprise,US East
2026-08-11,177.61,2,Team,US East
2026-08-11,19.66,1,Starter,US East
2026-08-11,37.82,2,Starter,US East
2026-08-11,37.91,2,Starter,US West
2026-08-11,77.85,1,Team,US West
2026-08-11,157.23,2,Team,US East
2026-08-11,18.83,1,Starter,US East
2026-08-11,243.25,1,Business,US West
2026-08-11,82.79,1,Team,US West
2026-08-11,940.29,1,Enterprise,Europe
2026-08-11,72.02,1,Team,Europe
2026-08-11,1761.0,2,Enterprise,US West
2026-08-11,37.41,2,Starter,APAC
2026-08-11,272.85,1,Business,US East
2026-08-11,19.26,1,Starter,US West
2026-08-11,74.44,1,Team,US West
2026-08-11,71.59,1,Team,US West
2026-08-11,20.33,1,Starter,US East
2026-08-11,20.82,1,Starter,Europe
2026-08-11,222.61,3,Team,US West
2026-08-11,17.84,1,Starter,US East
2026-08-11,19.07,1,Starter,US West
2026-08-11,163.64,2,Team,Europe
2026-08-11,77.22,1,Team,US East
2026-08-11,153.82,2,Team,APAC
2026-08-11,496.95,2,Business,US West
2026-08-11,20.07,1,Starter,US West
2026-08-11,238.58,1,Business,Europe
2026-08-11,34.02,2,Starter,US West
2026-08-11,77.55,1,Team,US East
2026-08-11,156.71,2,Team,US East
2026-08-11,87.59,1,Team,US West
2026-08-11,19.43,1,Starter,US East
2026-08-11,39.39,2,Starter,US East
2026-08-11,264.68,1,Business,US West
2026-08-11,859.52,1,Enterprise,US East
2026-08-11,529.91,2,Business,US East
2026-08-11,159.09,2,Team,Europe
2026-08-11,18.31,1,Starter,APAC
2026-08-11,17.67,1,Starter,US West
2026-08-11,39.98,2,Starter,US West
2026-08-11,19.9,1,Starter,APAC
2026-08-11,39.45,2,Starter,Europe
2026-08-11,18.77,1,Starter,US East
2026-08-11,19.11,1,Starter,US East
2026-08-11,166.12,2,Team,US East
2026-08-11,18.79,1,Starter,Europe
2026-08-11,907.02,1,Enterprise,US East
2026-08-11,153.28,2,Team,US West
2026-08-11,39.83,2,Starter,US West
2026-08-11,76.36,1,Team,US East
2026-08-11,83.75,1,Team,APAC
2026-08-11,74.65,1,Team,US West
2026-08-11,488.68,2,Business,Europe
2026-08-11,75.6,1,Team,US East
2026-08-11,77.32,1,Team,US East
2026-08-11,148.3,2,Team,Europe
2026-08-11,17.55,1,Starter,Europe
2026-08-11,154.19,2,Team,US East
2026-08-11,17.28,1,Starter,US West
2026-08-11,520.93,2,Business,US West
2026-08-11,452.16,2,Business,US East
2026-08-11,85.94,1,Team,US East
2026-08-11,87.78,1,Team,Europe
2026-08-11,78.16,1,Team,APAC
2026-08-11,17.79,1,Starter,US East
2026-08-11,17.77,1,Starter,US West
2026-08-12,78.84,1,Team,Europe
2026-08-12,539.15,2,Business,US West
2026-08-12,37.61,2,Starter,US West
2026-08-12,36.53,2,Starter,US West
2026-08-12,161.09,2,Team,Europe
2026-08-12,254.99,1,Business,US East
2026-08-12,18.34,1,Starter,US East
2026-08-12,158.89,2,Team,US West
2026-08-12,80.6,1,Team,Europe
2026-08-12,887.83,1,Enterprise,US West
2026-08-12,467.83,2,Business,APAC
2026-08-12,242.73,1,Business,US West
2026-08-12,76.64,1,Team,Europe
2026-08-12,254.87,1,Business,US East
2026-08-12,37.98,2,Starter,US West
2026-08-12,83.6,1,Team,US West
2026-08-12,36.56,2,Starter,US East
2026-08-12,150.32,2,Team,US West
2026-08-12,155.84,2,Team,US West
2026-08-12,151.08,2,Team,US West
2026-08-12,18.4,1,Starter,Europe
2026-08-12,37.46,2,Starter,Europe
2026-08-12,463.55,2,Business,Europe
2026-08-12,2800.82,3,Enterprise,Europe
2026-08-12,235.9,1,Business,US West
2026-08-12,480.77,2,Business,Europe
2026-08-12,237.02,1,Business,US East
2026-08-12,18.24,1,Starter,US East
2026-08-12,260.08,1,Business,US East
2026-08-12,957.23,1,Enterprise,US East
2026-08-12,503.71,2,Business,APAC
2026-08-12,40.74,2,Starter,Europe
2026-08-12,79.29,1,Team,Europe
2026-08-12,72.95,1,Team,US West
2026-08-12,87.74,1,Team,US East
2026-08-12,36.78,2,Starter,APAC
2026-08-12,266.91,1,Business,US West
2026-08-12,169.55,2,Team,US West
2026-08-12,520.12,2,Business,Europe
2026-08-12,81.11,1,Team,Europe
2026-08-12,37.11,2,Starter,Europe
2026-08-12,19.37,1,Starter,US East
2026-08-12,523.12,2,Business,US West
2026-08-12,1901.88,2,Enterprise,US East
2026-08-12,21.16,1,Starter,APAC
2026-08-12,40.6,2,Starter,Europe
2026-08-12,37.6,2,Starter,Europe
2026-08-12,18.87,1,Starter,US West
2026-08-12,248.03,1,Business,US West
2026-08-12,19.86,1,Starter,Europe
2026-08-12,84.52,1,Team,US West
2026-08-12,161.82,2,Team,US East
2026-08-12,17.32,1,Starter,Europe
2026-08-12,41.19,2,Starter,Europe
2026-08-12,19.49,1,Starter,US East
2026-08-12,78.41,1,Team,US West
2026-08-12,241.81,1,Business,US West
2026-08-12,19.3,1,Starter,US West
2026-08-12,1794.78,2,Enterprise,US East
2026-08-12,84.57,1,Team,US East
2026-08-12,41.56,2,Starter,APAC
2026-08-12,17.93,1,Starter,US East
2026-08-12,84.3,1,Team,Europe
2026-08-12,79.94,1,Team,APAC
2026-08-12,73.63,1,Team,US West
2026-08-12,484.46,2,Business,Europe
2026-08-12,18.4,1,Starter,US West
2026-08-12,18.34,1,Starter,US West
2026-08-12,19.02,1,Starter,US West
2026-08-12,239.5,1,Business,US East
2026-08-12,77.7,1,Team,US West
2026-08-12,259.83,1,Business,US West
2026-08-12,777.27,3,Business,US East
2026-08-12,39.74,2,Starter,US West
2026-08-12,83.57,1,Team,US West
2026-08-12,17.82,1,Starter,US West
2026-08-12,19.51,1,Starter,APAC
2026-08-12,80.98,1,Team,US East
2026-08-12,36.33,2,Starter,Europe
2026-08-12,76.51,1,Team,Europe
2026-08-12,940.4,1,Enterprise,US East
2026-08-12,158.42,2,Team,US East
2026-08-12,37.48,2,Starter,APAC
2026-08-12,81.64,1,Team,US East
2026-08-12,19.57,1,Starter,US East
2026-08-12,18.16,1,Starter,US West
2026-08-12,507.76,2,Business,Europe
2026-08-12,38.62,2,Starter,US West
2026-08-12,19.06,1,Starter,US East
2026-08-12,78.6,1,Team,US East
2026-08-12,79.83,1,Team,US East
2026-08-12,34.67,2,Starter,US East
2026-08-12,37.0,2,Starter,US East
2026-08-12,512.74,2,Business,US West
2026-08-12,35.98,2,Starter,US West
2026-08-12,159.88,2,Team,US East
2026-08-12,165.38,2,Team,US East
2026-08-12,88.6,1,Team,US West
2026-08-12,469.74,2,Business,Europe
2026-08-12,36.03,2,Starter,US West
2026-08-12,38.8,2,Starter,US West
2026-08-12,147.34,2,Team,US East
2026-08-12,73.51,1,Team,APAC
2026-08-12,72.47,1,Team,US West
2026-08-12,850.64,1,Enterprise,US East
2026-08-12,37.72,2,Starter,Europe
2026-08-12,17.99,1,Starter,US West
2026-08-12,231.04,1,Business,APAC
2026-08-12,161.29,2,Team,Europe
2026-08-12,82.51,1,Team,US West
2026-08-13,242.21,3,Team,Europe
2026-08-13,38.2,2,Starter,APAC
2026-08-13,159.78,2,Team,US East
2026-08-13,20.07,1,Starter,APAC
2026-08-13,869.01,1,Enterprise,US West
2026-08-13,168.41,2,Team,US West
2026-08-13,18.96,1,Starter,Europe
2026-08-13,84.95,1,Team,US West
2026-08-13,241.39,1,Business,Europe
2026-08-13,153.67,2,Team,US West
2026-08-13,449.72,2,Business,US West
2026-08-13,74.92,1,Team,US East
2026-08-13,514.91,2,Business,US West
2026-08-13,42.83,2,Starter,US West
2026-08-13,81.5,1,Team,Europe
2026-08-13,484.93,2,Business,US East
2026-08-13,1968.74,2,Enterprise,US East
2026-08-13,1948.09,2,Enterprise,APAC
2026-08-13,147.27,2,Team,US West
2026-08-13,150.5,2,Team,Europe
2026-08-13,158.76,2,Team,US West
2026-08-13,36.94,2,Starter,US West
2026-08-13,18.48,1,Starter,US West
2026-08-13,806.28,3,Business,Europe
2026-08-13,19.44,1,Starter,US East
2026-08-13,247.23,3,Team,US West
2026-08-13,76.83,1,Team,Europe
2026-08-13,263.2,1,Business,US West
2026-08-13,945.37,1,Enterprise,US East
2026-08-13,492.44,2,Business,US West
2026-08-13,238.02,1,Business,US East
2026-08-13,246.9,1,Business,US West
2026-08-13,246.12,1,Business,US West
2026-08-13,20.62,1,Starter,US East
2026-08-13,36.23,2,Starter,US East
2026-08-13,18.1,1,Starter,US West
2026-08-13,150.22,2,Team,Europe
2026-08-13,487.35,2,Business,US East
2026-08-13,17.4,1,Starter,US West
2026-08-13,21.1,1,Starter,Europe
2026-08-13,34.03,2,Starter,APAC
2026-08-13,155.96,2,Team,Europe
2026-08-13,151.1,2,Team,Europe
2026-08-13,18.43,1,Starter,Europe
2026-08-13,19.82,1,Starter,US East
2026-08-13,19.7,1,Starter,Europe
2026-08-13,18.26,1,Starter,US East
2026-08-13,157.55,2,Team,Europe
2026-08-13,231.8,1,Business,US West
2026-08-13,85.7,1,Team,US East
2026-08-13,149.79,2,Team,US East
2026-08-13,1645.61,2,Enterprise,US East
2026-08-13,20.43,1,Starter,Europe
2026-08-13,81.89,1,Team,US West
2026-08-13,233.37,3,Team,US West
2026-08-13,152.83,2,Team,US West
2026-08-13,241.64,1,Business,US East
2026-08-13,78.47,1,Team,US West
2026-08-13,944.48,1,Enterprise,Europe
2026-08-13,179.9,2,Team,US East
2026-08-13,18.97,1,Starter,US West
2026-08-13,18.28,1,Starter,Europe
2026-08-13,36.2,2,Starter,Europe
2026-08-13,847.58,1,Enterprise,US East
2026-08-13,994.7,1,Enterprise,APAC
2026-08-13,18.26,1,Starter,Europe
2026-08-13,239.67,3,Team,US East
2026-08-13,84.35,1,Team,Europe
2026-08-13,159.91,2,Team,US East
2026-08-13,177.76,2,Team,APAC
2026-08-13,39.11,2,Starter,US East
2026-08-13,18.89,1,Starter,Europe
2026-08-13,72.66,1,Team,APAC
2026-08-13,77.94,1,Team,APAC
2026-08-13,510.78,2,Business,US East
2026-08-13,246.95,1,Business,US West
2026-08-13,72.12,1,Team,US West
2026-08-13,149.15,2,Team,US East
2026-08-13,83.3,1,Team,US West
2026-08-13,166.85,2,Team,US West
2026-08-13,255.71,1,Business,US West
2026-08-13,166.03,2,Team,US East
2026-08-13,20.09,1,Starter,US East
2026-08-13,39.37,2,Starter,Europe
2026-08-13,36.19,2,Starter,Europe
2026-08-13,77.84,1,Team,US East
2026-08-13,244.6,1,Business,US West
2026-08-13,161.27,2,Team,APAC
2026-08-13,883.97,1,Enterprise,US East
2026-08-13,80.04,1,Team,Europe
2026-08-13,259.4,1,Business,US East
2026-08-13,19.72,1,Starter,Europe
2026-08-13,480.83,2,Business,US East
2026-08-13,19.16,1,Starter,Europe
2026-08-13,75.76,1,Team,US East
2026-08-13,75.89,1,Team,APAC
2026-08-13,17.7,1,Starter,US West
2026-08-13,160.78,2,Team,US East
2026-08-13,18.85,1,Starter,Europe
2026-08-13,77.85,1,Team,APAC
2026-08-13,81.91,1,Team,US West
2026-08-13,58.3,3,Starter,US East
2026-08-13,921.74,1,Enterprise,Europe
2026-08-13,37.81,2,Starter,US West
2026-08-13,74.45,1,Team,APAC
2026-08-13,19.98,1,Starter,US East
2026-08-13,77.39,1,Team,Europe
2026-08-13,82.38,1,Team,Europe
2026-08-13,17.23,1,Starter,US West
2026-08-13,90.32,1,Team,Europe
2026-08-13,150.29,2,Team,US West
2026-08-14,238.81,1,Business,US East
2026-08-14,497.67,2,Business,US East
2026-08-14,17.45,1,Starter,US East
2026-08-14,545.65,2,Business,US East
2026-08-14,20.95,1,Starter,Europe
2026-08-14,77.59,1,Team,US East
2026-08-14,253.15,1,Business,US West
2026-08-14,70.43,1,Team,US West
2026-08-14,19.26,1,Starter,US East
2026-08-14,41.67,2,Starter,US West
2026-08-14,39.11,2,Starter,US West
2026-08-14,506.24,2,Business,APAC
2026-08-14,81.12,1,Team,US West
2026-08-14,36.59,2,Starter,US West
2026-08-14,20.12,1,Starter,Europe
2026-08-14,19.78,1,Starter,US West
2026-08-14,36.02,2,Starter,US West
2026-08-14,158.46,2,Team,APAC
2026-08-14,38.94,2,Starter,US East
2026-08-14,37.05,2,Starter,US West
2026-08-14,561.17,2,Business,US West
2026-08-14,39.51,2,Starter,Europe
2026-08-14,39.29,2,Starter,APAC
2026-08-14,19.25,1,Starter,US West
2026-08-14,36.19,2,Starter,US West
2026-08-14,82.8,1,Team,US East
2026-08-14,1799.57,2,Enterprise,US West
2026-08-14,73.82,1,Team,US West
2026-08-14,38.6,2,Starter,US East
2026-08-14,155.67,2,Team,US West
2026-08-14,937.12,1,Enterprise,Europe
2026-08-14,469.53,2,Business,US West
2026-08-14,18.79,1,Starter,Europe
2026-08-14,73.51,1,Team,APAC
2026-08-14,18.7,1,Starter,US East
2026-08-14,506.55,2,Business,US East
2026-08-14,1817.05,2,Enterprise,US West
2026-08-14,262.47,1,Business,Europe
2026-08-14,76.68,1,Team,US West
2026-08-14,738.22,3,Business,APAC
2026-08-14,37.61,2,Starter,US East
2026-08-14,78.06,1,Team,US West
2026-08-14,18.41,1,Starter,Europe
2026-08-14,19.99,1,Starter,US East
2026-08-14,19.57,1,Starter,US West
2026-08-14,245.99,1,Business,US East
2026-08-14,1669.38,2,Enterprise,Europe
2026-08-14,84.86,1,Team,US West
2026-08-14,79.16,1,Team,US East
2026-08-14,80.29,1,Team,Europe
2026-08-14,19.63,1,Starter,APAC
2026-08-14,20.33,1,Starter,US East
2026-08-14,83.87,1,Team,Europe
2026-08-14,152.66,2,Team,US West
2026-08-14,18.97,1,Starter,Europe
2026-08-14,19.24,1,Starter,Europe
2026-08-14,153.21,2,Team,US West
2026-08-14,161.07,2,Team,US East
2026-08-14,508.54,2,Business,US West
2026-08-14,79.48,1,Team,US West
2026-08-14,737.62,3,Business,US West
2026-08-14,72.11,1,Team,US East
2026-08-14,227.32,3,Team,Europe
2026-08-14,18.24,1,Starter,US East
2026-08-14,900.06,1,Enterprise,US West
2026-08-14,39.05,2,Starter,APAC
2026-08-14,18.06,1,Starter,US East
2026-08-14,18.78,1,Starter,US West
2026-08-14,83.06,1,Team,US East
2026-08-14,20.68,1,Starter,Europe
2026-08-14,162.19,2,Team,US East
2026-08-14,156.79,2,Team,US West
2026-08-14,257.29,1,Business,APAC
2026-08-14,238.03,1,Business,US East
2026-08-14,55.05,3,Starter,US West
2026-08-14,1837.7,2,Enterprise,Europe
2026-08-14,168.44,2,Team,US East
2026-08-14,251.69,1,Business,US West
2026-08-14,17.39,1,Starter,US East
2026-08-14,35.65,2,Starter,US West
2026-08-14,19.47,1,Starter,Europe
2026-08-14,38.79,2,Starter,US East
2026-08-14,42.26,2,Starter,US West
2026-08-14,18.9,1,Starter,US West
2026-08-14,84.67,1,Team,Europe
2026-08-14,148.64,2,Team,Europe
2026-08-14,241.99,3,Team,Europe
2026-08-14,18.81,1,Starter,Europe
2026-08-14,80.2,1,Team,US West
2026-08-14,77.51,1,Team,Europe
2026-08-14,72.72,1,Team,Europe
2026-08-14,79.72,1,Team,Europe
2026-08-14,158.24,2,Team,US East
2026-08-14,483.66,2,Business,Europe
2026-08-14,18.64,1,Starter,US East
2026-08-14,79.98,1,Team,US West
2026-08-14,34.11,2,Starter,US West
2026-08-15,66.65,1,Team,Europe
2026-08-15,170.48,2,Team,US West
2026-08-15,495.85,2,Business,US West
2026-08-15,38.59,2,Starter,US East
2026-08-15,82.42,1,Team,US East
2026-08-15,157.88,2,Team,US East
2026-08-15,170.61,2,Team,US East
2026-08-15,78.95,1,Team,US West
2026-08-15,19.37,1,Starter,US East
2026-08-15,154.34,2,Team,US West
2026-08-15,500.03,2,Business,APAC
2026-08-15,147.3,2,Team,APAC
2026-08-15,36.38,2,Starter,US East
2026-08-15,475.17,2,Business,US East
2026-08-15,1794.65,2,Enterprise,Europe
2026-08-15,40.91,2,Starter,US West
2026-08-15,17.89,1,Starter,Europe
2026-08-15,37.28,2,Starter,US East
2026-08-15,230.78,1,Business,Europe
2026-08-15,149.6,2,Team,Europe
2026-08-15,850.64,1,Enterprise,US West
2026-08-15,239.31,1,Business,US East
2026-08-15,73.41,1,Team,Europe
2026-08-15,19.44,1,Starter,US East
2026-08-15,19.63,1,Starter,Europe
2026-08-15,257.08,1,Business,Europe
2026-08-15,986.12,1,Enterprise,US West
2026-08-15,478.24,2,Business,US West
2026-08-15,246.27,1,Business,US East
2026-08-15,19.05,1,Starter,US East
2026-08-15,157.47,2,Team,US West
2026-08-15,36.92,2,Starter,US West
2026-08-15,250.51,1,Business,US West
2026-08-15,19.58,1,Starter,Europe
2026-08-15,21.16,1,Starter,US East
2026-08-15,1734.25,2,Enterprise,US East
2026-08-15,77.6,1,Team,US West
2026-08-15,35.72,2,Starter,Europe
2026-08-15,74.68,1,Team,US West
2026-08-15,147.53,2,Team,US East
2026-08-15,256.26,1,Business,US West
2026-08-15,39.65,2,Starter,US East
2026-08-15,82.72,1,Team,US West
2026-08-15,20.97,1,Starter,APAC
2026-08-15,36.88,2,Starter,US West
2026-08-15,19.69,1,Starter,US West
2026-08-15,18.61,1,Starter,US West
2026-08-15,238.14,1,Business,US East
2026-08-15,151.82,2,Team,US East
2026-08-15,822.42,1,Enterprise,US East
2026-08-15,255.4,1,Business,Europe
2026-08-16,78.9,1,Team,US East
2026-08-16,18.56,1,Starter,US West
2026-08-16,235.1,1,Business,Europe
2026-08-16,163.94,2,Team,Europe
2026-08-16,37.84,2,Starter,US East
2026-08-16,486.91,2,Business,US West
2026-08-16,75.35,1,Team,US East
2026-08-16,40.04,2,Starter,US West
2026-08-16,57.31,3,Starter,US East
2026-08-16,1695.14,2,Enterprise,US West
2026-08-16,502.42,2,Business,US East
2026-08-16,157.36,2,Team,US East
2026-08-16,19.04,1,Starter,Europe
2026-08-16,143.77,2,Team,Europe
2026-08-16,19.75,1,Starter,Europe
2026-08-16,79.16,1,Team,US West
2026-08-16,36.23,2,Starter,US East
2026-08-16,79.42,1,Team,US East
2026-08-16,20.05,1,Starter,APAC
2026-08-16,246.79,1,Business,Europe
2026-08-16,18.25,1,Starter,Europe
2026-08-16,38.99,2,Starter,Europe
2026-08-16,19.76,1,Starter,US East
2026-08-16,18.84,1,Starter,US East
2026-08-16,81.65,1,Team,US East
2026-08-16,20.34,1,Starter,US East
2026-08-16,2665.98,3,Enterprise,US East
2026-08-16,77.73,1,Team,US East
2026-08-16,86.6,1,Team,Europe
2026-08-16,82.2,1,Team,APAC
2026-08-16,164.61,2,Team,Europe
2026-08-16,252.46,1,Business,US West
2026-08-16,20.45,1,Starter,APAC
2026-08-16,151.03,2,Team,US West
2026-08-16,230.94,3,Team,Europe
2026-08-16,73.34,1,Team,Europe
2026-08-16,76.37,1,Team,US East
2026-08-16,38.84,2,Starter,US East
2026-08-16,260.19,1,Business,US West
2026-08-16,162.79,2,Team,US West
2026-08-16,249.5,1,Business,Europe
2026-08-16,75.68,1,Team,US West
2026-08-16,35.38,2,Starter,US East
2026-08-16,149.49,2,Team,US East
2026-08-16,257.22,1,Business,US East
2026-08-16,83.39,1,Team,US West
2026-08-16,251.31,1,Business,US West
2026-08-16,152.4,2,Team,US East
2026-08-16,81.78,1,Team,US West
2026-08-16,19.17,1,Starter,US West
2026-08-16,149.48,2,Team,Europe
2026-08-16,494.5,2,Business,APAC
2026-08-17,20.45,1,Starter,US West
2026-08-17,75.59,1,Team,US West
2026-08-17,82.11,1,Team,Europe
2026-08-17,75.29,1,Team,Europe
2026-08-17,253.42,1,Business,Europe
2026-08-17,151.03,2,Team,US West
2026-08-17,944.97,1,Enterprise,US West
2026-08-17,19.24,1,Starter,APAC
2026-08-17,80.04,1,Team,US West
2026-08-17,20.41,1,Starter,Europe
2026-08-17,236.57,3,Team,Europe
2026-08-17,19.91,1,Starter,Europe
2026-08-17,19.82,1,Starter,US East
2026-08-17,906.42,1,Enterprise,APAC
2026-08-17,59.49,3,Starter,US East
2026-08-17,18.28,1,Starter,US East
2026-08-17,154.09,2,Team,Europe
2026-08-17,39.79,2,Starter,US West
2026-08-17,34.53,2,Starter,US East
2026-08-17,525.59,2,Business,US West
2026-08-17,82.2,1,Team,APAC
2026-08-17,17.73,1,Starter,US East
2026-08-17,20.61,1,Starter,US East
2026-08-17,149.51,2,Team,US East
2026-08-17,18.4,1,Starter,US East
2026-08-17,40.18,2,Starter,APAC
2026-08-17,38.72,2,Starter,Europe
2026-08-17,19.27,1,Starter,US East
2026-08-17,38.07,2,Starter,APAC
2026-08-17,18.32,1,Starter,Europe
2026-08-17,156.03,2,Team,US East
2026-08-17,20.04,1,Starter,US West
2026-08-17,150.44,2,Team,US East
2026-08-17,38.45,2,Starter,US East
2026-08-17,447.49,2,Business,Europe
2026-08-17,226.84,1,Business,US West
2026-08-17,19.27,1,Starter,US West
2026-08-17,155.31,2,Team,US West
2026-08-17,75.27,1,Team,US East
2026-08-17,17.2,1,Starter,US East
2026-08-17,913.13,1,Enterprise,APAC
2026-08-17,163.78,2,Team,US West
2026-08-17,79.27,1,Team,US East
2026-08-17,40.03,2,Starter,US East
2026-08-17,247.35,1,Business,US West
2026-08-17,19.94,1,Starter,US West
2026-08-17,81.5,1,Team,Europe
2026-08-17,35.98,2,Starter,Europe
2026-08-17,1724.4,2,Enterprise,US West
2026-08-17,162.13,2,Team,Europe
2026-08-17,74.46,1,Team,US West
2026-08-17,150.29,2,Team,Europe
2026-08-17,35.65,2,Starter,Europe
2026-08-17,19.66,1,Starter,US East
2026-08-17,18.46,1,Starter,US East
2026-08-17,154.53,2,Team,US East
2026-08-17,80.74,1,Team,US East
2026-08-17,71.96,1,Team,Europe
2026-08-17,18.6,1,Starter,US East
2026-08-17,238.07,3,Team,APAC
2026-08-17,39.9,2,Starter,US East
2026-08-17,234.33,1,Business,Europe
2026-08-17,36.12,2,Starter,APAC
2026-08-17,272.27,1,Business,US West
2026-08-17,20.06,1,Starter,Europe
2026-08-17,40.62,2,Starter,APAC
2026-08-17,80.4,1,Team,US West
2026-08-17,40.61,2,Starter,US West
2026-08-17,508.16,2,Business,Europe
2026-08-17,19.44,1,Starter,US East
2026-08-17,40.0,2,Starter,US East
2026-08-17,144.36,2,Team,Europe
2026-08-17,19.85,1,Starter,US West
2026-08-17,1747.27,2,Enterprise,US East
2026-08-17,36.83,2,Starter,US West
2026-08-17,18.8,1,Starter,US West
2026-08-17,82.56,1,Team,Europe
2026-08-17,19.84,1,Starter,Europe
2026-08-17,480.81,2,Business,US West
2026-08-17,878.94,1,Enterprise,US East
2026-08-17,19.67,1,Starter,US East
2026-08-17,232.61,1,Business,US East
2026-08-17,38.22,2,Starter,US West
2026-08-17,19.52,1,Starter,US West
2026-08-17,19.39,1,Starter,US East
2026-08-17,154.67,2,Team,US West
2026-08-17,80.09,1,Team,US West
2026-08-17,19.46,1,Starter,APAC
2026-08-17,490.38,2,Business,US West
2026-08-17,18.82,1,Starter,APAC
2026-08-17,825.99,1,Enterprise,APAC
2026-08-17,20.52,1,Starter,US West
2026-08-17,37.93,2,Starter,Europe
2026-08-17,68.78,1,Team,Europe
2026-08-17,246.85,1,Business,Europe
2026-08-17,278.63,1,Business,US East
2026-08-17,37.83,2,Starter,US East
2026-08-17,17.44,1,Starter,US West
2026-08-17,40.03,2,Starter,APAC
2026-08-17,19.13,1,Starter,US West
2026-08-17,79.69,1,Team,Europe
2026-08-17,78.04,1,Team,Europe
2026-08-17,17.99,1,Starter,APAC
2026-08-17,34.33,2,Starter,US East
2026-08-17,847.93,1,Enterprise,US East
2026-08-17,162.13,2,Team,Europe
2026-08-17,20.34,1,Starter,US East
2026-08-17,40.94,2,Starter,APAC
2026-08-17,84.82,1,Team,US West
2026-08-17,895.84,1,Enterprise,US East
2026-08-17,504.11,2,Business,US East
2026-08-17,901.21,1,Enterprise,APAC
2026-08-17,262.78,1,Business,Europe
2026-08-17,505.04,2,Business,US East
2026-08-17,58.06,3,Starter,APAC
2026-08-18,21.31,1,Starter,US West
2026-08-18,258.47,1,Business,US West
2026-08-18,19.51,1,Starter,US West
2026-08-18,485.38,2,Business,US East
2026-08-18,17.57,1,Starter,US East
2026-08-18,482.48,2,Business,US West
2026-08-18,37.51,2,Starter,US West
2026-08-18,19.91,1,Starter,Europe
2026-08-18,1905.85,2,Enterprise,APAC
2026-08-18,140.48,2,Team,Europe
2026-08-18,81.58,1,Team,US West
2026-08-18,78.89,1,Team,US East
2026-08-18,79.59,1,Team,US West
2026-08-18,17.43,1,Starter,APAC
2026-08-18,36.63,2,Starter,APAC
2026-08-18,20.28,1,Starter,US West
2026-08-18,19.64,1,Starter,US West
2026-08-18,164.8,2,Team,Europe
2026-08-18,240.43,1,Business,US East
2026-08-18,919.97,1,Enterprise,US West
2026-08-18,144.44,2,Team,Europe
2026-08-18,158.12,2,Team,Europe
2026-08-18,1042.74,1,Enterprise,US West
2026-08-18,79.11,1,Team,US East
2026-08-18,79.28,1,Team,US West
2026-08-18,139.47,2,Team,Europe
2026-08-18,19.08,1,Starter,Europe
2026-08-18,37.03,2,Starter,US West
2026-08-18,38.18,2,Starter,US West
2026-08-18,529.52,2,Business,US West
2026-08-18,18.02,1,Starter,US East
2026-08-18,20.19,1,Starter,US West
2026-08-18,157.74,2,Team,US East
2026-08-18,258.81,1,Business,Europe
2026-08-18,492.75,2,Business,US East
2026-08-18,159.75,2,Team,US West
2026-08-18,80.91,1,Team,APAC
2026-08-18,262.55,1,Business,US East
2026-08-18,471.68,2,Business,US East
2026-08-18,19.29,1,Starter,US West
2026-08-18,155.77,2,Team,Europe
2026-08-18,151.22,2,Team,US West
2026-08-18,142.77,2,Team,Europe
2026-08-18,21.22,1,Starter,Europe
2026-08-18,462.93,2,Business,US West
2026-08-18,82.2,1,Team,Europe
2026-08-18,237.26,1,Business,US West
2026-08-18,496.18,2,Business,Europe
2026-08-18,483.16,2,Business,US East
2026-08-18,162.07,2,Team,US West
2026-08-18,154.63,2,Team,US East
2026-08-18,38.74,2,Starter,Europe
2026-08-18,20.03,1,Starter,Europe
2026-08-18,19.72,1,Starter,US West
2026-08-18,36.94,2,Starter,US East
2026-08-18,19.38,1,Starter,US East
2026-08-18,81.58,1,Team,US East
2026-08-18,36.11,2,Starter,US West
2026-08-18,19.51,1,Starter,Europe
2026-08-18,37.73,2,Starter,Europe
2026-08-18,242.1,1,Business,US West
2026-08-18,74.89,1,Team,Europe
2026-08-18,505.01,2,Business,US East
2026-08-18,54.31,3,Starter,US West
2026-08-18,35.87,2,Starter,US West
2026-08-18,17.31,1,Starter,Europe
2026-08-18,157.84,2,Team,US East
2026-08-18,19.88,1,Starter,US East
2026-08-18,158.29,2,Team,US East
2026-08-18,75.13,1,Team,APAC
2026-08-18,18.52,1,Starter,Europe
2026-08-18,497.42,2,Business,US West
2026-08-18,891.46,1,Enterprise,Europe
2026-08-18,38.16,2,Starter,US East
2026-08-18,80.11,1,Team,US West
2026-08-18,39.4,2,Starter,US East
2026-08-18,159.9,2,Team,Europe
2026-08-18,40.64,2,Starter,US East
2026-08-18,147.61,2,Team,Europe
2026-08-18,18.33,1,Starter,US East
2026-08-18,927.37,1,Enterprise,Europe
2026-08-18,232.95,1,Business,Europe
2026-08-18,87.45,1,Team,US East
2026-08-18,16.79,1,Starter,Europe
2026-08-18,267.72,1,Business,US West
2026-08-18,164.95,2,Team,US East
2026-08-18,36.32,2,Starter,Europe
2026-08-18,17.66,1,Starter,US East
2026-08-18,81.56,1,Team,US West
2026-08-18,18.96,1,Starter,Europe
2026-08-18,20.91,1,Starter,US East
2026-08-18,235.75,1,Business,US West
2026-08-18,162.85,2,Team,Europe
2026-08-18,168.65,2,Team,US West
2026-08-19,73.6,1,Team,US East
2026-08-19,18.37,1,Starter,US West
2026-08-19,913.08,1,Enterprise,US East
2026-08-19,148.03,2,Team,Europe
2026-08-19,78.99,1,Team,Europe
2026-08-19,81.05,1,Team,Europe
2026-08-19,259.7,1,Business,US West
2026-08-19,890.79,1,Enterprise,Europe
2026-08-19,504.56,2,Business,US East
2026-08-19,76.15,1,Team,US East
2026-08-19,39.44,2,Starter,Europe
2026-08-19,503.39,2,Business,US East
2026-08-19,80.17,1,Team,US West
2026-08-19,470.53,2,Business,US East
2026-08-19,83.32,1,Team,Europe
2026-08-19,81.23,1,Team,US West
2026-08-19,18.26,1,Starter,US West
2026-08-19,247.05,1,Business,US East
2026-08-19,246.39,1,Business,Europe
2026-08-19,60.29,3,Starter,US West
2026-08-19,19.21,1,Starter,US West
2026-08-19,80.4,1,Team,US East
2026-08-19,19.62,1,Starter,US West
2026-08-19,37.5,2,Starter,US West
2026-08-19,81.84,1,Team,US East
2026-08-19,34.77,2,Starter,US West
2026-08-19,38.44,2,Starter,APAC
2026-08-19,74.1,1,Team,Europe
2026-08-19,1708.73,2,Enterprise,US East
2026-08-19,232.84,1,Business,US West
2026-08-19,254.67,1,Business,US East
2026-08-19,267.61,1,Business,US West
2026-08-19,36.41,2,Starter,Europe
2026-08-19,18.02,1,Starter,Europe
2026-08-19,1836.46,2,Enterprise,US West
2026-08-19,152.39,2,Team,US East
2026-08-19,951.84,1,Enterprise,US West
2026-08-19,19.55,1,Starter,US West
2026-08-19,497.39,2,Business,US East
2026-08-19,852.22,1,Enterprise,Europe
2026-08-19,169.07,2,Team,US West
2026-08-19,538.44,2,Business,US East
2026-08-19,18.02,1,Starter,US East
2026-08-19,921.58,1,Enterprise,Europe
2026-08-19,70.67,1,Team,US East
2026-08-19,83.48,1,Team,Europe
2026-08-19,140.89,2,Team,US East
2026-08-19,75.45,1,Team,US West
2026-08-19,248.75,1,Business,Europe
2026-08-19,19.59,1,Starter,APAC
2026-08-19,78.96,1,Team,APAC
2026-08-19,912.27,1,Enterprise,US East
2026-08-19,79.88,1,Team,US East
2026-08-19,82.0,1,Team,US East
2026-08-19,76.11,1,Team,Europe
2026-08-19,249.44,1,Business,US East
2026-08-19,79.37,1,Team,US East
2026-08-19,1729.46,2,Enterprise,US East
2026-08-19,257.34,1,Business,US West
2026-08-19,18.2,1,Starter,US West
2026-08-19,260.79,1,Business,US West
2026-08-19,18.66,1,Starter,Europe
2026-08-19,506.72,2,Business,US West
2026-08-19,497.14,2,Business,Europe
2026-08-19,80.05,1,Team,US West
2026-08-19,77.27,1,Team,US East
2026-08-19,17.61,1,Starter,US West
2026-08-19,18.71,1,Starter,US West
2026-08-19,1761.77,2,Enterprise,US East
2026-08-19,246.25,1,Business,Europe
2026-08-19,18.94,1,Starter,US East
2026-08-19,19.31,1,Starter,US West
2026-08-19,147.09,2,Team,US East
2026-08-19,60.32,3,Starter,US West
2026-08-19,18.09,1,Starter,US East
2026-08-19,17.84,1,Starter,APAC
2026-08-19,154.68,2,Team,US East
2026-08-19,18.96,1,Starter,US West
2026-08-19,21.74,1,Starter,US East
2026-08-19,16.48,1,Starter,Europe
2026-08-19,1806.03,2,Enterprise,Europe
2026-08-19,55.26,3,Starter,US East
2026-08-19,154.65,2,Team,Europe
2026-08-19,503.26,2,Business,US East
2026-08-19,151.32,2,Team,US West
2026-08-19,17.71,1,Starter,APAC
2026-08-19,958.38,1,Enterprise,Europe
2026-08-19,74.13,1,Team,Europe
2026-08-19,264.09,1,Business,US East
2026-08-19,19.68,1,Starter,Europe
2026-08-19,247.14,1,Business,US East
2026-08-19,39.68,2,Starter,US East
2026-08-19,17.31,1,Starter,US West
2026-08-19,18.99,1,Starter,US West
2026-08-19,232.79,3,Team,Europe
2026-08-19,251.09,1,Business,US West
2026-08-19,70.02,1,Team,US West
2026-08-19,75.8,1,Team,Europe
2026-08-19,251.49,1,Business,APAC
2026-08-19,19.2,1,Starter,US West
2026-08-19,17.79,1,Starter,US West
2026-08-19,38.86,2,Starter,US East
2026-08-19,518.55,2,Business,US West
2026-08-19,902.47,1,Enterprise,US West
2026-08-19,18.23,1,Starter,US West
2026-08-19,83.37,1,Team,Europe
2026-08-19,76.48,1,Team,US West
2026-08-20,523.98,2,Business,US East
2026-08-20,19.59,1,Starter,APAC
2026-08-20,18.26,1,Starter,US East
2026-08-20,262.14,1,Business,US West
2026-08-20,75.7,1,Team,Europe
2026-08-20,512.67,2,Business,APAC
2026-08-20,154.3,2,Team,US West
2026-08-20,511.83,2,Business,Europe
2026-08-20,462.0,2,Business,APAC
2026-08-20,19.11,1,Starter,US East
2026-08-20,931.66,1,Enterprise,Europe
2026-08-20,273.11,1,Business,APAC
2026-08-20,155.62,2,Team,US West
2026-08-20,474.28,2,Business,US West
2026-08-20,79.03,1,Team,US East
2026-08-20,39.23,2,Starter,APAC
2026-08-20,20.63,1,Starter,APAC
2026-08-20,57.58,3,Starter,Europe
2026-08-20,885.94,1,Enterprise,Europe
2026-08-20,36.9,2,Starter,APAC
2026-08-20,79.29,1,Team,US West
2026-08-20,18.79,1,Starter,Europe
2026-08-20,162.32,2,Team,US East
2026-08-20,251.32,1,Business,Europe
2026-08-20,77.55,1,Team,US West
2026-08-20,145.61,2,Team,US West
2026-08-20,239.03,1,Business,US West
2026-08-20,18.1,1,Starter,Europe
2026-08-20,88.03,1,Team,US West
2026-08-20,19.61,1,Starter,Europe
2026-08-20,19.19,1,Starter,APAC
2026-08-20,77.95,1,Team,US East
2026-08-20,247.04,1,Business,US West
2026-08-20,491.74,2,Business,US East
2026-08-20,86.11,1,Team,US West
2026-08-20,225.56,1,Business,US East
2026-08-20,157.43,2,Team,US West
2026-08-20,20.46,1,Starter,US East
2026-08-20,465.04,2,Business,Europe
2026-08-20,166.92,2,Team,Europe
2026-08-20,145.64,2,Team,Europe
2026-08-20,20.18,1,Starter,Europe
2026-08-20,255.6,1,Business,Europe
2026-08-20,17.77,1,Starter,US West
2026-08-20,74.43,1,Team,Europe
2026-08-20,251.24,1,Business,Europe
2026-08-20,456.66,2,Business,Europe
2026-08-20,236.75,1,Business,Europe
2026-08-20,1824.14,2,Enterprise,US East
2026-08-20,19.18,1,Starter,US East
2026-08-20,469.57,2,Business,APAC
2026-08-20,20.3,1,Starter,US East
2026-08-20,20.18,1,Starter,Europe
2026-08-20,246.43,3,Team,US East
2026-08-20,80.79,1,Team,US West
2026-08-20,244.37,3,Team,US West
2026-08-20,17.93,1,Starter,Europe
2026-08-20,466.06,2,Business,US East
2026-08-20,38.63,2,Starter,US West
2026-08-20,18.72,1,Starter,Europe
2026-08-20,166.01,2,Team,Europe
2026-08-20,269.34,1,Business,US West
2026-08-20,149.85,2,Team,US West
2026-08-20,18.81,1,Starter,US West
2026-08-20,19.3,1,Starter,US West
2026-08-20,493.55,2,Business,US West
2026-08-20,18.93,1,Starter,US West
2026-08-20,149.47,2,Team,Europe
2026-08-20,18.91,1,Starter,US East
2026-08-20,249.1,1,Business,US East
2026-08-20,20.52,1,Starter,US East
2026-08-20,157.8,2,Team,US West
2026-08-20,143.33,2,Team,US East
2026-08-20,247.26,1,Business,US West
2026-08-20,247.97,1,Business,US East
2026-08-20,34.41,2,Starter,Europe
2026-08-20,38.12,2,Starter,US East
2026-08-20,39.91,2,Starter,US East
2026-08-20,79.42,1,Team,US East
2026-08-20,153.95,2,Team,US East
2026-08-20,228.68,1,Business,US East
2026-08-20,37.64,2,Starter,Europe
2026-08-20,73.54,1,Team,US East
2026-08-20,17.98,1,Starter,US West
2026-08-20,78.63,1,Team,US East
2026-08-20,19.18,1,Starter,US West
2026-08-20,18.38,1,Starter,Europe
2026-08-20,254.3,1,Business,Europe
2026-08-20,20.24,1,Starter,US East
2026-08-20,480.07,2,Business,APAC
2026-08-20,161.87,2,Team,Europe
2026-08-20,38.02,2,Starter,US West
2026-08-20,18.57,1,Starter,Europe
2026-08-20,165.36,2,Team,Europe
2026-08-20,1725.86,2,Enterprise,US West
2026-08-20,18.42,1,Starter,US West
2026-08-20,19.24,1,Starter,US West
2026-08-20,78.45,1,Team,Europe
2026-08-20,79.07,1,Team,APAC
2026-08-20,18.88,1,Starter,US East
2026-08-20,78.93,1,Team,Europe
2026-08-20,20.57,1,Starter,US East
2026-08-20,18.13,1,Starter,US East
2026-08-20,845.41,1,Enterprise,US West
2026-08-20,532.39,2,Business,US East
2026-08-20,485.44,2,Business,US West
2026-08-20,37.43,2,Starter,Europe
2026-08-20,17.35,1,Starter,US West
2026-08-20,18.44,1,Starter,Europe
2026-08-20,157.55,2,Team,US West
2026-08-20,151.39,2,Team,US West
2026-08-20,78.86,1,Team,US West
2026-08-20,19.85,1,Starter,US West
2026-08-20,160.2,2,Team,Europe
2026-08-20,80.95,1,Team,APAC
2026-08-20,17.76,1,Starter,US East
2026-08-20,39.54,2,Starter,US West
2026-08-20,18.35,1,Starter,US East
2026-08-20,507.57,2,Business,Europe
2026-08-20,165.2,2,Team,Europe
2026-08-21,159.14,2,Team,US West
2026-08-21,39.33,2,Starter,US East
2026-08-21,78.75,1,Team,US West
2026-08-21,78.32,1,Team,Europe
2026-08-21,272.07,1,Business,Europe
2026-08-21,150.16,2,Team,US East
2026-08-21,247.41,1,Business,US West
2026-08-21,19.24,1,Starter,US East
2026-08-21,20.01,1,Starter,US East
2026-08-21,79.46,1,Team,APAC
2026-08-21,156.54,2,Team,US West
2026-08-21,79.71,1,Team,US East
2026-08-21,38.06,2,Starter,Europe
2026-08-21,83.22,1,Team,US East
2026-08-21,1808.8,2,Enterprise,Europe
2026-08-21,162.47,2,Team,US West
2026-08-21,160.93,2,Team,US West
2026-08-21,17.95,1,Starter,APAC
2026-08-21,38.61,2,Starter,US West
2026-08-21,158.9,2,Team,Europe
2026-08-21,519.15,2,Business,US East
2026-08-21,18.91,1,Starter,Europe
2026-08-21,78.21,1,Team,US West
2026-08-21,177.48,2,Team,US East
2026-08-21,36.56,2,Starter,US West
2026-08-21,19.94,1,Starter,US East
2026-08-21,81.75,1,Team,US West
2026-08-21,38.09,2,Starter,Europe
2026-08-21,892.66,1,Enterprise,APAC
2026-08-21,40.09,2,Starter,US East
2026-08-21,37.69,2,Starter,US East
2026-08-21,449.53,2,Business,US West
2026-08-21,151.86,2,Team,US West
2026-08-21,163.65,2,Team,US East
2026-08-21,815.73,1,Enterprise,US West
2026-08-21,156.55,2,Team,US East
2026-08-21,76.77,1,Team,US West
2026-08-21,38.02,2,Starter,APAC
2026-08-21,164.16,2,Team,US West
2026-08-21,437.82,2,Business,US East
2026-08-21,40.23,2,Starter,US West
2026-08-21,173.72,2,Team,Europe
2026-08-21,237.0,1,Business,Europe
2026-08-21,162.17,2,Team,Europe
2026-08-21,40.9,2,Starter,US East
2026-08-21,39.81,2,Starter,Europe
2026-08-21,18.36,1,Starter,US East
2026-08-21,18.25,1,Starter,US East
2026-08-21,499.04,2,Business,US West
2026-08-21,955.25,1,Enterprise,Europe
2026-08-21,164.42,2,Team,APAC
2026-08-21,1742.95,2,Enterprise,US East
2026-08-21,464.29,2,Business,US West
2026-08-21,245.06,3,Team,US East
2026-08-21,1759.71,2,Enterprise,US East
2026-08-21,18.71,1,Starter,Europe
2026-08-21,17.87,1,Starter,APAC
2026-08-21,20.22,1,Starter,US East
2026-08-21,77.09,1,Team,US West
2026-08-21,36.22,2,Starter,APAC
2026-08-21,37.03,2,Starter,US East
2026-08-21,21.01,1,Starter,APAC
2026-08-21,254.2,1,Business,US West
2026-08-21,80.75,1,Team,US East
2026-08-21,806.4,3,Business,Europe
2026-08-21,18.72,1,Starter,APAC
2026-08-21,542.61,2,Business,US East
2026-08-21,490.39,2,Business,APAC
2026-08-21,18.48,1,Starter,US West
2026-08-21,20.35,1,Starter,APAC
2026-08-21,55.06,3,Starter,US West
2026-08-21,19.04,1,Starter,US East
2026-08-21,19.55,1,Starter,US East
2026-08-21,463.99,2,Business,US East
2026-08-21,20.09,1,Starter,US West
2026-08-21,152.31,2,Team,US West
2026-08-21,17.71,1,Starter,US East
2026-08-21,19.53,1,Starter,US East
2026-08-21,39.76,2,Starter,US East
2026-08-21,38.28,2,Starter,APAC
2026-08-21,80.15,1,Team,US West
2026-08-21,81.12,1,Team,US West
2026-08-21,1715.15,2,Enterprise,US East
2026-08-21,83.1,1,Team,US West
2026-08-21,19.52,1,Starter,US West
2026-08-21,1791.21,2,Enterprise,US East
2026-08-21,19.64,1,Starter,US West
2026-08-21,35.96,2,Starter,US West
2026-08-21,150.98,2,Team,Europe
2026-08-21,161.9,2,Team,Europe
2026-08-21,78.88,1,Team,Europe
2026-08-21,155.84,2,Team,US East
2026-08-21,74.61,1,Team,US West
2026-08-21,1847.69,2,Enterprise,US West
2026-08-21,156.44,2,Team,APAC
2026-08-21,250.45,1,Business,Europe
2026-08-21,82.86,1,Team,US East
2026-08-21,528.57,2,Business,US East
2026-08-21,19.25,1,Starter,Europe
2026-08-21,77.83,1,Team,Europe
2026-08-21,37.23,2,Starter,US West
2026-08-21,267.14,1,Business,US East
2026-08-21,35.88,2,Starter,US West
2026-08-21,78.43,1,Team,US East
2026-08-21,62.75,3,Starter,APAC
2026-08-21,20.43,1,Starter,US East
2026-08-21,236.75,1,Business,US West
2026-08-22,722.6,3,Business,US West
2026-08-22,155.07,2,Team,US West
2026-08-22,38.42,2,Starter,Europe
2026-08-22,934.29,1,Enterprise,Europe
2026-08-22,19.93,1,Starter,US West
2026-08-22,69.44,1,Team,APAC
2026-08-22,243.44,3,Team,US West
2026-08-22,19.24,1,Starter,US West
2026-08-22,81.05,1,Team,Europe
2026-08-22,40.24,2,Starter,US East
2026-08-22,75.67,1,Team,Europe
2026-08-22,266.65,1,Business,Europe
2026-08-22,18.6,1,Starter,US West
2026-08-22,40.59,2,Starter,Europe
2026-08-22,19.74,1,Starter,APAC
2026-08-22,151.36,2,Team,US West
2026-08-22,76.75,1,Team,US West
2026-08-22,236.93,1,Business,APAC
2026-08-22,250.39,1,Business,Europe
2026-08-22,142.33,2,Team,US West
2026-08-22,80.52,1,Team,APAC
2026-08-22,248.14,1,Business,US East
2026-08-22,231.55,1,Business,US East
2026-08-22,833.65,1,Enterprise,US East
2026-08-22,20.15,1,Starter,US West
2026-08-22,75.95,1,Team,Europe
2026-08-22,20.25,1,Starter,US West
2026-08-22,18.38,1,Starter,US West
2026-08-22,1909.98,2,Enterprise,US East
2026-08-22,81.59,1,Team,US East
2026-08-22,18.78,1,Starter,Europe
2026-08-22,493.11,2,Business,APAC
2026-08-22,75.67,1,Team,Europe
2026-08-22,172.61,2,Team,Europe
2026-08-22,497.08,2,Business,US East
2026-08-22,871.47,1,Enterprise,Europe
2026-08-22,36.88,2,Starter,US West
2026-08-22,19.64,1,Starter,US East
2026-08-22,17.22,1,Starter,US East
2026-08-22,18.16,1,Starter,Europe
2026-08-22,37.99,2,Starter,US West
2026-08-22,20.22,1,Starter,Europe
2026-08-22,18.71,1,Starter,Europe
2026-08-22,74.22,1,Team,US East
2026-08-22,1600.78,2,Enterprise,US West
2026-08-22,70.22,1,Team,US East
2026-08-22,266.28,1,Business,Europe
2026-08-22,228.71,3,Team,APAC
2026-08-22,18.12,1,Starter,US West
2026-08-22,19.13,1,Starter,US West
2026-08-22,38.54,2,Starter,Europe
2026-08-22,839.18,1,Enterprise,US West
2026-08-22,485.09,2,Business,US East
2026-08-22,17.75,1,Starter,Europe
2026-08-22,82.91,1,Team,Europe
2026-08-22,80.83,1,Team,US East
2026-08-22,37.26,2,Starter,US East
2026-08-22,21.79,1,Starter,Europe
2026-08-22,19.29,1,Starter,Europe
2026-08-22,20.25,1,Starter,US West
2026-08-22,36.65,2,Starter,Europe
2026-08-22,19.35,1,Starter,US East
2026-08-22,77.68,1,Team,Europe
2026-08-22,2940.59,3,Enterprise,Europe
2026-08-22,142.32,2,Team,US West
2026-08-22,493.28,2,Business,US East
2026-08-22,163.73,2,Team,US East
2026-08-22,150.52,2,Team,US West
2026-08-22,269.55,1,Business,US East
2026-08-22,19.48,1,Starter,US West
2026-08-23,170.74,2,Team,US East
2026-08-23,246.49,1,Business,US East
2026-08-23,153.47,2,Team,US East
2026-08-23,38.26,2,Starter,APAC
2026-08-23,74.21,1,Team,US West
2026-08-23,486.69,2,Business,US West
2026-08-23,145.86,2,Team,Europe
2026-08-23,251.92,1,Business,Europe
2026-08-23,18.3,1,Starter,US West
2026-08-23,55.39,3,Starter,US West
2026-08-23,18.85,1,Starter,US West
2026-08-23,38.03,2,Starter,APAC
2026-08-23,151.79,2,Team,US West
2026-08-23,488.36,2,Business,US East
2026-08-23,1670.2,2,Enterprise,US West
2026-08-23,148.89,2,Team,US West
2026-08-23,477.35,2,Business,US West
2026-08-23,18.92,1,Starter,APAC
2026-08-23,19.27,1,Starter,Europe
2026-08-23,37.76,2,Starter,US West
2026-08-23,81.89,1,Team,Europe
2026-08-23,37.55,2,Starter,US West
2026-08-23,261.88,1,Business,US East
2026-08-23,2014.33,2,Enterprise,Europe
2026-08-23,79.83,1,Team,US West
2026-08-23,75.0,1,Team,US West
2026-08-23,86.48,1,Team,US West
2026-08-23,82.93,1,Team,US West
2026-08-23,41.61,2,Starter,Europe
2026-08-23,85.56,1,Team,US East
2026-08-23,39.22,2,Starter,US West
2026-08-23,496.23,2,Business,US West
2026-08-23,162.97,2,Team,US East
2026-08-23,81.1,1,Team,APAC
2026-08-23,229.51,1,Business,Europe
2026-08-23,523.24,2,Business,US West
2026-08-23,72.04,1,Team,US West
2026-08-23,79.44,1,Team,US East
2026-08-23,514.76,2,Business,US East
2026-08-23,18.65,1,Starter,Europe
2026-08-23,38.57,2,Starter,APAC
2026-08-23,17.11,1,Starter,Europe
2026-08-23,18.27,1,Starter,APAC
2026-08-23,17.71,1,Starter,US West
2026-08-23,160.78,2,Team,US East
2026-08-23,154.05,2,Team,Europe
2026-08-24,253.1,1,Business,Europe
2026-08-24,19.48,1,Starter,US West
2026-08-24,18.41,1,Starter,Europe
2026-08-24,917.63,1,Enterprise,US West
2026-08-24,254.03,1,Business,APAC
2026-08-24,158.84,2,Team,US West
2026-08-24,145.39,2,Team,Europe
2026-08-24,80.95,1,Team,US East
2026-08-24,241.9,1,Business,US West
2026-08-24,497.26,2,Business,Europe
2026-08-24,85.92,1,Team,Europe
2026-08-24,37.92,2,Starter,US East
2026-08-24,156.1,2,Team,US West
2026-08-24,86.37,1,Team,US East
2026-08-24,78.87,1,Team,US East
2026-08-24,267.28,1,Business,US East
2026-08-24,160.53,2,Team,US East
2026-08-24,271.35,1,Business,US West
2026-08-24,2560.57,3,Enterprise,US East
2026-08-24,151.93,2,Team,US East
2026-08-24,156.89,2,Team,APAC
2026-08-24,18.88,1,Starter,US West
2026-08-24,161.95,2,Team,US East
2026-08-24,17.44,1,Starter,Europe
2026-08-24,18.35,1,Starter,APAC
2026-08-24,78.93,1,Team,US West
2026-08-24,16.71,1,Starter,US West
2026-08-24,1905.85,2,Enterprise,US East
2026-08-24,147.66,2,Team,US West
2026-08-24,84.46,1,Team,Europe
2026-08-24,40.45,2,Starter,US West
2026-08-24,80.59,1,Team,US West
2026-08-24,38.48,2,Starter,US East
2026-08-24,82.45,1,Team,US East
2026-08-24,150.6,2,Team,US West
2026-08-24,18.79,1,Starter,APAC
2026-08-24,249.77,1,Business,US West
2026-08-24,17.47,1,Starter,US West
2026-08-24,17.43,1,Starter,Europe
2026-08-24,35.13,2,Starter,US East
2026-08-24,504.16,2,Business,US West
2026-08-24,18.52,1,Starter,Europe
2026-08-24,144.15,2,Team,Europe
2026-08-24,38.35,2,Starter,US West
2026-08-24,78.53,1,Team,Europe
2026-08-24,240.61,1,Business,US West
2026-08-24,506.58,2,Business,US West
2026-08-24,253.3,1,Business,US West
2026-08-24,19.29,1,Starter,US West
2026-08-24,499.05,2,Business,Europe
2026-08-24,498.35,2,Business,US East
2026-08-24,74.22,1,Team,Europe
2026-08-24,78.82,1,Team,Europe
2026-08-24,76.73,1,Team,US East
2026-08-24,84.84,1,Team,US West
2026-08-24,19.22,1,Starter,Europe
2026-08-24,38.51,2,Starter,Europe
2026-08-24,1847.7,2,Enterprise,Europe
2026-08-24,80.23,1,Team,US West
2026-08-24,74.33,1,Team,US West
2026-08-24,86.11,1,Team,APAC
2026-08-24,491.53,2,Business,US West
2026-08-24,434.53,2,Business,APAC
2026-08-24,166.39,2,Team,US East
2026-08-24,35.6,2,Starter,US West
2026-08-24,35.46,2,Starter,Europe
2026-08-24,74.37,1,Team,APAC
2026-08-24,156.27,2,Team,US West
2026-08-24,226.71,3,Team,US West
2026-08-24,1842.8,2,Enterprise,US East
2026-08-24,151.45,2,Team,US West
2026-08-24,17.86,1,Starter,US West
2026-08-24,36.14,2,Starter,US West
2026-08-24,79.6,1,Team,APAC
2026-08-24,245.56,1,Business,US West
2026-08-24,35.85,2,Starter,US East
2026-08-24,18.15,1,Starter,US East
2026-08-24,80.51,1,Team,Europe
2026-08-24,74.44,1,Team,US East
2026-08-24,257.16,1,Business,APAC
2026-08-24,241.79,1,Business,US West
2026-08-24,19.4,1,Starter,US East
2026-08-24,217.43,3,Team,APAC
2026-08-24,34.71,2,Starter,Europe
2026-08-24,57.51,3,Starter,Europe
2026-08-24,40.97,2,Starter,US East
2026-08-24,1822.12,2,Enterprise,US West
2026-08-24,81.19,1,Team,US East
2026-08-24,152.04,2,Team,Europe
2026-08-24,79.24,1,Team,US East
2026-08-24,1945.18,2,Enterprise,US West
2026-08-24,37.58,2,Starter,US West
2026-08-24,18.95,1,Starter,US East
2026-08-24,246.63,1,Business,Europe
2026-08-24,70.73,1,Team,US West
2026-08-24,155.86,2,Team,US East
2026-08-24,241.49,1,Business,Europe
2026-08-24,510.45,2,Business,US East
2026-08-24,1865.68,2,Enterprise,Europe
2026-08-24,20.34,1,Starter,Europe
2026-08-24,19.35,1,Starter,US East
2026-08-24,36.79,2,Starter,Europe
2026-08-24,18.27,1,Starter,Europe
2026-08-24,20.01,1,Starter,APAC
2026-08-24,159.24,2,Team,Europe
2026-08-24,149.89,2,Team,US West
2026-08-24,1733.04,2,Enterprise,US West
2026-08-24,80.63,1,Team,US East
2026-08-24,37.72,2,Starter,US East
2026-08-24,39.78,2,Starter,US East
2026-08-24,20.51,1,Starter,Europe
2026-08-24,33.7,2,Starter,Europe
2026-08-24,34.8,2,Starter,US East
2026-08-24,17.97,1,Starter,US West
2026-08-24,20.13,1,Starter,US West
2026-08-24,17.28,1,Starter,US East
2026-08-24,40.92,2,Starter,Europe
2026-08-24,157.17,2,Team,Europe
2026-08-24,930.05,1,Enterprise,Europe
2026-08-24,263.22,1,Business,US West
2026-08-24,38.25,2,Starter,APAC
2026-08-25,72.53,1,Team,US West
2026-08-25,75.74,1,Team,US West
2026-08-25,83.12,1,Team,Europe
2026-08-25,520.77,2,Business,US West
2026-08-25,246.4,1,Business,US East
2026-08-25,18.68,1,Starter,Europe
2026-08-25,18.78,1,Starter,Europe
2026-08-25,17.31,1,Starter,US East
2026-08-25,80.58,1,Team,US East
2026-08-25,160.05,2,Team,US East
2026-08-25,18.74,1,Starter,APAC
2026-08-25,72.32,1,Team,US West
2026-08-25,81.42,1,Team,US West
2026-08-25,75.94,1,Team,Europe
2026-08-25,39.39,2,Starter,US West
2026-08-25,19.89,1,Starter,Europe
2026-08-25,36.62,2,Starter,APAC
2026-08-25,18.99,1,Starter,Europe
2026-08-25,81.07,1,Team,Europe
2026-08-25,860.69,1,Enterprise,US East
2026-08-25,143.85,2,Team,US East
2026-08-25,36.32,2,Starter,US East
2026-08-25,504.32,2,Business,US West
2026-08-25,272.43,1,Business,US West
2026-08-25,71.66,1,Team,US East
2026-08-25,38.03,2,Starter,US West
2026-08-25,17.81,1,Starter,US East
2026-08-25,20.24,1,Starter,US West
2026-08-25,39.27,2,Starter,US West
2026-08-25,175.25,2,Team,Europe
2026-08-25,19.47,1,Starter,APAC
2026-08-25,173.68,2,Team,US West
2026-08-25,950.42,1,Enterprise,Europe
2026-08-25,1721.03,2,Enterprise,APAC
2026-08-25,234.89,3,Team,US East
2026-08-25,74.84,1,Team,Europe
2026-08-25,77.49,1,Team,Europe
2026-08-25,36.51,2,Starter,US East
2026-08-25,231.36,3,Team,US West
2026-08-25,36.74,2,Starter,US East
2026-08-25,36.98,2,Starter,US East
2026-08-25,17.78,1,Starter,US West
2026-08-25,19.22,1,Starter,Europe
2026-08-25,75.31,1,Team,US West
2026-08-25,18.11,1,Starter,US East
2026-08-25,493.85,2,Business,APAC
2026-08-25,525.76,2,Business,APAC
2026-08-25,73.69,1,Team,US West
2026-08-25,18.81,1,Starter,US East
2026-08-25,18.84,1,Starter,US West
2026-08-25,167.84,2,Team,US West
2026-08-25,38.79,2,Starter,US West
2026-08-25,17.88,1,Starter,US East
2026-08-25,78.96,1,Team,US East
2026-08-25,18.92,1,Starter,APAC
2026-08-25,17.89,1,Starter,US West
2026-08-25,902.0,1,Enterprise,APAC
2026-08-25,83.49,1,Team,US West
2026-08-25,256.33,1,Business,US West
2026-08-25,160.37,2,Team,US East
2026-08-25,18.02,1,Starter,US West
2026-08-25,1816.64,2,Enterprise,US West
2026-08-25,19.18,1,Starter,Europe
2026-08-25,78.1,1,Team,US East
2026-08-25,244.22,3,Team,US East
2026-08-25,150.62,2,Team,US East
2026-08-25,19.52,1,Starter,US West
2026-08-25,78.25,1,Team,Europe
2026-08-25,154.02,2,Team,Europe
2026-08-25,17.31,1,Starter,Europe
2026-08-25,439.76,2,Business,Europe
2026-08-25,240.43,1,Business,US East
2026-08-25,499.42,2,Business,Europe
2026-08-25,243.08,3,Team,Europe
2026-08-25,494.37,2,Business,Europe
2026-08-25,508.17,2,Business,Europe
2026-08-25,75.58,1,Team,US East
2026-08-25,19.76,1,Starter,US West
2026-08-25,39.55,2,Starter,US West
2026-08-25,35.7,2,Starter,Europe
2026-08-25,17.07,1,Starter,Europe
2026-08-25,1646.59,2,Enterprise,Europe
2026-08-25,32.97,2,Starter,US East
2026-08-25,491.94,2,Business,US East
2026-08-25,18.1,1,Starter,US West
2026-08-25,252.0,3,Team,US West
2026-08-25,157.6,2,Team,APAC
2026-08-25,19.0,1,Starter,US East
2026-08-25,81.35,1,Team,US East
2026-08-25,38.3,2,Starter,US East
2026-08-25,145.24,2,Team,US West
2026-08-25,17.02,1,Starter,US East
2026-08-25,492.64,2,Business,US East
2026-08-25,153.37,2,Team,Europe
2026-08-25,251.73,1,Business,US East
2026-08-25,37.4,2,Starter,Europe
2026-08-25,224.75,3,Team,APAC
2026-08-25,19.5,1,Starter,Europe
2026-08-25,81.37,1,Team,APAC
2026-08-25,76.59,1,Team,US West
2026-08-25,18.26,1,Starter,Europe
2026-08-25,242.39,1,Business,US West
2026-08-25,84.67,1,Team,US West
2026-08-25,254.4,1,Business,Europe
2026-08-25,82.0,1,Team,US East
2026-08-25,156.39,2,Team,Europe
2026-08-25,83.4,1,Team,US East
2026-08-25,79.92,1,Team,US West
2026-08-25,72.25,1,Team,US East
2026-08-25,571.6,2,Business,Europe
2026-08-26,1840.05,2,Enterprise,US East
2026-08-26,57.89,3,Starter,APAC
2026-08-26,18.34,1,Starter,US West
2026-08-26,157.42,2,Team,Europe
2026-08-26,19.07,1,Starter,Europe
2026-08-26,538.57,2,Business,US East
2026-08-26,19.06,1,Starter,Europe
2026-08-26,80.66,1,Team,US West
2026-08-26,16.65,1,Starter,US West
2026-08-26,76.47,1,Team,APAC
2026-08-26,150.39,2,Team,US West
2026-08-26,243.96,1,Business,US East
2026-08-26,81.09,1,Team,APAC
2026-08-26,18.15,1,Starter,APAC
2026-08-26,223.3,1,Business,US West
2026-08-26,19.45,1,Starter,US West
2026-08-26,76.98,1,Team,US West
2026-08-26,36.82,2,Starter,US West
2026-08-26,520.76,2,Business,US West
2026-08-26,2826.77,3,Enterprise,Europe
2026-08-26,36.17,2,Starter,US East
2026-08-26,17.38,1,Starter,US West
2026-08-26,83.22,1,Team,US West
2026-08-26,36.12,2,Starter,US West
2026-08-26,19.43,1,Starter,US West
2026-08-26,20.46,1,Starter,US East
2026-08-26,80.61,1,Team,US West
2026-08-26,40.3,2,Starter,Europe
2026-08-26,38.07,2,Starter,Europe
2026-08-26,73.98,1,Team,APAC
2026-08-26,902.89,1,Enterprise,Europe
2026-08-26,19.6,1,Starter,US East
2026-08-26,35.85,2,Starter,US East
2026-08-26,36.32,2,Starter,Europe
2026-08-26,37.44,2,Starter,APAC
2026-08-26,17.99,1,Starter,Europe
2026-08-26,79.0,1,Team,APAC
2026-08-26,20.03,1,Starter,APAC
2026-08-26,41.59,2,Starter,US West
2026-08-26,163.66,2,Team,US West
2026-08-26,83.28,1,Team,US West
2026-08-26,18.19,1,Starter,US East
2026-08-26,146.85,2,Team,US West
2026-08-26,501.71,2,Business,Europe
2026-08-26,162.39,2,Team,Europe
2026-08-26,1747.46,2,Enterprise,US East
2026-08-26,507.06,2,Business,Europe
2026-08-26,878.8,1,Enterprise,Europe
2026-08-26,1012.12,1,Enterprise,US East
2026-08-26,221.92,3,Team,US West
2026-08-26,38.47,2,Starter,US East
2026-08-26,34.46,2,Starter,APAC
2026-08-26,154.35,2,Team,US West
2026-08-26,157.05,2,Team,US West
2026-08-26,242.36,1,Business,US West
2026-08-26,37.67,2,Starter,Europe
2026-08-26,263.55,1,Business,US West
2026-08-26,37.19,2,Starter,APAC
2026-08-26,827.47,1,Enterprise,US East
2026-08-26,154.61,2,Team,APAC
2026-08-26,38.23,2,Starter,US West
2026-08-26,243.74,1,Business,Europe
2026-08-26,159.08,2,Team,US East
2026-08-26,495.74,2,Business,US West
2026-08-26,20.29,1,Starter,US East
2026-08-26,74.8,1,Team,US East
2026-08-26,77.98,1,Team,APAC
2026-08-26,56.41,3,Starter,Europe
2026-08-26,231.0,1,Business,US West
2026-08-26,75.47,1,Team,US West
2026-08-26,931.8,1,Enterprise,Europe
2026-08-26,74.48,1,Team,Europe
2026-08-26,158.75,2,Team,US East
2026-08-26,250.09,1,Business,US West
2026-08-26,153.02,2,Team,US East
2026-08-26,78.78,1,Team,US West
2026-08-26,233.38,3,Team,US East
2026-08-26,39.32,2,Starter,US West
2026-08-26,37.22,2,Starter,Europe
2026-08-26,567.01,2,Business,US East
2026-08-26,477.68,2,Business,US East
2026-08-26,234.05,1,Business,Europe
2026-08-26,167.81,2,Team,APAC
2026-08-26,38.21,2,Starter,US West
2026-08-26,261.27,1,Business,Europe
2026-08-26,81.92,1,Team,US West
2026-08-26,232.68,1,Business,US West
2026-08-26,37.34,2,Starter,US West
2026-08-26,18.76,1,Starter,US West
2026-08-26,37.66,2,Starter,US West
2026-08-26,18.62,1,Starter,US East
2026-08-26,36.82,2,Starter,US East
2026-08-26,18.96,1,Starter,US West
2026-08-26,885.89,1,Enterprise,US West
2026-08-26,166.52,2,Team,US West
2026-08-26,164.71,2,Team,US East
2026-08-26,518.38,2,Business,US West
2026-08-26,508.24,2,Business,Europe
2026-08-26,883.01,1,Enterprise,APAC
2026-08-26,68.52,1,Team,US West
2026-08-26,36.85,2,Starter,US West
2026-08-26,981.13,1,Enterprise,Europe
2026-08-26,152.07,2,Team,US East
2026-08-26,152.12,2,Team,US East
2026-08-26,160.43,2,Team,Europe
2026-08-26,19.92,1,Starter,US East
2026-08-26,20.54,1,Starter,US West
2026-08-26,18.32,1,Starter,US West
2026-08-26,162.76,2,Team,US East
2026-08-26,146.78,2,Team,US East
2026-08-26,970.07,1,Enterprise,US East
2026-08-26,257.49,1,Business,APAC
2026-08-26,505.5,2,Business,US East
2026-08-26,20.91,1,Starter,US West
2026-08-26,74.37,1,Team,US East
2026-08-26,76.67,1,Team,Europe
2026-08-26,19.12,1,Starter,US West
2026-08-26,164.85,2,Team,APAC
2026-08-27,18.3,1,Starter,US West
2026-08-27,17.82,1,Starter,US West
2026-08-27,261.27,1,Business,US West
2026-08-27,18.9,1,Starter,US East
2026-08-27,77.55,1,Team,US East
2026-08-27,476.09,2,Business,Europe
2026-08-27,1790.77,2,Enterprise,US West
2026-08-27,17.02,1,Starter,US East
2026-08-27,485.87,2,Business,Europe
2026-08-27,800.61,3,Business,US East
2026-08-27,252.21,1,Business,US East
2026-08-27,16.85,1,Starter,Europe
2026-08-27,487.21,2,Business,Europe
2026-08-27,159.99,2,Team,Europe
2026-08-27,81.94,1,Team,APAC
2026-08-27,1007.69,4,Business,US West
2026-08-27,268.36,1,Business,US East
2026-08-27,522.69,2,Business,US East
2026-08-27,18.71,1,Starter,US West
2026-08-27,78.61,1,Team,US West
2026-08-27,1854.73,2,Enterprise,US East
2026-08-27,257.43,1,Business,APAC
2026-08-27,263.68,1,Business,APAC
2026-08-27,37.25,2,Starter,US West
2026-08-27,256.18,1,Business,US West
2026-08-27,535.83,2,Business,US West
2026-08-27,36.86,2,Starter,Europe
2026-08-27,19.84,1,Starter,US West
2026-08-27,35.3,2,Starter,US East
2026-08-27,17.52,1,Starter,Europe
2026-08-27,84.85,1,Team,APAC
2026-08-27,35.66,2,Starter,US West
2026-08-27,73.03,1,Team,Europe
2026-08-27,234.89,1,Business,US West
2026-08-27,41.28,2,Starter,US East
2026-08-27,884.26,1,Enterprise,Europe
2026-08-27,74.29,1,Team,Europe
2026-08-27,466.1,2,Business,US West
2026-08-27,1853.67,2,Enterprise,US West
2026-08-27,167.84,2,Team,APAC
2026-08-27,20.12,1,Starter,US East
2026-08-27,162.05,2,Team,Europe
2026-08-27,17.89,1,Starter,US West
2026-08-27,40.06,2,Starter,US East
2026-08-27,491.0,2,Business,Europe
2026-08-27,297.51,4,Team,US East
2026-08-27,78.27,1,Team,Europe
2026-08-27,73.11,1,Team,US East
2026-08-27,78.89,1,Team,US West
2026-08-27,17.25,1,Starter,APAC
2026-08-27,177.77,2,Team,APAC
2026-08-27,495.86,2,Business,US East
2026-08-27,248.97,1,Business,US West
2026-08-27,79.54,1,Team,US West
2026-08-27,19.76,1,Starter,US East
2026-08-27,18.49,1,Starter,Europe
2026-08-27,69.27,1,Team,US East
2026-08-27,83.17,1,Team,APAC
2026-08-27,39.7,2,Starter,US West
2026-08-27,895.54,1,Enterprise,US West
2026-08-27,16.71,1,Starter,APAC
2026-08-27,142.27,2,Team,Europe
2026-08-27,37.87,2,Starter,US West
2026-08-27,1840.83,2,Enterprise,US East
2026-08-27,236.03,1,Business,US East
2026-08-27,490.6,2,Business,Europe
2026-08-27,18.26,1,Starter,Europe
2026-08-27,18.86,1,Starter,US East
2026-08-27,161.72,2,Team,US West
2026-08-27,17.61,1,Starter,Europe
2026-08-27,891.84,1,Enterprise,US West
2026-08-27,18.48,1,Starter,Europe
2026-08-27,73.13,1,Team,US East
2026-08-27,84.73,1,Team,US East
2026-08-27,20.3,1,Starter,US East
2026-08-27,17.8,1,Starter,US East
2026-08-27,18.71,1,Starter,APAC
2026-08-27,19.87,1,Starter,US East
2026-08-27,85.9,1,Team,US West
2026-08-27,19.09,1,Starter,APAC
2026-08-27,470.29,2,Business,US East
2026-08-27,248.77,1,Business,US East
2026-08-27,18.83,1,Starter,US West
2026-08-27,490.43,2,Business,US East
2026-08-27,20.68,1,Starter,US West
2026-08-27,18.82,1,Starter,US West
2026-08-27,238.39,1,Business,US West
2026-08-27,1746.53,2,Enterprise,US West
2026-08-27,159.42,2,Team,US West
2026-08-27,252.73,1,Business,US East
2026-08-27,39.46,2,Starter,APAC
2026-08-27,161.18,2,Team,US West
2026-08-27,17.12,1,Starter,Europe
2026-08-27,159.37,2,Team,US West
2026-08-27,75.97,1,Team,US West
2026-08-27,161.6,2,Team,Europe
2026-08-27,76.12,1,Team,US East
2026-08-27,271.66,1,Business,US West
2026-08-27,510.58,2,Business,US West
2026-08-27,20.09,1,Starter,US West
2026-08-27,18.42,1,Starter,APAC
2026-08-27,162.55,2,Team,Europe
2026-08-27,916.53,1,Enterprise,Europe
2026-08-27,38.86,2,Starter,Europe
2026-08-27,230.12,1,Business,US East
2026-08-27,37.5,2,Starter,US East
2026-08-27,18.9,1,Starter,US West
2026-08-27,18.17,1,Starter,US West
2026-08-27,18.41,1,Starter,US East
2026-08-27,884.38,1,Enterprise,Europe
2026-08-27,181.87,2,Team,US West
2026-08-27,884.29,1,Enterprise,US East
2026-08-27,18.97,1,Starter,US West
2026-08-28,141.48,2,Team,Europe
2026-08-28,19.31,1,Starter,US West
2026-08-28,79.57,1,Team,APAC
2026-08-28,39.54,2,Starter,Europe
2026-08-28,149.7,2,Team,US West
2026-08-28,18.91,1,Starter,US West
2026-08-28,75.36,1,Team,APAC
2026-08-28,890.49,1,Enterprise,US West
2026-08-28,77.12,1,Team,APAC
2026-08-28,19.14,1,Starter,US East
2026-08-28,18.77,1,Starter,Europe
2026-08-28,163.58,2,Team,US East
2026-08-28,71.65,1,Team,US West
2026-08-28,39.6,2,Starter,US West
2026-08-28,164.21,2,Team,APAC
2026-08-28,76.08,1,Team,US West
2026-08-28,518.47,2,Business,US West
2026-08-28,156.65,2,Team,US West
2026-08-28,56.86,3,Starter,US East
2026-08-28,74.3,1,Team,US East
2026-08-28,250.94,1,Business,US West
2026-08-28,480.56,2,Business,Europe
2026-08-28,164.94,2,Team,US East
2026-08-28,68.92,1,Team,US West
2026-08-28,19.16,1,Starter,US West
2026-08-28,18.9,1,Starter,US West
2026-08-28,159.35,2,Team,US East
2026-08-28,18.39,1,Starter,APAC
2026-08-28,79.75,1,Team,Europe
2026-08-28,17.14,1,Starter,US West
2026-08-28,18.87,1,Starter,APAC
2026-08-28,161.5,2,Team,US West
2026-08-28,18.47,1,Starter,US West
2026-08-28,81.93,1,Team,US West
2026-08-28,18.47,1,Starter,US East
2026-08-28,157.16,2,Team,Europe
2026-08-28,81.28,1,Team,US West
2026-08-28,238.73,1,Business,US West
2026-08-28,37.66,2,Starter,US West
2026-08-28,223.44,3,Team,Europe
2026-08-28,18.51,1,Starter,US East
2026-08-28,18.3,1,Starter,US West
2026-08-28,20.19,1,Starter,Europe
2026-08-28,18.36,1,Starter,Europe
2026-08-28,503.02,2,Business,US West
2026-08-28,18.1,1,Starter,US West
2026-08-28,17.92,1,Starter,Europe
2026-08-28,152.81,2,Team,Europe
2026-08-28,149.59,2,Team,US East
2026-08-28,84.39,1,Team,US West
2026-08-28,252.9,1,Business,Europe
2026-08-28,153.8,2,Team,Europe
2026-08-28,149.67,2,Team,APAC
2026-08-28,871.14,1,Enterprise,US West
2026-08-28,265.37,1,Business,APAC
2026-08-28,40.72,2,Starter,US West
2026-08-28,39.58,2,Starter,Europe
2026-08-28,233.99,3,Team,Europe
2026-08-28,40.7,2,Starter,Europe
2026-08-28,18.87,1,Starter,US East
2026-08-28,18.01,1,Starter,US West
2026-08-28,230.86,1,Business,Europe
2026-08-28,263.92,1,Business,US West
2026-08-28,156.69,2,Team,US West
2026-08-28,535.45,2,Business,US East
2026-08-28,161.69,2,Team,US West
2026-08-28,39.14,2,Starter,Europe
2026-08-28,147.8,2,Team,APAC
2026-08-28,273.89,1,Business,US West
2026-08-28,175.5,2,Team,US West
2026-08-28,79.35,1,Team,APAC
2026-08-28,77.78,1,Team,APAC
2026-08-28,150.75,2,Team,US East
2026-08-28,265.05,1,Business,Europe
2026-08-28,150.41,2,Team,APAC
2026-08-28,161.52,2,Team,Europe
2026-08-28,82.71,1,Team,US West
2026-08-28,172.49,2,Team,US West
2026-08-28,1672.43,2,Enterprise,US East
2026-08-28,81.3,1,Team,US East
2026-08-28,37.83,2,Starter,Europe
2026-08-28,466.52,2,Business,US West
2026-08-28,81.46,1,Team,US West
2026-08-28,37.39,2,Starter,US East
2026-08-28,235.11,1,Business,US West
2026-08-28,19.63,1,Starter,Europe
2026-08-28,19.23,1,Starter,US East
2026-08-28,19.27,1,Starter,Europe
2026-08-28,158.98,2,Team,US East
2026-08-28,19.72,1,Starter,APAC
2026-08-28,57.52,3,Starter,Europe
2026-08-28,527.05,2,Business,US East
2026-08-28,17.85,1,Starter,Europe
2026-08-28,515.08,2,Business,US East
2026-08-28,249.6,1,Business,US East
2026-08-28,519.0,2,Business,US West
2026-08-28,160.82,2,Team,Europe
2026-08-28,1610.76,2,Enterprise,US West
2026-08-28,81.05,1,Team,US East
2026-08-28,18.56,1,Starter,US West
2026-08-28,81.87,1,Team,Europe
2026-08-28,39.23,2,Starter,US East
2026-08-28,493.14,2,Business,Europe
2026-08-28,36.05,2,Starter,US West
2026-08-28,37.59,2,Starter,US West
2026-08-28,75.36,1,Team,US East
2026-08-28,79.0,1,Team,US East
2026-08-29,72.3,1,Team,US West
2026-08-29,150.23,2,Team,APAC
2026-08-29,75.22,1,Team,APAC
2026-08-29,35.7,2,Starter,Europe
2026-08-29,70.47,1,Team,US West
2026-08-29,18.35,1,Starter,US West
2026-08-29,160.86,2,Team,Europe
2026-08-29,82.92,1,Team,US West
2026-08-29,19.43,1,Starter,Europe
2026-08-29,53.05,3,Starter,US West
2026-08-29,1815.79,2,Enterprise,US West
2026-08-29,39.53,2,Starter,Europe
2026-08-29,18.16,1,Starter,Europe
2026-08-29,18.78,1,Starter,US West
2026-08-29,232.68,3,Team,US West
2026-08-29,18.86,1,Starter,Europe
2026-08-29,275.88,1,Business,US West
2026-08-29,217.87,1,Business,US East
2026-08-29,252.91,1,Business,US East
2026-08-29,19.93,1,Starter,Europe
2026-08-29,85.62,1,Team,US West
2026-08-29,229.4,1,Business,Europe
2026-08-29,235.5,3,Team,US West
2026-08-29,18.89,1,Starter,US East
2026-08-29,34.66,2,Starter,US East
2026-08-29,79.94,1,Team,US East
2026-08-29,17.45,1,Starter,Europe
2026-08-29,148.62,2,Team,US East
2026-08-29,36.03,2,Starter,US West
2026-08-29,464.64,2,Business,Europe
2026-08-29,79.41,1,Team,US West
2026-08-29,482.49,2,Business,US East
2026-08-29,1879.72,2,Enterprise,APAC
2026-08-29,19.57,1,Starter,US West
2026-08-29,18.04,1,Starter,Europe
2026-08-29,18.11,1,Starter,Europe
2026-08-29,18.44,1,Starter,Europe
2026-08-29,42.36,2,Starter,US West
2026-08-29,37.99,2,Starter,US East
2026-08-29,77.37,1,Team,Europe
2026-08-29,19.45,1,Starter,APAC
2026-08-29,272.13,1,Business,US East
2026-08-29,155.53,2,Team,US West
2026-08-29,36.38,2,Starter,US West
2026-08-29,832.22,1,Enterprise,US East
2026-08-29,73.95,1,Team,US West
2026-08-29,951.96,1,Enterprise,US East
2026-08-29,856.99,1,Enterprise,US East
2026-08-29,38.43,2,Starter,Europe
2026-08-29,40.18,2,Starter,US West
2026-08-29,20.33,1,Starter,Europe
2026-08-29,244.33,1,Business,APAC
2026-08-29,73.41,1,Team,US East
2026-08-29,74.41,1,Team,US East
2026-08-29,36.97,2,Starter,Europe
2026-08-29,81.98,1,Team,US East
2026-08-29,37.64,2,Starter,US East
2026-08-29,38.25,2,Starter,US East
2026-08-29,159.59,2,Team,US West
2026-08-29,84.76,1,Team,US East
2026-08-29,492.65,2,Business,Europe
2026-08-29,20.44,1,Starter,APAC
2026-08-30,38.02,2,Starter,US West
2026-08-30,39.43,2,Starter,US West
2026-08-30,161.88,2,Team,US East
2026-08-30,19.53,1,Starter,Europe
2026-08-30,492.84,2,Business,US East
2026-08-30,19.94,1,Starter,Europe
2026-08-30,17.99,1,Starter,US West
2026-08-30,20.25,1,Starter,APAC
2026-08-30,1712.56,2,Enterprise,US West
2026-08-30,38.25,2,Starter,US East
2026-08-30,159.38,2,Team,US West
2026-08-30,501.86,2,Business,APAC
2026-08-30,166.86,2,Team,Europe
2026-08-30,83.4,1,Team,US West
2026-08-30,40.64,2,Starter,Europe
2026-08-30,160.87,2,Team,US West
2026-08-30,520.41,2,Business,US West
2026-08-30,506.97,2,Business,US West
2026-08-30,512.68,2,Business,APAC
2026-08-30,79.74,1,Team,Europe
2026-08-30,40.44,2,Starter,US West
2026-08-30,37.81,2,Starter,US West
2026-08-30,148.74,2,Team,US West
2026-08-30,17.01,1,Starter,US West
2026-08-30,539.29,2,Business,US East
2026-08-30,152.05,2,Team,US East
2026-08-30,54.35,3,Starter,US West
2026-08-30,842.04,1,Enterprise,Europe
2026-08-30,432.06,2,Business,US West
2026-08-30,19.17,1,Starter,US West
2026-08-30,20.47,1,Starter,APAC
2026-08-30,169.11,2,Team,APAC
2026-08-30,19.12,1,Starter,Europe
2026-08-30,83.52,1,Team,US East
2026-08-30,38.05,2,Starter,US West
2026-08-30,81.81,1,Team,US East
2026-08-30,18.98,1,Starter,Europe
2026-08-30,964.9,1,Enterprise,US East
2026-08-30,37.92,2,Starter,US West
2026-08-30,244.14,1,Business,US West
2026-08-30,17.62,1,Starter,APAC
2026-08-30,467.86,2,Business,US West
2026-08-30,253.48,3,Team,US East
2026-08-30,762.93,3,Business,US East
2026-08-30,20.19,1,Starter,Europe
2026-08-30,18.4,1,Starter,Europe
2026-08-30,248.97,1,Business,APAC
2026-08-30,19.05,1,Starter,US East
2026-08-30,157.27,2,Team,US West
2026-08-30,229.54,1,Business,US West
2026-08-30,40.79,2,Starter,Europe
2026-08-30,218.45,3,Team,US East
2026-08-30,250.39,1,Business,US East
2026-08-30,164.75,2,Team,US West
2026-08-30,58.68,3,Starter,Europe
2026-08-30,17.99,1,Starter,US East
2026-08-30,78.41,1,Team,US West
2026-08-31,246.67,1,Business,APAC
2026-08-31,33.79,2,Starter,US East
2026-08-31,259.12,1,Business,Europe
2026-08-31,505.06,2,Business,US West
2026-08-31,74.68,1,Team,US West
2026-08-31,861.97,1,Enterprise,APAC
2026-08-31,268.49,1,Business,US West
2026-08-31,1724.45,2,Enterprise,US West
2026-08-31,20.11,1,Starter,US East
2026-08-31,70.52,1,Team,Europe
2026-08-31,18.18,1,Starter,US West
2026-08-31,852.5,1,Enterprise,US West
2026-08-31,156.92,2,Team,US East
2026-08-31,81.55,1,Team,Europe
2026-08-31,157.64,2,Team,US West
2026-08-31,37.14,2,Starter,US West
2026-08-31,155.58,2,Team,APAC
2026-08-31,164.88,2,Team,Europe
2026-08-31,85.77,1,Team,US East
2026-08-31,1618.11,2,Enterprise,APAC
2026-08-31,40.2,2,Starter,US East
2026-08-31,18.93,1,Starter,APAC
2026-08-31,75.12,1,Team,Europe
2026-08-31,19.28,1,Starter,US West
2026-08-31,545.13,2,Business,US West
2026-08-31,904.09,1,Enterprise,US West
2026-08-31,17.8,1,Starter,Europe
2026-08-31,966.24,1,Enterprise,Europe
2026-08-31,159.54,2,Team,US West
2026-08-31,77.71,1,Team,US East
2026-08-31,148.12,2,Team,US West
2026-08-31,249.59,1,Business,Europe
2026-08-31,251.24,1,Business,US West
2026-08-31,18.13,1,Starter,APAC
2026-08-31,480.83,2,Business,US West
2026-08-31,19.41,1,Starter,Europe
2026-08-31,983.48,1,Enterprise,US East
2026-08-31,152.31,2,Team,US East
2026-08-31,74.9,1,Team,Europe
2026-08-31,18.01,1,Starter,Europe
2026-08-31,76.91,1,Team,APAC
2026-08-31,959.17,1,Enterprise,Europe
2026-08-31,76.76,1,Team,US West
2026-08-31,17.78,1,Starter,US East
2026-08-31,725.28,3,Business,APAC
2026-08-31,1045.04,1,Enterprise,US East
2026-08-31,156.11,2,Team,US East
2026-08-31,257.58,1,Business,Europe
2026-08-31,514.81,2,Business,Europe
2026-08-31,19.78,1,Starter,Europe
2026-08-31,73.58,1,Team,US West
2026-08-31,264.13,1,Business,APAC
2026-08-31,476.17,2,Business,US East
2026-08-31,76.61,1,Team,US West
2026-08-31,36.59,2,Starter,US East
2026-08-31,75.23,1,Team,US West
2026-08-31,17.96,1,Starter,Europe
2026-08-31,37.77,2,Starter,APAC
2026-08-31,35.53,2,Starter,US East
2026-08-31,20.74,1,Starter,US West
2026-08-31,80.59,1,Team,US East
2026-08-31,248.63,1,Business,US East
2026-08-31,19.65,1,Starter,US West
2026-08-31,33.77,2,Starter,US East
2026-08-31,19.01,1,Starter,US East
2026-08-31,18.96,1,Starter,Europe
2026-08-31,19.89,1,Starter,Europe
2026-08-31,76.38,1,Team,US West
2026-08-31,17.19,1,Starter,US East
2026-08-31,75.08,1,Team,US East
2026-08-31,79.32,1,Team,US West
2026-08-31,18.82,1,Starter,US East
2026-08-31,240.09,1,Business,US West
2026-08-31,78.89,1,Team,Europe
2026-08-31,232.3,1,Business,APAC
2026-08-31,252.01,1,Business,US East
2026-08-31,34.88,2,Starter,US West
2026-08-31,36.87,2,Starter,US East
2026-08-31,845.29,1,Enterprise,US West
2026-08-31,80.42,1,Team,Europe
2026-08-31,75.81,1,Team,Europe
2026-08-31,232.63,3,Team,US West
2026-08-31,520.61,2,Business,US West
2026-08-31,20.55,1,Starter,US West
2026-08-31,76.77,1,Team,US East
2026-08-31,78.96,1,Team,US West
2026-08-31,19.33,1,Starter,Europe
2026-08-31,76.92,1,Team,Europe
2026-08-31,255.07,1,Business,US East
2026-08-31,38.33,2,Starter,US West
2026-08-31,857.29,1,Enterprise,Europe
2026-08-31,78.8,1,Team,Europe
2026-08-31,155.12,2,Team,APAC
2026-08-31,148.93,2,Team,US East
2026-08-31,73.95,1,Team,US West
2026-08-31,40.13,2,Starter,US East
2026-08-31,505.13,2,Business,US East
2026-08-31,75.09,1,Team,Europe
2026-08-31,39.6,2,Starter,US West
2026-08-31,457.73,2,Business,US East
2026-08-31,243.2,1,Business,US West
2026-08-31,76.39,1,Team,APAC
2026-08-31,78.72,1,Team,Europe
2026-08-31,19.41,1,Starter,APAC
2026-08-31,730.83,3,Business,US West
2026-08-31,82.54,1,Team,APAC
2026-08-31,35.34,2,Starter,US West
2026-08-31,235.43,1,Business,US West
2026-08-31,84.87,1,Team,US West
